Layer	Row	Module	Channel	Pedestal
         0         0         0         0   121.894   2.55018
         0         0         0         1   161.269    2.3804
         0         0         0         2   124.297   2.45697
         0         0         0         3   161.052   2.60497
         0         0         0         4   150.936   2.63598
         0         0         0         5   170.332   2.63529
         0         0         0         6   119.599   2.61471
         0         0         0         7   106.842   2.44411
         0         0         0         8   118.803   2.56684
         0         0         0         9   131.085   2.57301
         0         0         0        10   136.434   2.51634
         0         0         0        11   170.115    2.4649
         0         0         0        12   116.369   2.49749
         0         0         0        13    144.67   2.68814
         0         0         0        14   117.234   2.86737
         0         0         0        15   152.945   3.64152
         0         0         0        16   136.954   3.49321
         0         0         0        17   113.832   2.80603
         0         0         0        18   144.924   2.62928
         0         0         0        19   139.794   2.56718
         0         0         0        20   139.389   2.79564
         0         0         0        21   152.988   2.95291
         0         0         0        22   141.223   2.84833
         0         0         0        23   156.848   3.19481
         0         0         0        24   142.843   3.88623
         0         0         0        25   180.681   4.36616
         0         0         0        26   140.412   4.01489
         0         0         0        27   1082.55   5.05848
         0         0         0        28   134.048   2.40541
         0         0         0        29   153.966   2.62202
         0         0         0        30   97.6368   2.35222
         0         0         0        31   198.441   2.49046
         0         0         1         0   107.005   2.53575
         0         0         1         1   84.6776   2.23401
         0         0         1         2   92.4931   2.36072
         0         0         1         3   110.559   2.56953
         0         0         1         4   97.4209   2.52078
         0         0         1         5   152.807   2.82837
         0         0         1         6   124.667   2.80175
         0         0         1         7   108.356   2.49744
         0         0         1         8   124.512   2.53737
         0         0         1         9   87.9398   2.24833
         0         0         1        10   147.908   2.48109
         0         0         1        11   102.577   2.46392
         0         0         1        12   93.9504   2.44522
         0         0         1        13   106.076    2.6422
         0         0         1        14   154.728   2.71401
         0         0         1        15   72.3891   2.72641
         0         0         1        16   126.243   2.68886
         0         0         1        17   78.6917   2.19038
         0         0         1        18    73.147   2.00676
         0         0         1        19   85.2676    2.0247
         0         0         1        20   126.948   2.53497
         0         0         1        21   107.755    2.4166
         0         0         1        22   77.2002   2.36248
         0         0         1        23   91.4688   2.40743
         0         0         1        24   136.654   3.07849
         0         0         1        25   102.406   2.31781
         0         0         1        26    86.231   2.24553
         0         0         1        27    139.88   2.57316
         0         0         1        28   145.804   2.39623
         0         0         1        29   135.112   2.33135
         0         0         1        30   86.7084   2.27349
         0         0         1        31   99.2867   2.40006
         0         0         2         0   121.508   2.44599
         0         0         2         1   146.463   2.39485
         0         0         2         2   114.476     2.569
         0         0         2         3   95.5856   2.68586
         0         0         2         4   119.411   2.55083
         0         0         2         5   85.0085   2.54073
         0         0         2         6   107.528   2.67817
         0         0         2         7   105.689   2.79978
         0         0         2         8   99.2795   2.50062
         0         0         2         9   86.7464   2.33596
         0         0         2        10   92.9509   2.52573
         0         0         2        11   89.5479   2.35399
         0         0         2        12   105.476   2.35033
         0         0         2        13   131.635   2.67574
         0         0         2        14   116.602   2.84347
         0         0         2        15   94.1798   2.91738
         0         0         2        16    116.11   2.48051
         0         0         2        17   114.524   2.32223
         0         0         2        18   95.9809   2.31379
         0         0         2        19   135.891   2.45641
         0         0         2        20   113.315   2.48915
         0         0         2        21   103.329    2.4857
         0         0         2        22   105.683   2.39348
         0         0         2        23   111.324   2.31601
         0         0         2        24   118.216   2.54982
         0         0         2        25   111.618   2.57826
         0         0         2        26   130.971   2.62068
         0         0         2        27   111.004   2.51975
         0         0         2        28   133.454   2.46363
         0         0         2        29   103.413   2.41566
         0         0         2        30   127.234   2.43735
         0         0         2        31   118.444     2.485
         0         0         3         0    121.46   2.86811
         0         0         3         1   174.752   3.03722
         0         0         3         2   118.568   2.70279
         0         0         3         3   135.655   2.71579
         0         0         3         4   125.053   2.93691
         0         0         3         5   126.862   3.05032
         0         0         3         6    134.87   2.78798
         0         0         3         7   115.772   2.66007
         0         0         3         8   149.002   2.51662
         0         0         3         9   145.236   2.82461
         0         0         3        10   131.053   4.05772
         0         0         3        11   150.175   3.71721
         0         0         3        12   116.049   3.39565
         0         0         3        13   122.103   3.59046
         0         0         3        14   111.304   2.90205
         0         0         3        15   169.589   3.64039
         0         0         3        16   170.301   2.62382
         0         0         3        17   147.766   2.30663
         0         0         3        18   115.246   2.42629
         0         0         3        19    139.67   2.29667
         0         0         3        20   165.258   2.31935
         0         0         3        21   144.621   2.78133
         0         0         3        22   146.161   2.30741
         0         0         3        23   129.867   2.33941
         0         0         3        24   144.804   2.25154
         0         0         3        25   155.145   2.73578
         0         0         3        26   145.942   2.47036
         0         0         3        27   181.044   2.34499
         0         0         3        28   145.874    2.2911
         0         0         3        29   199.515   2.36893
         0         0         3        30   188.786   2.38696
         0         0         3        31    128.03   2.32316
         0         0         4         0   111.113   2.64743
         0         0         4         1   126.331   2.71033
         0         0         4         2   132.211   2.86669
         0         0         4         3   124.441   2.73586
         0         0         4         4   153.214   2.88876
         0         0         4         5   91.0689   2.83016
         0         0         4         6   123.729   2.67178
         0         0         4         7    82.281   2.59049
         0         0         4         8    103.75   2.74546
         0         0         4         9   115.289   2.47126
         0         0         4        10   146.404   2.51677
         0         0         4        11    126.95   2.93998
         0         0         4        12   101.185    2.6035
         0         0         4        13    127.35   2.70852
         0         0         4        14   110.175   2.93868
         0         0         4        15   135.767   3.11335
         0         0         4        16   126.706   2.73023
         0         0         4        17   142.157   2.49344
         0         0         4        18   95.7075   3.02762
         0         0         4        19   133.093   2.40971
         0         0         4        20   122.545   2.70136
         0         0         4        21    99.383    2.4582
         0         0         4        22   145.479    2.5471
         0         0         4        23    151.33   2.48231
         0         0         4        24   124.393    2.4835
         0         0         4        25    116.47   2.72034
         0         0         4        26   112.571   2.65664
         0         0         4        27   146.546   2.60248
         0         0         4        28   106.605   3.04154
         0         0         4        29   160.775   2.51045
         0         0         4        30   131.099   2.73833
         0         0         4        31    83.625   2.30597
         0         0         5         0   119.358   2.79018
         0         0         5         1   144.558   2.96919
         0         0         5         2   106.394   2.99191
         0         0         5         3   153.318   3.37343
         0         0         5         4   117.776   3.55546
         0         0         5         5   138.137   3.20511
         0         0         5         6   164.302   3.25329
         0         0         5         7   111.507   3.61192
         0         0         5         8   114.118   3.00172
         0         0         5         9   171.825   3.06947
         0         0         5        10   166.866   2.77664
         0         0         5        11   150.326   2.63097
         0         0         5        12   163.849   3.01396
         0         0         5        13   122.543   3.67871
         0         0         5        14    137.18    3.3557
         0         0         5        15   126.119   3.54988
         0         0         5        16   139.149   1.48079
         0         0         5        17   103.169   2.78221
         0         0         5        18   98.8592   3.12428
         0         0         5        19   143.752   3.48252
         0         0         5        20   122.533   4.01762
         0         0         5        21   135.936   3.15174
         0         0         5        22   128.539   2.65094
         0         0         5        23   110.812   3.00348
         0         0         5        24   137.099   3.28824
         0         0         5        25   127.185   2.85708
         0         0         5        26   117.276   3.01818
         0         0         5        27   133.641   2.86021
         0         0         5        28   130.152   3.10645
         0         0         5        29   186.772   2.84185
         0         0         5        30   138.086   2.63021
         0         0         5        31   89.1961   2.67537
         0         1         0         0   163.865   2.66205
         0         1         0         1   116.026   2.38287
         0         1         0         2   108.035   2.51392
         0         1         0         3   121.542   2.76338
         0         1         0         4   116.293   2.67464
         0         1         0         5   105.945    2.5676
         0         1         0         6   129.248    2.8996
         0         1         0         7   135.689   2.64529
         0         1         0         8   103.538   2.53061
         0         1         0         9   114.469   2.59426
         0         1         0        10     117.5   2.56203
         0         1         0        11   120.305   2.53733
         0         1         0        12   78.3483    2.2969
         0         1         0        13   129.366   2.88558
         0         1         0        14   116.777   2.92856
         0         1         0        15   74.8792   2.90001
         0         1         0        16   131.508   2.87794
         0         1         0        17   109.383   2.53196
         0         1         0        18    110.78   2.74154
         0         1         0        19   124.184   2.65786
         0         1         0        20   80.8957   2.28695
         0         1         0        21   61.9267   2.56477
         0         1         0        22   123.995   2.84504
         0         1         0        23   131.194   2.84083
         0         1         0        24   146.611   2.52186
         0         1         0        25   79.0487    2.2421
         0         1         0        26   102.991   2.46563
         0         1         0        27   107.527   2.36633
         0         1         0        28   124.706   2.73276
         0         1         0        29    144.94   2.32765
         0         1         0        30   89.5801   2.24239
         0         1         0        31    80.615   2.25565
         0         1         1         0   138.795   2.35447
         0         1         1         1   152.935   2.34093
         0         1         1         2   97.3404   2.44644
         0         1         1         3   124.571   2.97444
         0         1         1         4   138.462   2.20844
         0         1         1         5   145.978   2.45185
         0         1         1         6   116.403   2.53019
         0         1         1         7   122.224   2.93494
         0         1         1         8   133.569   2.37425
         0         1         1         9   137.039   2.26957
         0         1         1        10   128.754    2.6566
         0         1         1        11   135.628   2.29888
         0         1         1        12   128.022   2.80801
         0         1         1        13   106.198   2.60056
         0         1         1        14   99.5808    2.6328
         0         1         1        15   130.424   3.18782
         0         1         1        16    120.71   2.62975
         0         1         1        17    143.37   2.36384
         0         1         1        18   157.719   2.18564
         0         1         1        19   115.547   2.49707
         0         1         1        20   118.568   2.38084
         0         1         1        21   122.716    2.5216
         0         1         1        22   104.177   2.38577
         0         1         1        23   161.112   2.40989
         0         1         1        24   135.539   2.31545
         0         1         1        25   154.506    2.2699
         0         1         1        26   179.914   2.30824
         0         1         1        27   130.157   2.37957
         0         1         1        28   109.402    2.3509
         0         1         1        29   171.568   2.25168
         0         1         1        30   159.936   2.30792
         0         1         1        31   157.179   2.40817
         0         1         2         0   142.713   2.35594
         0         1         2         1   161.087   2.39324
         0         1         2         2   118.803   2.33604
         0         1         2         3   142.275   2.54924
         0         1         2         4     141.4   2.54143
         0         1         2         5   165.976   2.85409
         0         1         2         6   129.687   4.04228
         0         1         2         7   148.292   2.98474
         0         1         2         8   164.427   2.48394
         0         1         2         9   128.274     2.611
         0         1         2        10   105.378    2.3196
         0         1         2        11   125.842   2.76732
         0         1         2        12   170.781    2.4871
         0         1         2        13   129.376   2.60941
         0         1         2        14   117.227    2.8393
         0         1         2        15   145.384   2.96977
         0         1         2        16   133.562   2.30696
         0         1         2        17   136.941   2.16694
         0         1         2        18    172.87   2.30587
         0         1         2        19   152.839   2.33412
         0         1         2        20   136.095   2.34473
         0         1         2        21   109.752   2.20247
         0         1         2        22   129.078   2.51047
         0         1         2        23   147.138   2.41756
         0         1         2        24   134.776   2.37053
         0         1         2        25   140.581   2.20978
         0         1         2        26   139.473   2.17399
         0         1         2        27   117.789   2.34552
         0         1         2        28   182.436   2.32307
         0         1         2        29   157.726   2.32554
         0         1         2        30   137.499   2.30492
         0         1         2        31   144.074   2.19147
         0         1         3         0   106.192   2.35683
         0         1         3         1   94.1154   2.59575
         0         1         3         2   100.304   2.87063
         0         1         3         3    109.49   2.62469
         0         1         3         4   97.2674   2.64825
         0         1         3         5   98.2957   2.49015
         0         1         3         6   111.053   2.71735
         0         1         3         7   107.512   2.66417
         0         1         3         8   112.244   2.95951
         0         1         3         9   178.183   2.61561
         0         1         3        10   122.046   2.71535
         0         1         3        11   93.2354   2.60618
         0         1         3        12   111.612    2.6691
         0         1         3        13   91.9529   2.65049
         0         1         3        14   102.681   2.92375
         0         1         3        15   89.0543   3.05191
         0         1         3        16   123.149   3.20011
         0         1         3        17   114.291   2.51752
         0         1         3        18   78.5335   2.05761
         0         1         3        19   158.683   3.04822
         0         1         3        20   88.1729   2.71655
         0         1         3        21   142.443   2.72076
         0         1         3        22    91.092   2.92243
         0         1         3        23   143.871   2.74898
         0         1         3        24   124.057   2.44458
         0         1         3        25   142.333   2.58035
         0         1         3        26   151.398   3.00539
         0         1         3        27   100.156   5.37238
         0         1         3        28   65.3367   5.99623
         0         1         3        29    64.195   3.36082
         0         1         3        30   105.478   2.21344
         0         1         3        31   112.547   2.43013
         0         1         4         0   93.0245   2.44086
         0         1         4         1   110.384   2.80184
         0         1         4         2   117.618   2.75109
         0         1         4         3   53.5124   2.34892
         0         1         4         4   104.392   2.80585
         0         1         4         5   130.212    2.9511
         0         1         4         6   99.0026   2.73721
         0         1         4         7   90.9906   2.76789
         0         1         4         8   111.866   2.69799
         0         1         4         9   110.595   2.68088
         0         1         4        10   100.872    2.5277
         0         1         4        11   86.1518    2.3752
         0         1         4        12   84.7144   2.36966
         0         1         4        13   69.3851   2.59341
         0         1         4        14   72.1113   2.78837
         0         1         4        15   106.877   3.24158
         0         1         4        16   99.8294   2.32908
         0         1         4        17   157.031   2.83757
         0         1         4        18   103.183   2.33404
         0         1         4        19     86.57   2.23222
         0         1         4        20    131.48   2.52082
         0         1         4        21   132.358   3.28957
         0         1         4        22   148.321   2.52061
         0         1         4        23   111.246   2.69639
         0         1         4        24   68.9343   2.82596
         0         1         4        25   95.6714   2.60482
         0         1         4        26   133.947   2.44647
         0         1         4        27    144.85   2.48012
         0         1         4        28   112.224   2.67239
         0         1         4        29   80.5855   2.70462
         0         1         4        30   121.022     2.558
         0         1         4        31   122.237   2.53286
         0         1         5         0   161.492   1.25426
         0         1         5         1   169.078   2.89298
         0         1         5         2   129.191   2.96626
         0         1         5         3   110.055   2.85802
         0         1         5         4   151.563   2.84612
         0         1         5         5   133.626   2.90703
         0         1         5         6   131.884   2.97818
         0         1         5         7   126.563   3.08226
         0         1         5         8   141.059    2.7846
         0         1         5         9    122.93   2.80845
         0         1         5        10   168.766   2.82806
         0         1         5        11   143.364   2.82234
         0         1         5        12   100.322   3.40199
         0         1         5        13   158.276   2.87857
         0         1         5        14   153.027    2.7071
         0         1         5        15   132.586   3.10935
         0         1         5        16   148.133   2.43685
         0         1         5        17   92.6609   2.40822
         0         1         5        18   140.536   2.53404
         0         1         5        19   143.541   2.48929
         0         1         5        20   137.893   2.70807
         0         1         5        21   108.357   3.14804
         0         1         5        22   131.225   2.92113
         0         1         5        23   181.937   2.84252
         0         1         5        24   160.364   2.93437
         0         1         5        25   152.652    2.8865
         0         1         5        26   87.1135   2.65912
         0         1         5        27   128.754   2.82063
         0         1         5        28   105.251   2.73077
         0         1         5        29   141.952   2.90635
         0         1         5        30   141.684   2.82872
         0         1         5        31   163.541   2.67061
         0         3         0         0   128.824   3.00567
         0         3         0         1   128.484    3.7311
         0         3         0         2   145.442   3.95365
         0         3         0         3   117.413   4.21364
         0         3         0         4   125.835    4.2806
         0         3         0         5   118.247   4.20693
         0         3         0         6    163.31   4.19043
         0         3         0         7   123.331   4.22055
         0         3         0         8   126.032   3.77497
         0         3         0         9   109.257   3.67085
         0         3         0        10   115.063   3.48162
         0         3         0        11   98.6242   3.09121
         0         3         0        12   111.074   3.53286
         0         3         0        13   139.635   5.33091
         0         3         0        14   142.755    5.1141
         0         3         0        15   158.142   6.42983
         0         3         0        16   93.2179   2.91754
         0         3         0        17   140.754   2.66651
         0         3         0        18   110.658   2.44449
         0         3         0        19   116.358   2.70407
         0         3         0        20   72.6219   2.24971
         0         3         0        21   106.351    2.7527
         0         3         0        22    105.38   2.74066
         0         3         0        23   127.525   2.98367
         0         3         0        24   135.242   2.39075
         0         3         0        25    191.57   2.85759
         0         3         0        26    122.45   2.78997
         0         3         0        27   109.309   2.76515
         0         3         0        28    122.64   2.63836
         0         3         0        29   125.214   2.81559
         0         3         0        30   157.573   2.77965
         0         3         0        31   143.536   2.53623
         0         3         1         0   129.899   2.76599
         0         3         1         1   84.7829   2.45804
         0         3         1         2   97.8392   2.87623
         0         3         1         3   164.535   3.23058
         0         3         1         4   111.585   3.25666
         0         3         1         5   133.498    3.0769
         0         3         1         6   100.051   2.94895
         0         3         1         7   135.422   3.17712
         0         3         1         8    125.48   2.95816
         0         3         1         9   61.6764   2.43398
         0         3         1        10    124.94   2.80846
         0         3         1        11   103.601   2.58982
         0         3         1        12    88.906   2.71106
         0         3         1        13    135.27    3.5799
         0         3         1        14   119.475   3.71995
         0         3         1        15   82.3661   4.38091
         0         3         1        16   90.7586   2.36108
         0         3         1        17   99.6658   2.34958
         0         3         1        18   108.184   2.26884
         0         3         1        19   95.8691   2.34756
         0         3         1        20   109.215   2.48922
         0         3         1        21    84.305   2.12017
         0         3         1        22   109.337   2.44386
         0         3         1        23   123.742   2.57263
         0         3         1        24   103.276   2.41597
         0         3         1        25   113.647   2.45015
         0         3         1        26   64.1278   2.01368
         0         3         1        27   121.228   2.44832
         0         3         1        28    103.57   2.24221
         0         3         1        29   65.3238   1.95664
         0         3         1        30    117.31   2.45401
         0         3         1        31    143.87   2.46642
         0         3         2         0   135.155   2.29371
         0         3         2         1   115.523   2.50533
         0         3         2         2   136.223   2.65234
         0         3         2         3    161.85   2.91089
         0         3         2         4   112.979   2.94094
         0         3         2         5   100.496   2.64167
         0         3         2         6   106.868   2.72909
         0         3         2         7   135.515   3.11959
         0         3         2         8    97.453   2.42463
         0         3         2         9   147.928   2.59778
         0         3         2        10   113.169   2.86465
         0         3         2        11   132.734   2.60069
         0         3         2        12   108.683   2.75056
         0         3         2        13   117.626   3.00552
         0         3         2        14   101.534   3.13022
         0         3         2        15   113.464    4.3314
         0         3         2        16    146.66   2.36768
         0         3         2        17   114.908    2.3726
         0         3         2        18   143.544    2.2992
         0         3         2        19   85.4192   2.06673
         0         3         2        20   171.162   2.45484
         0         3         2        21   147.661    2.1612
         0         3         2        22    94.404   2.31577
         0         3         2        23   135.707   2.34599
         0         3         2        24   144.803   2.52404
         0         3         2        25   108.779    2.2633
         0         3         2        26   126.457   2.51418
         0         3         2        27   156.809   2.46231
         0         3         2        28   91.8025   2.27677
         0         3         2        29    109.08   2.30505
         0         3         2        30   131.288   2.39212
         0         3         2        31   95.8054   2.26042
         0         3         3         0   122.249   2.56781
         0         3         3         1   142.048   2.56577
         0         3         3         2   121.846   2.86017
         0         3         3         3   171.094   2.99258
         0         3         3         4   136.048   3.01749
         0         3         3         5   115.424   3.04385
         0         3         3         6   164.814   2.90649
         0         3         3         7   124.945   3.16851
         0         3         3         8    146.83   2.97008
         0         3         3         9   109.999   3.19938
         0         3         3        10    153.43   3.13163
         0         3         3        11   183.203   3.12503
         0         3         3        12   124.384   3.17603
         0         3         3        13   93.9682    3.4993
         0         3         3        14   107.803   3.73371
         0         3         3        15   125.141   4.97533
         0         3         3        16   137.695    2.4114
         0         3         3        17    136.71   2.53041
         0         3         3        18   102.108   2.40407
         0         3         3        19   97.8341   2.65867
         0         3         3        20   127.553   2.57537
         0         3         3        21   162.453   2.79683
         0         3         3        22   132.842   2.68725
         0         3         3        23   143.475    2.6917
         0         3         3        24   169.363   2.58997
         0         3         3        25    179.87   2.98097
         0         3         3        26   149.696   2.63383
         0         3         3        27   222.032   2.70496
         0         3         3        28   202.796   2.57658
         0         3         3        29   114.898   2.53786
         0         3         3        30   186.143   2.75409
         0         3         3        31   151.957   2.55284
         0         3         4         0   80.4683   2.23331
         0         3         4         1   99.2002    2.3951
         0         3         4         2   85.9224   2.48756
         0         3         4         3   135.288   2.60771
         0         3         4         4   105.995   2.68707
         0         3         4         5   112.994   2.83651
         0         3         4         6   122.445   2.68056
         0         3         4         7   103.212   2.56939
         0         3         4         8   124.896   2.74953
         0         3         4         9   110.874   2.64765
         0         3         4        10   122.341   3.08397
         0         3         4        11   154.007   2.53232
         0         3         4        12   108.131   2.85193
         0         3         4        13     86.83   2.77885
         0         3         4        14   104.125   2.97053
         0         3         4        15   110.634   3.44239
         0         3         4        16   101.719   2.28781
         0         3         4        17   106.648   2.28679
         0         3         4        18   64.2911   2.00806
         0         3         4        19   94.8607   2.27685
         0         3         4        20   109.536   2.17468
         0         3         4        21   112.002   2.24275
         0         3         4        22   89.6729   2.18175
         0         3         4        23   113.352   2.31647
         0         3         4        24   109.459   2.39981
         0         3         4        25   91.8699   2.44836
         0         3         4        26     71.99   2.03224
         0         3         4        27   103.137   2.15319
         0         3         4        28   122.067   2.58782
         0         3         4        29   128.497   2.49534
         0         3         4        30   140.306   2.52241
         0         3         4        31   150.276   2.24142
         0         3         5         0   110.841   2.36014
         0         3         5         1   119.722   2.51827
         0         3         5         2   110.942    2.7107
         0         3         5         3   131.315   2.59332
         0         3         5         4   129.719    2.9378
         0         3         5         5   104.203   2.72241
         0         3         5         6   61.4836   2.33805
         0         3         5         7   144.101   3.07432
         0         3         5         8   119.941   2.68691
         0         3         5         9   98.5473   2.40507
         0         3         5        10   115.375   2.55568
         0         3         5        11   104.578   2.43713
         0         3         5        12   129.725   2.59181
         0         3         5        13   98.2688   2.75243
         0         3         5        14    100.32   2.76367
         0         3         5        15   119.422   3.56695
         0         3         5        16   145.935   2.35232
         0         3         5        17   138.043   2.12538
         0         3         5        18   155.797   2.57681
         0         3         5        19   139.181   2.22701
         0         3         5        20   86.9663   2.17518
         0         3         5        21   131.323    2.4534
         0         3         5        22   59.6349   2.04056
         0         3         5        23   67.4945   1.97525
         0         3         5        24   111.884   2.36174
         0         3         5        25   99.2705   2.26615
         0         3         5        26   145.058   2.30621
         0         3         5        27   143.952   2.31772
         0         3         5        28   95.5575   2.23365
         0         3         5        29   148.527   2.27967
         0         3         5        30   102.018   2.30355
         0         3         5        31   150.569   2.34774
         0         4         0         0   100.127   2.50444
         0         4         0         1   144.967   2.51808
         0         4         0         2   88.0984   2.76513
         0         4         0         3   146.182   2.82462
         0         4         0         4   131.265   3.18444
         0         4         0         5   107.295   3.11067
         0         4         0         6   147.803   2.85229
         0         4         0         7   135.993   2.74482
         0         4         0         8   123.648  0.979921
         0         4         0         9   110.174   2.97729
         0         4         0        10   118.093   2.91216
         0         4         0        11   139.066   2.84945
         0         4         0        12   138.746    2.6267
         0         4         0        13   89.5891   2.96603
         0         4         0        14   97.3151   3.00145
         0         4         0        15   162.774   3.61652
         0         4         0        16   169.185    3.7612
         0         4         0        17   152.757   3.01412
         0         4         0        18   128.285   2.63754
         0         4         0        19   135.445   2.47055
         0         4         0        20    155.82   2.62976
         0         4         0        21   86.2699   2.40953
         0         4         0        22   104.062   2.86053
         0         4         0        23   148.966   3.02473
         0         4         0        24   164.529    2.6125
         0         4         0        25   111.584   2.59403
         0         4         0        26   119.021   2.62423
         0         4         0        27   140.542   2.55203
         0         4         0        28    119.75   2.69197
         0         4         0        29   158.748   2.59389
         0         4         0        30   158.018   2.68777
         0         4         0        31   125.141   2.63063
         0         4         1         0   62.8725   2.50097
         0         4         1         1   62.9756    2.4081
         0         4         1         2   154.163   2.78166
         0         4         1         3   108.123   2.79564
         0         4         1         4   108.975   3.01291
         0         4         1         5   133.084   2.94446
         0         4         1         6   157.339    2.8919
         0         4         1         7   80.2089   2.67466
         0         4         1         8   119.279   2.58447
         0         4         1         9    97.501   2.52804
         0         4         1        10   138.077   2.67817
         0         4         1        11   68.3504   2.43932
         0         4         1        12   100.293   2.68417
         0         4         1        13   107.786    2.9368
         0         4         1        14   99.2868   2.78707
         0         4         1        15   106.035   3.24472
         0         4         1        16   83.1599   2.84231
         0         4         1        17   82.2349   2.38592
         0         4         1        18    142.25   2.58041
         0         4         1        19   137.341   2.53335
         0         4         1        20   117.415   2.48644
         0         4         1        21   122.918   2.66932
         0         4         1        22   94.5519   2.68758
         0         4         1        23   54.4836   2.19654
         0         4         1        24   117.867   2.56602
         0         4         1        25   80.0549   2.54066
         0         4         1        26   141.782   2.60628
         0         4         1        27   93.7558   2.72813
         0         4         1        28   110.396   2.74427
         0         4         1        29   113.026   2.63791
         0         4         1        30   82.9937   2.32034
         0         4         1        31   135.689    2.5947
         0         4         2         0   124.397   2.73397
         0         4         2         1   176.049   2.59637
         0         4         2         2   162.196   2.60363
         0         4         2         3   110.396   2.67508
         0         4         2         4   137.209    2.5802
         0         4         2         5   96.1681   2.54179
         0         4         2         6   132.224    2.7269
         0         4         2         7   150.998   2.80441
         0         4         2         8   95.7237   2.40158
         0         4         2         9   137.639   2.51632
         0         4         2        10   109.548   2.71573
         0         4         2        11   93.0932   2.46366
         0         4         2        12   146.298   2.49656
         0         4         2        13   113.862   2.84439
         0         4         2        14   102.194   2.72102
         0         4         2        15   130.281   3.09207
         0         4         2        16   150.764   2.70844
         0         4         2        17   124.229   2.75846
         0         4         2        18   90.6398    2.1962
         0         4         2        19   156.414   2.44774
         0         4         2        20    146.37   2.42351
         0         4         2        21   188.291   2.50687
         0         4         2        22   139.066   2.36509
         0         4         2        23   143.226   2.54095
         0         4         2        24   163.083   2.80333
         0         4         2        25   120.755   2.79513
         0         4         2        26   136.732    2.3849
         0         4         2        27   189.612    2.4448
         0         4         2        28   137.561   2.33896
         0         4         2        29   191.146   2.62967
         0         4         2        30   124.055   2.67503
         0         4         2        31    174.17   2.50163
         0         4         3         0   88.7517   2.35386
         0         4         3         1   147.397   2.22419
         0         4         3         2   96.6948   2.47728
         0         4         3         3    115.86   2.58936
         0         4         3         4   107.399   2.64727
         0         4         3         5   102.805   2.62147
         0         4         3         6   94.3278   2.46596
         0         4         3         7   76.7612   2.12576
         0         4         3         8   87.6141   2.22526
         0         4         3         9    110.39   2.48296
         0         4         3        10   140.379   2.48639
         0         4         3        11   92.4929   2.29071
         0         4         3        12   113.036   2.50226
         0         4         3        13   125.939   2.91122
         0         4         3        14   109.424   2.78877
         0         4         3        15   109.999   3.02081
         0         4         3        16   56.8853   1.84258
         0         4         3        17   122.319   2.51182
         0         4         3        18   120.724   2.40532
         0         4         3        19   116.007   2.52893
         0         4         3        20   100.863   2.33633
         0         4         3        21    138.69   3.25148
         0         4         3        22   94.0963   2.78155
         0         4         3        23   113.607   2.43803
         0         4         3        24   93.9994   2.35181
         0         4         3        25   68.1819   2.11126
         0         4         3        26   112.114   3.15279
         0         4         3        27   139.748   2.41891
         0         4         3        28   124.535   2.87597
         0         4         3        29   149.756   2.41707
         0         4         3        30   132.438   2.54054
         0         4         3        31   102.788   2.35981
         0         4         4         0   108.312   2.53643
         0         4         4         1   111.526   2.77478
         0         4         4         2   149.524   2.81409
         0         4         4         3   134.426   2.58008
         0         4         4         4   155.692   2.78714
         0         4         4         5    122.38    2.8277
         0         4         4         6   123.424   3.05333
         0         4         4         7   128.592   2.79195
         0         4         4         8   117.243   2.46505
         0         4         4         9   87.1028   2.35074
         0         4         4        10   126.689   2.60952
         0         4         4        11    107.53   2.33122
         0         4         4        12   99.0411   2.47154
         0         4         4        13   156.593   2.86801
         0         4         4        14   153.561   2.74949
         0         4         4        15   95.0761   2.88683
         0         4         4        16   138.544   2.32448
         0         4         4        17   112.716   2.35871
         0         4         4        18   103.452   2.43342
         0         4         4        19   108.986   2.40027
         0         4         4        20   110.482   2.45545
         0         4         4        21   132.029    2.3918
         0         4         4        22   119.457   2.56986
         0         4         4        23   134.006   2.44258
         0         4         4        24   136.306   2.42991
         0         4         4        25   95.8534    2.4626
         0         4         4        26   97.6747   2.43867
         0         4         4        27   110.295   2.49495
         0         4         4        28    87.513   2.22377
         0         4         4        29   147.908   2.32564
         0         4         4        30   126.817   2.58537
         0         4         4        31   154.252   2.48732
         0         4         5         0   154.591   2.73225
         0         4         5         1   148.082   2.60702
         0         4         5         2   166.229   2.91421
         0         4         5         3   112.283   2.75191
         0         4         5         4    163.82   2.84911
         0         4         5         5   133.762   2.80693
         0         4         5         6    119.27       2.9
         0         4         5         7   160.411   2.96113
         0         4         5         8   119.877   2.66407
         0         4         5         9   138.978    2.6605
         0         4         5        10   131.486   2.73451
         0         4         5        11   142.054   2.73959
         0         4         5        12   128.091   3.01089
         0         4         5        13   139.048   2.96739
         0         4         5        14   149.609   3.01484
         0         4         5        15   141.295    3.1914
         0         4         5        16   156.312   2.51417
         0         4         5        17   140.992   2.65482
         0         4         5        18     118.2   2.58622
         0         4         5        19   154.738   2.41747
         0         4         5        20    154.47   2.43395
         0         4         5        21   167.626   2.63375
         0         4         5        22   134.389   2.40746
         0         4         5        23   144.121   2.60334
         0         4         5        24   158.295    2.8182
         0         4         5        25    125.27   2.80573
         0         4         5        26    105.91   2.58656
         0         4         5        27   138.616   2.67558
         0         4         5        28   95.8483   2.73541
         0         4         5        29   106.965   2.53197
         0         4         5        30   151.872   2.64963
         0         4         5        31   119.547   2.65928
         0         5         0         0   109.961   3.10996
         0         5         0         1   130.688   3.03314
         0         5         0         2   115.377   3.13392
         0         5         0         3   119.218   3.27885
         0         5         0         4   116.831   3.25229
         0         5         0         5   115.406   3.14494
         0         5         0         6   101.432    3.2043
         0         5         0         7   143.078   3.19749
         0         5         0         8   133.043   3.00355
         0         5         0         9   149.526   3.04672
         0         5         0        10   135.502   3.10966
         0         5         0        11   168.223   3.17542
         0         5         0        12   85.5296   2.83317
         0         5         0        13   126.949   3.18984
         0         5         0        14   90.4906   2.89667
         0         5         0        15    91.216   3.30637
         0         5         0        16     106.5     3.545
         0         5         0        17    123.95   3.01183
         0         5         0        18   126.965   2.78929
         0         5         0        19   136.804   2.64679
         0         5         0        20   84.5113   2.25676
         0         5         0        21   164.457   2.89127
         0         5         0        22   102.589   3.07149
         0         5         0        23   137.661   3.21442
         0         5         0        24   122.381   3.00334
         0         5         0        25   126.354   2.99878
         0         5         0        26   106.483   2.99376
         0         5         0        27   125.692   3.20351
         0         5         0        28   119.994   3.06886
         0         5         0        29   118.565   2.85531
         0         5         0        30   94.0035    2.7074
         0         5         0        31   124.241   2.79956
         0         5         1         0   134.612   2.52265
         0         5         1         1   137.124   2.65827
         0         5         1         2   142.386   2.73282
         0         5         1         3   145.667   2.74329
         0         5         1         4   142.593     2.876
         0         5         1         5   154.075   2.89072
         0         5         1         6   164.856   2.69875
         0         5         1         7   121.904   2.69833
         0         5         1         8   118.782    2.5732
         0         5         1         9   109.659   2.69117
         0         5         1        10   107.039   2.48833
         0         5         1        11   125.803   3.09694
         0         5         1        12   123.527   2.99637
         0         5         1        13   133.643   2.78061
         0         5         1        14   92.9069   2.87086
         0         5         1        15   158.092   3.01247
         0         5         1        16   173.353   2.58253
         0         5         1        17    135.77   2.32329
         0         5         1        18   137.204   2.42234
         0         5         1        19   130.339   2.66978
         0         5         1        20   142.734   2.65116
         0         5         1        21   122.925    2.8814
         0         5         1        22   133.019   2.50997
         0         5         1        23   136.054   2.45149
         0         5         1        24   142.671   2.53379
         0         5         1        25   122.066   2.65911
         0         5         1        26   105.285   2.65058
         0         5         1        27   148.199   2.44051
         0         5         1        28   130.698   2.61043
         0         5         1        29    106.28   2.50518
         0         5         1        30   139.467   2.54954
         0         5         1        31   122.093   2.72597
         0         5         2         0   89.4708   2.11235
         0         5         2         1    99.773   2.33354
         0         5         2         2   119.467   2.76184
         0         5         2         3   128.757    2.7757
         0         5         2         4     109.3   2.56854
         0         5         2         5   102.033   2.76601
         0         5         2         6   92.8052   2.61601
         0         5         2         7   90.6465   2.52348
         0         5         2         8   138.199   2.38658
         0         5         2         9   150.771   2.66585
         0         5         2        10   99.8965   2.54165
         0         5         2        11   104.416   2.62542
         0         5         2        12   126.446   2.87785
         0         5         2        13   86.0299   2.63569
         0         5         2        14   119.322   2.93972
         0         5         2        15   119.697   3.06428
         0         5         2        16   106.994   2.17759
         0         5         2        17   73.8384   1.83544
         0         5         2        18   101.359   2.15187
         0         5         2        19   118.305   2.34654
         0         5         2        20   113.627   2.40027
         0         5         2        21   108.958   2.37865
         0         5         2        22   132.668   2.51363
         0         5         2        23   67.7153   1.86871
         0         5         2        24   158.503    2.5881
         0         5         2        25   149.151   2.37755
         0         5         2        26   89.2942   2.20017
         0         5         2        27   167.166   2.65329
         0         5         2        28   174.238    2.5582
         0         5         2        29   113.257   2.49423
         0         5         2        30   125.281   2.51328
         0         5         2        31   140.212   2.33831
         0         5         3         0   136.816   2.53964
         0         5         3         1   108.661   2.47945
         0         5         3         2   117.484   2.89378
         0         5         3         3   123.033   3.10424
         0         5         3         4   116.436   2.79174
         0         5         3         5   127.373    3.2024
         0         5         3         6   89.9372   2.74102
         0         5         3         7   101.566   2.87107
         0         5         3         8   117.043   2.62648
         0         5         3         9    103.72   2.60544
         0         5         3        10   126.876   3.09425
         0         5         3        11   123.501   2.90055
         0         5         3        12   88.2421   2.60945
         0         5         3        13   150.549   2.85583
         0         5         3        14   102.359   2.93739
         0         5         3        15   117.509   3.29928
         0         5         3        16   109.404   2.51054
         0         5         3        17   104.737   2.43052
         0         5         3        18   163.846   2.41359
         0         5         3        19   112.875   2.34836
         0         5         3        20   67.6731   2.19082
         0         5         3        21     59.64   2.13093
         0         5         3        22   65.1238   2.15379
         0         5         3        23   107.584   2.33797
         0         5         3        24   100.693   2.36723
         0         5         3        25   91.6579   2.37152
         0         5         3        26   56.1695   2.04308
         0         5         3        27   84.8577   2.22493
         0         5         3        28    125.31   2.76142
         0         5         3        29   115.885   2.43063
         0         5         3        30   118.758   2.47179
         0         5         3        31   101.117   2.42594
         0         5         4         0   135.003    2.7289
         0         5         4         1    161.63   2.77545
         0         5         4         2   126.042    3.1139
         0         5         4         3    112.62   2.98292
         0         5         4         4   102.315   2.84934
         0         5         4         5   94.8085   2.93708
         0         5         4         6   114.728   2.95208
         0         5         4         7   90.7288   2.78293
         0         5         4         8   135.123    2.8207
         0         5         4         9   68.7808   2.38701
         0         5         4        10   110.712   2.77877
         0         5         4        11   55.4971    2.2772
         0         5         4        12   120.266    2.9209
         0         5         4        13    83.591   2.68401
         0         5         4        14    69.791    2.6608
         0         5         4        15   127.731   3.38729
         0         5         4        16   114.638   2.53396
         0         5         4        17   116.962   2.70084
         0         5         4        18   119.964   2.88314
         0         5         4        19   85.8841   2.49312
         0         5         4        20   104.122   2.79886
         0         5         4        21   44.2968   2.01554
         0         5         4        22   109.895   2.80386
         0         5         4        23    80.774   2.62716
         0         5         4        24   107.951   2.57016
         0         5         4        25   126.047   2.96593
         0         5         4        26   119.087   2.61315
         0         5         4        27   99.6072   2.51367
         0         5         4        28   73.0596   2.53902
         0         5         4        29   127.817   2.85457
         0         5         4        30   85.1431   2.34172
         0         5         4        31   88.1002   2.49654
         0         5         5         0   111.489   2.82376
         0         5         5         1   148.752   2.78574
         0         5         5         2   115.205   2.87295
         0         5         5         3   118.593   3.38512
         0         5         5         4    91.806   2.98035
         0         5         5         5   100.739   2.80008
         0         5         5         6   106.031   2.93579
         0         5         5         7   120.913   3.06145
         0         5         5         8   113.405   2.70111
         0         5         5         9   150.623   2.75255
         0         5         5        10   162.296   2.88685
         0         5         5        11   105.021   2.69027
         0         5         5        12   109.713    2.8667
         0         5         5        13   158.838   3.03987
         0         5         5        14   86.1021   2.73686
         0         5         5        15   120.694   3.40269
         0         5         5        16   116.634   2.91386
         0         5         5        17   128.271   2.69276
         0         5         5        18   101.558   2.54898
         0         5         5        19   102.623   2.45297
         0         5         5        20   136.731   2.79082
         0         5         5        21    134.27   2.71639
         0         5         5        22   151.461   2.79918
         0         5         5        23   193.103  0.993242
         0         5         5        24   189.754   2.88596
         0         5         5        25   143.783   2.82443
         0         5         5        26   98.7719   2.64268
         0         5         5        27   92.0509   2.54018
         0         5         5        28   123.276   2.81625
         0         5         5        29   163.621   2.80018
         0         5         5        30   160.522   2.78402
         0         5         5        31   143.409   2.78545
         1         0         0         0   190.423   3.09475
         1         0         0         1    103.18     3.369
         1         0         0         2   139.777   3.52025
         1         0         0         3   72.2259   3.07823
         1         0         0         4   129.538    3.8249
         1         0         0         5   151.771   3.61854
         1         0         0         6   147.525   3.91479
         1         0         0         7   115.916   4.10676
         1         0         0         8   78.1624   3.21167
         1         0         0         9   127.783   3.48974
         1         0         0        10   165.144   3.37892
         1         0         0        11   103.023   3.12534
         1         0         0        12   127.797   3.33739
         1         0         0        13   130.207   4.18315
         1         0         0        14   110.795   4.28875
         1         0         0        15   110.337   5.40445
         1         0         0        16   96.6246   5.12059
         1         0         0        17   125.981   4.32936
         1         0         0        18   96.9025   3.66876
         1         0         0        19    102.48    3.5673
         1         0         0        20   146.096   4.20935
         1         0         0        21   103.091   3.74896
         1         0         0        22   80.6908   3.58075
         1         0         0        23     131.9    4.3302
         1         0         0        24   106.954   4.06442
         1         0         0        25   137.336   3.32789
         1         0         0        26   123.172   4.13397
         1         0         0        27   149.168   5.50987
         1         0         0        28   118.646   6.78755
         1         0         0        29   141.113   8.60789
         1         0         0        30   78.5681   13.5146
         1         0         0        31   134.909    5.5586
         1         0         1         0   130.171   5.66613
         1         0         1         1   131.064     10.82
         1         0         1         2   128.622    11.113
         1         0         1         3    81.093   8.88347
         1         0         1         4   123.328   9.85787
         1         0         1         5     109.6   6.71849
         1         0         1         6    86.705   4.59333
         1         0         1         7   127.711   4.04141
         1         0         1         8   109.703   8.97794
         1         0         1         9   107.371     8.782
         1         0         1        10   131.111   7.82604
         1         0         1        11   111.419   7.33792
         1         0         1        12   99.7828   5.98342
         1         0         1        13   108.184   6.62615
         1         0         1        14    119.57    6.5785
         1         0         1        15   118.567   9.38706
         1         0         1        16    113.75   0.78363
         1         0         1        17   160.929    2.7442
         1         0         1        18   112.669    3.0125
         1         0         1        19   141.682    2.7502
         1         0         1        20   118.017   2.77289
         1         0         1        21   92.2976   2.65839
         1         0         1        22   94.1661   2.68948
         1         0         1        23   113.682   2.91213
         1         0         1        24   171.645   2.86096
         1         0         1        25   132.478   2.75841
         1         0         1        26   105.697   2.62295
         1         0         1        27   59.7339   2.37768
         1         0         1        28   146.989   2.55554
         1         0         1        29   117.535   2.60922
         1         0         1        30   126.692   2.89199
         1         0         1        31   127.449    2.9266
         1         0         2         0    141.09   6.79593
         1         0         2         1   108.778   7.18577
         1         0         2         2   118.415   8.82025
         1         0         2         3   110.721    8.7182
         1         0         2         4   104.741   8.68022
         1         0         2         5    113.72    8.0589
         1         0         2         6   118.815   8.53374
         1         0         2         7   138.223   7.07024
         1         0         2         8   126.171   8.54567
         1         0         2         9    139.15   8.06092
         1         0         2        10   126.426   6.37238
         1         0         2        11   94.7252   10.3927
         1         0         2        12   117.141   10.2853
         1         0         2        13   138.613   9.95498
         1         0         2        14   170.409    11.079
         1         0         2        15    97.538   12.8046
         1         0         2        16    136.85   2.65733
         1         0         2        17   138.863   2.30894
         1         0         2        18   122.102   2.60729
         1         0         2        19   108.097    2.3783
         1         0         2        20   106.172   2.53808
         1         0         2        21   154.152   2.63905
         1         0         2        22   120.617   2.56163
         1         0         2        23    144.06   2.40448
         1         0         2        24   153.117   2.59927
         1         0         2        25   173.951    3.0356
         1         0         2        26   116.092   2.87732
         1         0         2        27   92.0312   2.35897
         1         0         2        28   129.858   2.39158
         1         0         2        29   106.051   2.52502
         1         0         2        30    130.16   2.45247
         1         0         2        31   130.524   2.29729
         1         0         3         0   98.1989   3.14936
         1         0         3         1   135.501    3.5169
         1         0         3         2   112.979    3.9799
         1         0         3         3   121.467   4.38914
         1         0         3         4   132.182   4.57001
         1         0         3         5   116.416   4.50337
         1         0         3         6   119.101    4.4118
         1         0         3         7   110.793   4.76667
         1         0         3         8   149.194   5.75823
         1         0         3         9   117.476    3.9535
         1         0         3        10   115.096   4.98414
         1         0         3        11   118.595   6.18169
         1         0         3        12   105.449   9.22991
         1         0         3        13   163.699   6.25223
         1         0         3        14   135.703    5.6381
         1         0         3        15   141.431   8.19889
         1         0         3        16   157.631   3.58107
         1         0         3        17   131.179    5.4538
         1         0         3        18   167.624   5.64732
         1         0         3        19   120.145   7.79669
         1         0         3        20   140.877   5.60064
         1         0         3        21   149.064   4.54756
         1         0         3        22   177.423   3.77721
         1         0         3        23   153.021   4.21592
         1         0         3        24   126.271   4.54605
         1         0         3        25   140.931   3.88583
         1         0         3        26   142.764   3.29202
         1         0         3        27    157.06   3.12259
         1         0         3        28   136.446   3.25304
         1         0         3        29   156.036   3.08725
         1         0         3        30   139.973   2.99301
         1         0         3        31   160.596   3.95196
         1         0         4         0   122.097   3.87538
         1         0         4         1       135   8.41254
         1         0         4         2   89.2563    8.8272
         1         0         4         3   137.821   9.23404
         1         0         4         4   152.493   6.12392
         1         0         4         5    158.56   6.37856
         1         0         4         6    107.84   7.82816
         1         0         4         7   107.436   8.63461
         1         0         4         8   135.733   10.3719
         1         0         4         9   118.367   8.06329
         1         0         4        10   106.044   5.48224
         1         0         4        11   109.949   4.41865
         1         0         4        12   123.261   7.45423
         1         0         4        13   96.2939   9.18924
         1         0         4        14    123.93   9.60368
         1         0         4        15   110.447   9.43641
         1         0         4        16   92.9588   8.40818
         1         0         4        17    106.03   7.90289
         1         0         4        18   112.122   8.55142
         1         0         4        19   105.552   8.51756
         1         0         4        20   173.775   13.8405
         1         0         4        21   103.621   10.1629
         1         0         4        22   85.7919   21.0256
         1         0         4        23   153.973   13.1759
         1         0         4        24   115.866   10.8532
         1         0         4        25   123.946   9.06139
         1         0         4        26   119.204   9.13839
         1         0         4        27   166.798   10.6243
         1         0         4        28   103.668   8.57351
         1         0         4        29   76.1853   16.8854
         1         0         4        30   127.345   9.27479
         1         0         4        31   118.376   10.0265
         1         0         5         0   93.4729   4.52408
         1         0         5         1   96.4313   6.00962
         1         0         5         2   140.509    8.3695
         1         0         5         3   137.397   9.00018
         1         0         5         4   142.409   8.59179
         1         0         5         5   139.912   7.64097
         1         0         5         6    147.02   7.01224
         1         0         5         7    137.71   6.05597
         1         0         5         8   130.678   7.84197
         1         0         5         9   117.732   5.57523
         1         0         5        10   78.3302   10.9199
         1         0         5        11   106.001   8.56412
         1         0         5        12   96.6697   9.14395
         1         0         5        13   116.437   9.93005
         1         0         5        14    147.05   8.12446
         1         0         5        15    119.76   13.9792
         1         0         5        16   121.869   7.70741
         1         0         5        17   120.268   6.39812
         1         0         5        18   96.3243   13.1642
         1         0         5        19   143.495   5.81349
         1         0         5        20   157.211    5.4434
         1         0         5        21   126.812   8.13505
         1         0         5        22   122.101   8.45392
         1         0         5        23   141.147   9.33536
         1         0         5        24   140.122   13.5963
         1         0         5        25   177.097   7.98066
         1         0         5        26   115.848   5.75724
         1         0         5        27   137.038   5.43062
         1         0         5        28   145.945   6.06812
         1         0         5        29   95.3018   6.81871
         1         0         5        30   131.311   8.29287
         1         0         5        31   133.296   6.49825
         1         1         0         0   125.157   3.08302
         1         1         0         1   121.884   2.78051
         1         1         0         2   154.857   2.98385
         1         1         0         3   112.264   2.91473
         1         1         0         4   89.7072    2.7639
         1         1         0         5   137.604   2.85538
         1         1         0         6   137.822   3.13252
         1         1         0         7   118.687   3.35458
         1         1         0         8   125.626  0.934482
         1         1         0         9   105.425    3.0106
         1         1         0        10   128.415   3.29527
         1         1         0        11   108.949   3.04322
         1         1         0        12   124.578   2.91935
         1         1         0        13   114.152    3.2681
         1         1         0        14   113.833   3.56622
         1         1         0        15   109.959   4.18524
         1         1         0        16   88.6209   2.89414
         1         1         0        17   120.755   2.77602
         1         1         0        18   142.651   2.59699
         1         1         0        19   113.798   2.57378
         1         1         0        20   113.458   2.61229
         1         1         0        21   126.257   2.88032
         1         1         0        22   152.251   2.70431
         1         1         0        23   142.085   2.83168
         1         1         0        24   138.122  0.719016
         1         1         0        25    103.06   2.92988
         1         1         0        26   126.339   2.82489
         1         1         0        27   126.451   2.92532
         1         1         0        28   112.639   2.67469
         1         1         0        29   110.442   2.72951
         1         1         0        30   147.693   2.47206
         1         1         0        31   197.179   2.79982
         1         1         1         0   139.061   2.38506
         1         1         1         1   139.351     2.484
         1         1         1         2   112.409   2.64607
         1         1         1         3   96.2997   2.70412
         1         1         1         4   90.3446   2.60134
         1         1         1         5   140.067   2.86399
         1         1         1         6   135.834   2.55996
         1         1         1         7   95.5225   2.51032
         1         1         1         8   108.192   2.48879
         1         1         1         9   117.841   2.63503
         1         1         1        10   100.485   2.60792
         1         1         1        11   109.082   2.48954
         1         1         1        12   73.3731   2.20737
         1         1         1        13   135.161   2.58178
         1         1         1        14   129.224   3.00888
         1         1         1        15   140.929   3.28321
         1         1         1        16   152.446   2.73748
         1         1         1        17   108.976   2.41058
         1         1         1        18   123.266   2.43397
         1         1         1        19   147.601   2.52389
         1         1         1        20   154.641   2.54961
         1         1         1        21   106.791   2.59175
         1         1         1        22   121.971    2.5106
         1         1         1        23   136.945   2.47066
         1         1         1        24    152.64   2.44182
         1         1         1        25   129.806   2.39906
         1         1         1        26   123.825   2.62711
         1         1         1        27    127.88   2.59618
         1         1         1        28   131.222   2.37751
         1         1         1        29   127.851   2.34227
         1         1         1        30   154.217   2.42861
         1         1         1        31   95.7312   2.46218
         1         1         2         0   152.423   2.56798
         1         1         2         1   143.341   3.05175
         1         1         2         2   121.414   6.24552
         1         1         2         3   97.9144   0.70441
         1         1         2         4   110.671   7.12946
         1         1         2         5   123.879   4.22183
         1         1         2         6   102.973   2.88611
         1         1         2         7   97.3383   3.01717
         1         1         2         8   125.006   3.28384
         1         1         2         9   149.345   3.40939
         1         1         2        10   135.403   3.11957
         1         1         2        11    91.413   2.73731
         1         1         2        12   116.438    3.3266
         1         1         2        13   134.471    3.6339
         1         1         2        14   164.605   4.60601
         1         1         2        15   116.673   4.68945
         1         1         2        16   114.165   2.71377
         1         1         2        17   110.375   2.44616
         1         1         2        18   129.731   2.29744
         1         1         2        19   116.059   2.42649
         1         1         2        20   118.519   2.26387
         1         1         2        21   98.2113   2.37488
         1         1         2        22   130.012   2.21649
         1         1         2        23   135.664   2.35708
         1         1         2        24   135.109   2.43014
         1         1         2        25   123.705   2.40683
         1         1         2        26   164.224   2.55671
         1         1         2        27   106.382    2.3392
         1         1         2        28   118.302   2.46252
         1         1         2        29   128.208   2.38736
         1         1         2        30    131.22   2.24484
         1         1         2        31   144.406   2.31369
         1         1         3         0   125.632   8.82406
         1         1         3         1   89.1447   17.5931
         1         1         3         2   83.6587   17.1346
         1         1         3         3   111.276   14.7788
         1         1         3         4   84.2857   17.1547
         1         1         3         5   125.864   12.9342
         1         1         3         6   86.3594   8.82147
         1         1         3         7   90.2568   8.05998
         1         1         3         8   104.706   9.90606
         1         1         3         9   99.5761   10.7778
         1         1         3        10    124.09   12.2364
         1         1         3        11    112.71   9.34564
         1         1         3        12   118.215   9.88184
         1         1         3        13   99.2602   9.92993
         1         1         3        14   139.816   14.4043
         1         1         3        15   91.0073   11.7649
         1         1         3        16    121.31   12.6041
         1         1         3        17    128.36   11.1972
         1         1         3        18   124.874   10.9322
         1         1         3        19   94.2109   10.2343
         1         1         3        20   111.847   10.4807
         1         1         3        21   93.2949   9.56664
         1         1         3        22   108.132   10.5423
         1         1         3        23   102.053   8.90082
         1         1         3        24   102.857   10.2672
         1         1         3        25   142.313   12.3119
         1         1         3        26   93.0296   18.6758
         1         1         3        27   102.959   21.2321
         1         1         3        28   128.724   11.9844
         1         1         3        29   107.126   13.2745
         1         1         3        30    113.04   11.7214
         1         1         3        31   90.0645   8.32841
         1         1         4         0   133.302   3.26867
         1         1         4         1   133.005   6.42799
         1         1         4         2   120.848   9.42221
         1         1         4         3   101.461   8.33101
         1         1         4         4   142.861   7.17397
         1         1         4         5   129.763   6.22189
         1         1         4         6    128.78   6.27479
         1         1         4         7   134.455   5.32233
         1         1         4         8   116.334   7.49524
         1         1         4         9   120.732   5.35037
         1         1         4        10   119.934   3.92951
         1         1         4        11   94.0441   8.67381
         1         1         4        12   118.307   4.10992
         1         1         4        13    88.528   6.01949
         1         1         4        14   103.164   8.22752
         1         1         4        15   121.312   10.8155
         1         1         4        16   107.903   2.72655
         1         1         4        17   89.9118   2.74953
         1         1         4        18   116.601   2.86721
         1         1         4        19   133.913   2.91839
         1         1         4        20   70.2982   2.37521
         1         1         4        21   122.126   2.99517
         1         1         4        22   79.2094   2.37189
         1         1         4        23   99.6327   2.70086
         1         1         4        24   117.754   10.9961
         1         1         4        25   108.656   7.84682
         1         1         4        26   106.481   2.83241
         1         1         4        27   138.598   2.73301
         1         1         4        28   124.243   2.84926
         1         1         4        29   121.016   3.11411
         1         1         4        30   130.414   3.18843
         1         1         4        31   102.179   2.68014
         1         1         5         0    103.06   3.08352
         1         1         5         1   95.6582   3.04503
         1         1         5         2   112.516   3.20749
         1         1         5         3   126.704   3.36544
         1         1         5         4   130.408   3.54065
         1         1         5         5   126.832   3.59776
         1         1         5         6   123.136   3.43085
         1         1         5         7   97.9858    3.8648
         1         1         5         8   129.257   4.05281
         1         1         5         9   121.521   7.39354
         1         1         5        10   142.781   5.70248
         1         1         5        11   90.0657   5.47075
         1         1         5        12   92.1393    5.0522
         1         1         5        13   87.2876   5.22094
         1         1         5        14   136.881   4.36493
         1         1         5        15   134.031   6.67542
         1         1         5        16   134.114   2.96569
         1         1         5        17   117.945   2.93011
         1         1         5        18   118.907   2.78465
         1         1         5        19     107.5   2.93313
         1         1         5        20   135.082   2.34036
         1         1         5        21   136.988   3.27156
         1         1         5        22   158.478   5.27244
         1         1         5        23   185.839    1.5578
         1         1         5        24   155.391   2.80077
         1         1         5        25   134.245   2.78412
         1         1         5        26    184.06   2.80854
         1         1         5        27   118.753   2.72333
         1         1         5        28    150.14   2.54751
         1         1         5        29   145.718   3.08302
         1         1         5        30   167.427   3.13227
         1         1         5        31   126.324   2.43349
         1         2         0         0   137.648   2.37132
         1         2         0         1    113.15   2.38156
         1         2         0         2   121.121   2.59544
         1         2         0         3    130.66   2.66044
         1         2         0         4   138.622   2.68897
         1         2         0         5   115.947   2.48902
         1         2         0         6   81.8646   2.47766
         1         2         0         7   125.718   3.05487
         1         2         0         8   108.004   2.73592
         1         2         0         9   120.556   2.90037
         1         2         0        10   139.645     2.626
         1         2         0        11   91.6066   2.46325
         1         2         0        12   92.1587   2.52698
         1         2         0        13   139.434   2.74186
         1         2         0        14   112.921   3.07164
         1         2         0        15   101.073    3.4806
         1         2         0        16   132.109    3.5896
         1         2         0        17   148.571   2.89361
         1         2         0        18   122.941   2.85144
         1         2         0        19    81.231   2.38975
         1         2         0        20   111.528   2.49637
         1         2         0        21   131.016   2.72471
         1         2         0        22   134.184   2.69271
         1         2         0        23   112.081   2.92127
         1         2         0        24   115.878   2.82362
         1         2         0        25   134.947   4.20447
         1         2         0        26   96.3292   3.18075
         1         2         0        27   149.154   2.69259
         1         2         0        28   91.3286   2.30675
         1         2         0        29    112.82   2.63418
         1         2         0        30   120.931   2.68673
         1         2         0        31   123.443   2.59881
         1         2         1         0   158.177     2.808
         1         2         1         1   149.035   2.63769
         1         2         1         2   98.1358   2.73359
         1         2         1         3   157.579   2.76211
         1         2         1         4   89.4307   2.79019
         1         2         1         5   104.062   2.83543
         1         2         1         6   81.7554   2.67011
         1         2         1         7   147.093   2.92341
         1         2         1         8   118.433   2.87077
         1         2         1         9   117.979   2.68449
         1         2         1        10   119.558   2.68248
         1         2         1        11   92.3432   2.53216
         1         2         1        12   123.353   2.63569
         1         2         1        13   91.9549   2.70092
         1         2         1        14   160.355   3.26765
         1         2         1        15   87.8716   3.46464
         1         2         1        16   105.334   3.70262
         1         2         1        17   103.509   3.16168
         1         2         1        18   113.465   3.27794
         1         2         1        19   129.156   3.34782
         1         2         1        20   159.678   2.94835
         1         2         1        21   71.1575   3.30582
         1         2         1        22   141.242   3.63332
         1         2         1        23   78.6795   3.90844
         1         2         1        24    165.13   2.74234
         1         2         1        25   112.925   5.34997
         1         2         1        26   153.387   5.33544
         1         2         1        27    103.58   4.93089
         1         2         1        28    69.469   5.12542
         1         2         1        29   150.821   3.50801
         1         2         1        30   114.133   2.83543
         1         2         1        31   87.7865    2.5338
         1         2         2         0   113.888   2.39151
         1         2         2         1    114.94   3.00765
         1         2         2         2   104.962   2.53725
         1         2         2         3   92.7426   2.56562
         1         2         2         4   107.638   2.34997
         1         2         2         5   96.3076   2.62371
         1         2         2         6   123.935   2.60695
         1         2         2         7   129.759   2.85149
         1         2         2         8   88.1598   2.29412
         1         2         2         9   102.562   2.39542
         1         2         2        10   99.3227    2.3682
         1         2         2        11   94.6399   2.45677
         1         2         2        12   109.979   2.51238
         1         2         2        13   134.143   2.59659
         1         2         2        14   100.047   2.70705
         1         2         2        15   136.031   3.22863
         1         2         2        16   119.052   2.34065
         1         2         2        17   81.1392   2.11141
         1         2         2        18   116.902   2.35376
         1         2         2        19   93.7168   2.16972
         1         2         2        20   98.6457   2.32523
         1         2         2        21   142.991   2.26979
         1         2         2        22    113.68   2.35302
         1         2         2        23    67.361   1.98833
         1         2         2        24    114.45   2.34601
         1         2         2        25   107.191   2.07136
         1         2         2        26   76.1445   2.03545
         1         2         2        27   131.815   2.44123
         1         2         2        28   161.991   2.41771
         1         2         2        29   92.9325   2.29354
         1         2         2        30   106.977   2.10415
         1         2         2        31   83.7412   1.92477
         1         2         3         0   134.287   2.97864
         1         2         3         1   76.2448   7.12592
         1         2         3         2   117.163   8.39314
         1         2         3         3    139.02   6.91216
         1         2         3         4   123.178   6.77683
         1         2         3         5   89.2661   8.78378
         1         2         3         6   133.818   5.98161
         1         2         3         7   114.954   5.05167
         1         2         3         8   126.561   5.11571
         1         2         3         9   162.846   4.22076
         1         2         3        10   104.968   4.09939
         1         2         3        11   131.072   3.63513
         1         2         3        12   100.034   3.48824
         1         2         3        13   127.494   4.87831
         1         2         3        14   100.276   4.07215
         1         2         3        15   124.479   5.56092
         1         2         3        16   109.993   3.39904
         1         2         3        17   89.6375   3.00065
         1         2         3        18   105.408   3.21798
         1         2         3        19   115.405    3.2678
         1         2         3        20   86.1625   3.17966
         1         2         3        21   86.8665    2.5788
         1         2         3        22   135.902   3.07899
         1         2         3        23   130.188   3.27551
         1         2         3        24   122.648   6.17227
         1         2         3        25   108.904   5.49252
         1         2         3        26   120.313   5.33548
         1         2         3        27   131.381   4.59467
         1         2         3        28   118.117   2.99851
         1         2         3        29   112.986   2.35966
         1         2         3        30   132.341   2.60606
         1         2         3        31   167.904   2.76814
         1         2         4         0   87.6548   6.71744
         1         2         4         1   84.4565    7.9852
         1         2         4         2    110.52   5.23497
         1         2         4         3   145.824   6.28494
         1         2         4         4    96.082   4.37657
         1         2         4         5   96.0607   6.22571
         1         2         4         6   169.177   8.68283
         1         2         4         7   147.109   10.6897
         1         2         4         8   119.417   7.32349
         1         2         4         9   92.6659    10.846
         1         2         4        10   78.0452   12.0163
         1         2         4        11   140.699   7.22389
         1         2         4        12   143.308   7.46156
         1         2         4        13   148.261   7.59794
         1         2         4        14     73.28   10.4352
         1         2         4        15   143.586   6.18444
         1         2         4        16   116.162   2.28906
         1         2         4        17   127.564   2.42452
         1         2         4        18   125.844    2.4283
         1         2         4        19   135.074   2.37456
         1         2         4        20   79.8743   2.14052
         1         2         4        21   140.446   2.32131
         1         2         4        22   106.414   2.28781
         1         2         4        23   131.491   2.32815
         1         2         4        24   115.391   2.30339
         1         2         4        25   95.4461   2.12416
         1         2         4        26   115.435   2.41245
         1         2         4        27   130.939   2.27826
         1         2         4        28   103.287   2.33871
         1         2         4        29   97.9331   2.29433
         1         2         4        30   89.5619   2.24179
         1         2         4        31   123.131   2.31617
         1         2         5         0   117.799   4.06723
         1         2         5         1   83.8718   4.20655
         1         2         5         2   143.873   5.77295
         1         2         5         3   90.6767   3.76125
         1         2         5         4   106.415   4.94495
         1         2         5         5   153.387   4.89176
         1         2         5         6   100.159   5.76942
         1         2         5         7   125.229   6.10446
         1         2         5         8   83.3205   7.25271
         1         2         5         9   107.267   8.43489
         1         2         5        10   109.289   10.7064
         1         2         5        11   106.886   10.6259
         1         2         5        12   121.769   6.16448
         1         2         5        13   119.456   4.62332
         1         2         5        14   139.654   5.32366
         1         2         5        15   99.8419   5.09755
         1         2         5        16   141.311   2.76397
         1         2         5        17   118.463   2.63893
         1         2         5        18    142.84    2.8626
         1         2         5        19   151.187    2.9136
         1         2         5        20     78.26   2.41394
         1         2         5        21   118.479   2.81076
         1         2         5        22   75.6916    2.6964
         1         2         5        23    120.68   3.00432
         1         2         5        24   141.318   2.52146
         1         2         5        25   124.584    2.5283
         1         2         5        26   112.136   2.33474
         1         2         5        27    147.21   2.61101
         1         2         5        28   125.002    2.4606
         1         2         5        29   120.337   3.61607
         1         2         5        30   51.1185   4.68201
         1         2         5        31   104.679   6.29272
         1         3         0         0   105.208   2.65787
         1         3         0         1   102.269   2.62621
         1         3         0         2   131.116   2.84914
         1         3         0         3   89.8341    2.6285
         1         3         0         4   111.461   3.06096
         1         3         0         5   123.537   3.09861
         1         3         0         6   96.7772    2.6367
         1         3         0         7    133.86   2.86667
         1         3         0         8   98.0027   2.70453
         1         3         0         9   87.7672   2.51846
         1         3         0        10   145.528   2.77499
         1         3         0        11   107.139   2.76954
         1         3         0        12   124.494   3.08033
         1         3         0        13   122.563   3.04569
         1         3         0        14   138.968   3.07532
         1         3         0        15   139.083    3.2825
         1         3         0        16   165.412   3.64437
         1         3         0        17   121.087   3.13072
         1         3         0        18   116.069   2.80952
         1         3         0        19   128.728   2.78521
         1         3         0        20   171.501   2.94653
         1         3         0        21   144.149   2.94615
         1         3         0        22   136.106   2.73425
         1         3         0        23   103.514   2.76339
         1         3         0        24   129.025   2.74945
         1         3         0        25   104.581   2.93923
         1         3         0        26   106.022   2.49173
         1         3         0        27   102.647   2.54228
         1         3         0        28   124.275   2.90641
         1         3         0        29   115.452   2.83741
         1         3         0        30   133.657   2.56413
         1         3         0        31   117.905   2.54489
         1         3         1         0   95.5421    2.3412
         1         3         1         1   124.309   2.72725
         1         3         1         2   122.257   2.72359
         1         3         1         3   128.271   2.54293
         1         3         1         4    109.74    2.4967
         1         3         1         5   116.363    2.6658
         1         3         1         6   125.424   2.39234
         1         3         1         7   103.396   2.60463
         1         3         1         8    121.47    2.4067
         1         3         1         9    106.75   2.51864
         1         3         1        10   76.0374    2.2115
         1         3         1        11   84.4969   2.11746
         1         3         1        12   84.1754   2.31883
         1         3         1        13   117.039   2.82237
         1         3         1        14   112.841   2.84998
         1         3         1        15   86.7628   2.96405
         1         3         1        16   136.672   3.25768
         1         3         1        17   99.7072   2.56813
         1         3         1        18   171.603   2.68477
         1         3         1        19    97.508   2.56979
         1         3         1        20   110.904   2.68583
         1         3         1        21   117.085    2.8254
         1         3         1        22   89.8738   2.52833
         1         3         1        23   134.177   3.08661
         1         3         1        24   129.028   3.15991
         1         3         1        25   83.2092   2.20994
         1         3         1        26   105.519   3.09524
         1         3         1        27   126.939   4.89882
         1         3         1        28   92.0127    6.1413
         1         3         1        29   128.808   5.22882
         1         3         1        30   99.8507   2.69098
         1         3         1        31   97.9663   2.34573
         1         3         2         0   101.076   2.87091
         1         3         2         1   116.003   5.46031
         1         3         2         2   116.258   6.20708
         1         3         2         3   145.742   5.56771
         1         3         2         4   112.862   4.08692
         1         3         2         5   140.262    3.6049
         1         3         2         6   179.524   3.26339
         1         3         2         7   93.4945   3.14556
         1         3         2         8   108.648   3.79521
         1         3         2         9   115.851   3.77279
         1         3         2        10   95.2661   3.42515
         1         3         2        11     89.37   3.24977
         1         3         2        12   141.061   3.54049
         1         3         2        13   133.061   3.45069
         1         3         2        14   115.971   3.52252
         1         3         2        15   142.514   3.65276
         1         3         2        16   133.992   6.76649
         1         3         2        17   86.9511   3.53073
         1         3         2        18   112.433   3.74573
         1         3         2        19   87.6518   3.28313
         1         3         2        20   111.976   4.15664
         1         3         2        21   128.803   6.88781
         1         3         2        22   97.7818   6.85142
         1         3         2        23    103.57   7.38029
         1         3         2        24   75.2852   5.64411
         1         3         2        25   121.391   6.20106
         1         3         2        26   84.6771   9.22499
         1         3         2        27   81.2309   12.2834
         1         3         2        28   167.622   13.7568
         1         3         2        29   133.806   11.3889
         1         3         2        30   123.456   9.62414
         1         3         2        31   105.269   4.91737
         1         3         3         0   112.219   4.99254
         1         3         3         1   88.8844   3.85877
         1         3         3         2   103.796   4.80628
         1         3         3         3   82.5971   6.37681
         1         3         3         4    89.076   7.75997
         1         3         3         5   90.0198   10.1026
         1         3         3         6   125.648   11.1819
         1         3         3         7   86.1239    8.2228
         1         3         3         8   114.538   5.78256
         1         3         3         9   105.887   5.63683
         1         3         3        10   96.9916   5.49604
         1         3         3        11   122.818   6.31651
         1         3         3        12    113.83   5.78206
         1         3         3        13   83.1622    5.4165
         1         3         3        14    112.43   6.50981
         1         3         3        15   106.029   6.12217
         1         3         3        16   123.019   2.77473
         1         3         3        17   138.179   2.52307
         1         3         3        18   111.927    2.6862
         1         3         3        19   114.689   2.80133
         1         3         3        20   113.295   2.69608
         1         3         3        21   121.212   2.53654
         1         3         3        22   109.092   2.63695
         1         3         3        23   91.2883   2.84465
         1         3         3        24   83.8454   3.22798
         1         3         3        25   120.443   5.38092
         1         3         3        26   134.432   4.55987
         1         3         3        27   79.0616   3.16297
         1         3         3        28   105.976   2.57483
         1         3         3        29   83.9347   2.09563
         1         3         3        30   106.258   2.20373
         1         3         3        31   81.4877   2.20677
         1         3         4         0   116.068   2.52761
         1         3         4         1   76.1237   4.78643
         1         3         4         2   107.679   6.23215
         1         3         4         3   141.051   8.14837
         1         3         4         4   112.024   9.41462
         1         3         4         5   143.913   6.51637
         1         3         4         6   138.099   5.29895
         1         3         4         7    139.32   3.30591
         1         3         4         8   115.718   3.77552
         1         3         4         9   179.553   3.89718
         1         3         4        10   90.7735   3.56528
         1         3         4        11   76.2576   3.30348
         1         3         4        12   97.2704    3.3591
         1         3         4        13   143.131    3.8729
         1         3         4        14   139.667   4.05466
         1         3         4        15   104.629    4.3062
         1         3         4        16   149.469   2.67954
         1         3         4        17   122.466   4.75281
         1         3         4        18   116.823   2.59725
         1         3         4        19   120.681   2.61075
         1         3         4        20   120.605   2.50399
         1         3         4        21   109.619     2.607
         1         3         4        22   101.644   2.45008
         1         3         4        23   107.005   2.58215
         1         3         4        24    135.95   2.43904
         1         3         4        25   128.463    3.2749
         1         3         4        26    130.15   3.24853
         1         3         4        27   166.425    3.2943
         1         3         4        28   85.5758   3.31615
         1         3         4        29   124.915   3.93286
         1         3         4        30   153.988   2.91891
         1         3         4        31   113.579   2.32208
         1         3         5         0   132.526   4.66897
         1         3         5         1   130.845   6.09185
         1         3         5         2   90.3443   8.52055
         1         3         5         3   105.384   5.20676
         1         3         5         4   110.926   4.28922
         1         3         5         5   119.317   3.33474
         1         3         5         6   119.977   4.20069
         1         3         5         7   142.212   7.66557
         1         3         5         8   134.549   7.51784
         1         3         5         9   108.935   7.45163
         1         3         5        10   167.988   5.04991
         1         3         5        11   111.565   4.67861
         1         3         5        12   98.3561   4.52585
         1         3         5        13   101.302   5.02478
         1         3         5        14   85.2692    5.5763
         1         3         5        15   107.548   6.41843
         1         3         5        16   88.4497   8.05787
         1         3         5        17   127.703   6.46682
         1         3         5        18   135.879   4.98352
         1         3         5        19   104.393    6.7246
         1         3         5        20   146.908   7.22624
         1         3         5        21   103.586   6.74274
         1         3         5        22   134.218   5.75962
         1         3         5        23   132.005   3.15445
         1         3         5        24   119.532   5.18642
         1         3         5        25    116.88   5.69541
         1         3         5        26   112.371   5.01902
         1         3         5        27   101.643   5.06281
         1         3         5        28   103.453   4.87713
         1         3         5        29   156.451    4.3217
         1         3         5        30   105.697   16.5686
         1         3         5        31   140.271   3.32343
         1         4         0         0    91.812   2.49555
         1         4         0         1   114.225   2.46729
         1         4         0         2   133.643   2.75043
         1         4         0         3   90.7664   3.69529
         1         4         0         4   137.597   4.29902
         1         4         0         5   134.014   4.00289
         1         4         0         6   139.736   4.91872
         1         4         0         7    122.54    6.6983
         1         4         0         8   142.551   3.33885
         1         4         0         9   84.2237   2.88086
         1         4         0        10   103.596   3.35601
         1         4         0        11   74.5254    2.8231
         1         4         0        12   130.994   3.56313
         1         4         0        13   80.5261   3.31132
         1         4         0        14   108.714   4.23774
         1         4         0        15   127.642   5.15359
         1         4         0        16   74.2462   3.43645
         1         4         0        17   129.095    2.9444
         1         4         0        18   132.619   2.81169
         1         4         0        19   105.454   2.66803
         1         4         0        20   145.915   2.64366
         1         4         0        21   110.035   2.55599
         1         4         0        22   142.035   2.95078
         1         4         0        23   85.2103   2.77246
         1         4         0        24   108.424   3.52554
         1         4         0        25   114.539   3.22195
         1         4         0        26   148.231   4.69337
         1         4         0        27   118.051  0.859771
         1         4         0        28   107.543  0.923655
         1         4         0        29   124.547    3.5514
         1         4         0        30   128.476   0.93711
         1         4         0        31   124.326   4.12171
         1         4         1         0   123.359   4.22376
         1         4         1         1   96.8815   4.83348
         1         4         1         2   138.492   5.38059
         1         4         1         3    88.901    6.0659
         1         4         1         4    71.426   8.21071
         1         4         1         5   98.7852   8.56275
         1         4         1         6   143.006   8.56696
         1         4         1         7   85.9756   8.85503
         1         4         1         8   112.772   6.36016
         1         4         1         9   89.3939   4.65398
         1         4         1        10   127.362   5.16016
         1         4         1        11   118.579    4.3991
         1         4         1        12   95.1018   4.10536
         1         4         1        13   126.956   5.02989
         1         4         1        14   144.037   1.12808
         1         4         1        15   107.653   7.16768
         1         4         1        16   126.614   6.57036
         1         4         1        17   131.137   7.45847
         1         4         1        18   85.7647   12.4679
         1         4         1        19   108.142   7.53956
         1         4         1        20   149.839   8.31196
         1         4         1        21   89.7658    3.9315
         1         4         1        22   90.2773   5.84241
         1         4         1        23   117.304   9.63895
         1         4         1        24   135.115   12.6414
         1         4         1        25   115.184   13.4944
         1         4         1        26   136.585   8.14355
         1         4         1        27   103.477   8.45226
         1         4         1        28   80.3809   10.2111
         1         4         1        29   129.539   5.61891
         1         4         1        30    109.11   4.92848
         1         4         1        31   118.172   6.49844
         1         4         2         0   124.924   3.58995
         1         4         2         1    118.97   5.31151
         1         4         2         2       144   4.41531
         1         4         2         3   76.5512   2.68682
         1         4         2         4    122.39  0.807931
         1         4         2         5   166.697   3.54561
         1         4         2         6   126.564   3.25264
         1         4         2         7   133.893   2.81825
         1         4         2         8   115.224   2.87634
         1         4         2         9   118.987   2.84217
         1         4         2        10   106.883   2.70651
         1         4         2        11   101.953   2.78634
         1         4         2        12   122.746   2.82181
         1         4         2        13   147.347    2.9176
         1         4         2        14    124.26   3.13973
         1         4         2        15   141.813   3.61768
         1         4         2        16    103.65   6.26937
         1         4         2        17   117.212   5.90879
         1         4         2        18   111.762   5.92727
         1         4         2        19   182.252   6.50233
         1         4         2        20   160.602   6.91929
         1         4         2        21   132.757   7.24353
         1         4         2        22   134.847    7.0627
         1         4         2        23   119.159   7.17073
         1         4         2        24   167.957   5.46659
         1         4         2        25   145.507   8.05762
         1         4         2        26   112.543    13.464
         1         4         2        27   141.282    10.163
         1         4         2        28   104.916   10.4841
         1         4         2        29   109.105   11.1127
         1         4         2        30   109.034   10.5767
         1         4         2        31   143.322   7.55516
         1         4         3         0   84.0179   2.42026
         1         4         3         1   83.6859   2.76772
         1         4         3         2   121.485   3.77021
         1         4         3         3   109.794   2.74346
         1         4         3         4   95.9354   3.64011
         1         4         3         5   112.082   3.23694
         1         4         3         6    113.26   3.26075
         1         4         3         7   136.246     8.055
         1         4         3         8   123.195   2.74185
         1         4         3         9   105.899   3.21539
         1         4         3        10   120.418   2.59262
         1         4         3        11   90.8944   2.44748
         1         4         3        12   79.3473   2.65248
         1         4         3        13   91.9218   2.58051
         1         4         3        14   113.758   2.73113
         1         4         3        15   112.348   3.22045
         1         4         3        16   140.235   2.47501
         1         4         3        17   95.0708   2.36154
         1         4         3        18   124.363   2.34837
         1         4         3        19   120.473   2.25587
         1         4         3        20   167.551   2.64093
         1         4         3        21   120.525   2.54643
         1         4         3        22   102.841     2.404
         1         4         3        23   96.4082   2.41728
         1         4         3        24    121.71   2.54907
         1         4         3        25   153.728   2.41297
         1         4         3        26   90.7205   2.57833
         1         4         3        27   114.624   2.45979
         1         4         3        28   119.005   2.36961
         1         4         3        29   87.0119   2.53819
         1         4         3        30   86.9519   2.42039
         1         4         3        31   149.302   2.74859
         1         4         4         0    105.29   2.42256
         1         4         4         1   146.617   2.20664
         1         4         4         2   124.681   2.43373
         1         4         4         3   131.132   2.40227
         1         4         4         4   129.161   2.46666
         1         4         4         5   111.921    2.5281
         1         4         4         6   111.945   2.39609
         1         4         4         7   118.562   2.69788
         1         4         4         8   84.9806   2.46065
         1         4         4         9   92.5634   2.78855
         1         4         4        10   142.918   2.90593
         1         4         4        11   111.783   16.3531
         1         4         4        12   121.329   3.27193
         1         4         4        13   158.427   3.11978
         1         4         4        14   92.8265    3.1003
         1         4         4        15   126.158   3.31391
         1         4         4        16   127.821   2.23937
         1         4         4        17   132.426   2.33065
         1         4         4        18   132.535   2.07749
         1         4         4        19   84.2062    2.0371
         1         4         4        20   127.077   2.38903
         1         4         4        21   86.6732   2.29071
         1         4         4        22   114.436   2.28997
         1         4         4        23   152.373   2.22018
         1         4         4        24   77.6347   2.18047
         1         4         4        25   108.058   2.43707
         1         4         4        26   133.389   2.32221
         1         4         4        27   86.9405   2.05815
         1         4         4        28   129.434   2.33639
         1         4         4        29   144.809   2.32086
         1         4         4        30   86.5863   2.30923
         1         4         4        31   124.888   2.28783
         1         4         5         0   113.805   2.51312
         1         4         5         1   120.519   2.61077
         1         4         5         2   147.757   2.46509
         1         4         5         3   129.724   2.54934
         1         4         5         4   143.449   2.69632
         1         4         5         5   116.659   2.68322
         1         4         5         6   164.585   2.65334
         1         4         5         7    135.01   2.71165
         1         4         5         8   162.273   2.50677
         1         4         5         9   118.892   2.59961
         1         4         5        10   156.141    2.6218
         1         4         5        11   148.388   2.42522
         1         4         5        12   129.582   2.82219
         1         4         5        13   79.4667   2.60756
         1         4         5        14   112.909   2.80332
         1         4         5        15   135.859   2.94357
         1         4         5        16    169.76   2.61802
         1         4         5        17   137.536   2.18696
         1         4         5        18   131.871   2.28974
         1         4         5        19   85.7796   2.29941
         1         4         5        20    95.668   2.36547
         1         4         5        21    187.12   2.46474
         1         4         5        22    130.77    2.4591
         1         4         5        23   160.753   2.29712
         1         4         5        24    150.54   2.41367
         1         4         5        25   134.974   2.42776
         1         4         5        26   173.139   2.45944
         1         4         5        27   133.211   2.96947
         1         4         5        28   116.463   2.49641
         1         4         5        29   99.6878   2.51255
         1         4         5        30   158.974   2.49297
         1         4         5        31   144.121   2.46414
         1         5         0         0   132.622    2.4394
         1         5         0         1   114.884   2.75502
         1         5         0         2   132.336   2.77721
         1         5         0         3   184.202   2.95267
         1         5         0         4   146.058   2.80416
         1         5         0         5    154.29   3.00465
         1         5         0         6   171.601   3.10202
         1         5         0         7    104.98   3.21851
         1         5         0         8   172.407   3.51555
         1         5         0         9   185.251   3.31272
         1         5         0        10    97.571   3.43438
         1         5         0        11   125.525  0.834219
         1         5         0        12   144.141   2.88445
         1         5         0        13   113.471   3.34243
         1         5         0        14   135.937   3.49951
         1         5         0        15   126.775   4.49679
         1         5         0        16   156.033   3.08193
         1         5         0        17   135.452   2.55047
         1         5         0        18   147.911   2.64292
         1         5         0        19   167.613   2.77928
         1         5         0        20    147.66   2.58025
         1         5         0        21   154.406   3.24878
         1         5         0        22   154.723   2.93948
         1         5         0        23   163.607   2.70279
         1         5         0        24   135.882   2.51662
         1         5         0        25   167.086   2.71537
         1         5         0        26   121.794   2.64168
         1         5         0        27   115.952    2.5846
         1         5         0        28   137.011   2.52121
         1         5         0        29    152.65   2.54007
         1         5         0        30   136.939   2.58739
         1         5         0        31    181.58   3.32961
         1         5         1         0   149.731   4.62196
         1         5         1         1   166.554   7.25446
         1         5         1         2   138.314   7.79979
         1         5         1         3   146.226   8.64787
         1         5         1         4   143.127   10.2177
         1         5         1         5   153.433   9.35128
         1         5         1         6   143.984   10.9398
         1         5         1         7    131.84   17.0266
         1         5         1         8    119.45   6.90034
         1         5         1         9    148.78     5.757
         1         5         1        10   183.416     6.181
         1         5         1        11   154.013   5.69015
         1         5         1        12   104.052   5.74039
         1         5         1        13    146.29   7.64153
         1         5         1        14   113.096    9.3426
         1         5         1        15   153.709   12.1349
         1         5         1        16   176.475   2.92888
         1         5         1        17   165.047   3.09837
         1         5         1        18    141.15   2.46546
         1         5         1        19   117.379   2.50855
         1         5         1        20   165.099   2.53553
         1         5         1        21   115.272   1.00807
         1         5         1        22   140.943    3.1048
         1         5         1        23    166.76   2.90738
         1         5         1        24   158.582   2.62244
         1         5         1        25   121.172   2.67278
         1         5         1        26   162.639   2.47682
         1         5         1        27   153.921   2.64626
         1         5         1        28   130.483   2.49198
         1         5         1        29   160.118   2.44096
         1         5         1        30   119.716   2.55659
         1         5         1        31   110.792   2.50143
         1         5         2         0   140.236   2.61136
         1         5         2         1   129.374   3.68754
         1         5         2         2   113.522    4.8457
         1         5         2         3   132.159    6.5882
         1         5         2         4   102.597   7.95785
         1         5         2         5   146.943     10.48
         1         5         2         6   107.903    10.476
         1         5         2         7   120.368   10.0559
         1         5         2         8   111.295    6.5277
         1         5         2         9   122.409   5.42465
         1         5         2        10   125.493   6.35607
         1         5         2        11   157.044    5.1439
         1         5         2        12   118.108   5.46088
         1         5         2        13   98.9633   7.06993
         1         5         2        14   128.014    7.9683
         1         5         2        15   103.104   9.36019
         1         5         2        16    136.29   2.61202
         1         5         2        17   129.442   3.24699
         1         5         2        18   140.345   2.75029
         1         5         2        19   99.7101   2.56131
         1         5         2        20   144.798   2.49036
         1         5         2        21   79.6032    2.2863
         1         5         2        22   126.479   2.56589
         1         5         2        23   162.076   2.67792
         1         5         2        24   169.588   2.70781
         1         5         2        25   99.3227   2.34194
         1         5         2        26   127.777   2.80504
         1         5         2        27   119.975   2.48644
         1         5         2        28    139.07   2.35485
         1         5         2        29   179.491   2.42472
         1         5         2        30   193.377   2.58161
         1         5         2        31   151.371   2.39504
         1         5         3         0   113.624   2.46995
         1         5         3         1   164.067   2.63685
         1         5         3         2   147.946   2.56063
         1         5         3         3   116.458   2.60844
         1         5         3         4   120.474   2.65415
         1         5         3         5   94.8561   2.54357
         1         5         3         6   112.487   2.61998
         1         5         3         7   167.312   2.74789
         1         5         3         8    112.05   2.68322
         1         5         3         9   128.289   2.54763
         1         5         3        10   110.935   2.51716
         1         5         3        11   118.633   2.55057
         1         5         3        12    112.94     2.698
         1         5         3        13   104.847   2.87657
         1         5         3        14   101.898   2.88089
         1         5         3        15   96.0197      3.68
         1         5         3        16   149.689    2.5438
         1         5         3        17   108.592   2.56159
         1         5         3        18   140.902   2.33285
         1         5         3        19   130.163   2.43882
         1         5         3        20   103.217   2.16726
         1         5         3        21   177.953   2.43124
         1         5         3        22   98.2775   2.23209
         1         5         3        23   130.771   2.29416
         1         5         3        24   98.6933   2.37739
         1         5         3        25   134.031   2.56402
         1         5         3        26   91.3367   2.30721
         1         5         3        27   96.3725   2.20026
         1         5         3        28   135.769   2.42371
         1         5         3        29   86.6247   2.10549
         1         5         3        30   104.756   2.31295
         1         5         3        31   110.121   2.43636
         1         5         4         0   94.7472   2.26029
         1         5         4         1   114.494   2.47059
         1         5         4         2   129.996   2.24078
         1         5         4         3   116.222   2.52848
         1         5         4         4   79.8223   2.45096
         1         5         4         5   87.4441   2.41461
         1         5         4         6   151.361   2.66924
         1         5         4         7   119.718   2.66997
         1         5         4         8   132.266   2.51013
         1         5         4         9   103.159   2.56738
         1         5         4        10     114.1   2.40842
         1         5         4        11   96.8264   2.49652
         1         5         4        12   133.776    2.6298
         1         5         4        13   101.775   2.58556
         1         5         4        14   108.172   2.92964
         1         5         4        15   87.1926   4.45365
         1         5         4        16   140.599   2.54716
         1         5         4        17   133.456   2.45681
         1         5         4        18   116.299   2.30094
         1         5         4        19   92.1419   2.31063
         1         5         4        20   120.383   2.50366
         1         5         4        21    142.87   2.48123
         1         5         4        22   108.086   2.32363
         1         5         4        23   114.583   2.29938
         1         5         4        24   144.793   2.55823
         1         5         4        25    136.95   2.32756
         1         5         4        26   143.472   2.45025
         1         5         4        27    148.05   2.13116
         1         5         4        28    133.56   2.23615
         1         5         4        29   100.983   2.34134
         1         5         4        30   103.399   2.25589
         1         5         4        31   132.064   2.65498
         1         5         5         0   152.911   2.35497
         1         5         5         1   177.266    2.5812
         1         5         5         2   115.181   2.60444
         1         5         5         3   156.855   2.78495
         1         5         5         4   108.836    2.5609
         1         5         5         5   68.7794   2.06154
         1         5         5         6   153.781   2.87964
         1         5         5         7   92.6177   2.62521
         1         5         5         8   128.787   2.68059
         1         5         5         9   146.239   2.64305
         1         5         5        10   115.522   2.58915
         1         5         5        11   91.9712   2.28231
         1         5         5        12   115.857   2.90115
         1         5         5        13   159.969   2.72995
         1         5         5        14   94.5498   2.77647
         1         5         5        15   134.332   3.41945
         1         5         5        16    121.59   2.41042
         1         5         5        17    70.751    2.0064
         1         5         5        18   157.812   2.44831
         1         5         5        19   56.4627   2.11414
         1         5         5        20   128.734   2.59162
         1         5         5        21   103.549   2.37932
         1         5         5        22   127.709   2.46595
         1         5         5        23   96.0968   2.25845
         1         5         5        24   107.939   2.31349
         1         5         5        25   164.142   2.51278
         1         5         5        26    109.17   2.40338
         1         5         5        27   180.621   2.34322
         1         5         5        28    93.981   2.26989
         1         5         5        29   106.012    2.1644
         1         5         5        30   120.356   2.43633
         1         5         5        31   98.5476   2.25341
         2         0         0         0    130.67   3.44853
         2         0         0         1   143.256     5.431
         2         0         0         2   111.354   1.10088
         2         0         0         3   126.656   5.90281
         2         0         0         4   115.444   6.38981
         2         0         0         5   153.444   6.20147
         2         0         0         6   121.258  0.858782
         2         0         0         7   116.278   7.19364
         2         0         0         8   117.025   5.94414
         2         0         0         9   89.7941   3.96382
         2         0         0        10   84.8012   3.89563
         2         0         0        11   121.818   3.01993
         2         0         0        12   117.163   3.30134
         2         0         0        13   134.928   3.71061
         2         0         0        14   122.532   8.26867
         2         0         0        15   142.924   6.73929
         2         0         0        16   117.232    8.6288
         2         0         0        17   124.499   5.82782
         2         0         0        18   140.255   2.97168
         2         0         0        19   65.8394   2.31287
         2         0         0        20   150.211    2.7932
         2         0         0        21   173.633   3.62851
         2         0         0        22   109.166   3.75801
         2         0         0        23   111.416    3.7021
         2         0         0        24     111.3   3.59555
         2         0         0        25   128.072   3.44601
         2         0         0        26    145.37    3.3992
         2         0         0        27   126.349   3.34358
         2         0         0        28   81.2253    2.2856
         2         0         0        29   114.251   2.62117
         2         0         0        30   89.6204   3.27089
         2         0         0        31   113.293   4.76703
         2         0         1         0   166.621   6.96765
         2         0         1         1   122.067   11.9255
         2         0         1         2   128.395   7.96344
         2         0         1         3   124.691   9.27881
         2         0         1         4   98.6678   1.02627
         2         0         1         5    94.061   1.08341
         2         0         1         6   106.694   7.98687
         2         0         1         7    107.07   9.82295
         2         0         1         8   121.271   11.2119
         2         0         1         9    96.212   9.06424
         2         0         1        10   124.091   6.24648
         2         0         1        11   125.723   5.40989
         2         0         1        12   94.8424    6.0655
         2         0         1        13   119.756    6.4296
         2         0         1        14   101.897   9.07908
         2         0         1        15   146.817   8.45694
         2         0         1        16   131.684   5.50345
         2         0         1        17   117.842   5.32846
         2         0         1        18   135.453   5.11769
         2         0         1        19   101.219    7.4007
         2         0         1        20   92.4397   4.01434
         2         0         1        21   125.209    3.3791
         2         0         1        22   145.303   5.67336
         2         0         1        23   64.7134   6.50673
         2         0         1        24   96.5805    6.9112
         2         0         1        25   109.428   4.05809
         2         0         1        26   129.222   4.96452
         2         0         1        27   98.7328   5.50974
         2         0         1        28     130.9   5.99907
         2         0         1        29   182.141   8.13901
         2         0         1        30   144.519   5.07933
         2         0         1        31   146.838   3.67293
         2         0         2         0   125.693   6.84537
         2         0         2         1   87.8767   9.24739
         2         0         2         2   119.582   7.93605
         2         0         2         3   146.822   8.20608
         2         0         2         4   140.494   6.38485
         2         0         2         5   82.6565    9.3451
         2         0         2         6   117.777    5.1013
         2         0         2         7   129.084   9.85791
         2         0         2         8    122.25   11.9978
         2         0         2         9   92.7899   12.2288
         2         0         2        10   91.7663   13.6285
         2         0         2        11   140.469   6.95338
         2         0         2        12   146.994   5.78074
         2         0         2        13   131.039   6.95054
         2         0         2        14   112.689   7.05334
         2         0         2        15   100.834   10.3341
         2         0         2        16   153.796    7.3274
         2         0         2        17   148.038   6.31602
         2         0         2        18   110.773   4.85607
         2         0         2        19   117.683   5.27845
         2         0         2        20   138.042   4.64125
         2         0         2        21   107.978   5.72923
         2         0         2        22   127.691   6.80346
         2         0         2        23   147.113   7.82519
         2         0         2        24   100.378   5.76004
         2         0         2        25   74.1653   10.9339
         2         0         2        26   123.746   5.31129
         2         0         2        27   143.915    6.5279
         2         0         2        28   96.0632   8.36501
         2         0         2        29   124.857   9.86831
         2         0         2        30   135.091   6.01067
         2         0         2        31   121.483   4.75151
         2         0         3         0   106.265   12.3155
         2         0         3         1   102.943   9.75811
         2         0         3         2   133.418   11.3548
         2         0         3         3   150.192   11.2991
         2         0         3         4   119.958   8.72361
         2         0         3         5   102.146   8.98623
         2         0         3         6   105.284   15.3108
         2         0         3         7   87.4801   18.4358
         2         0         3         8   82.3803   18.4425
         2         0         3         9   105.771   10.9308
         2         0         3        10   72.1916   9.60353
         2         0         3        11   87.2951   9.50701
         2         0         3        12   84.2495   8.91611
         2         0         3        13   113.648    10.674
         2         0         3        14   114.327   11.3807
         2         0         3        15   95.6333   12.1441
         2         0         3        16   138.624   7.81134
         2         0         3        17   114.921    10.306
         2         0         3        18   111.872   14.1883
         2         0         3        19    117.72   8.35821
         2         0         3        20   88.1329   19.4993
         2         0         3        21   135.846   5.46148
         2         0         3        22   124.361   7.61321
         2         0         3        23   87.1467   10.1706
         2         0         3        24   104.901   10.5291
         2         0         3        25   140.064   10.4436
         2         0         3        26   109.452   8.61799
         2         0         3        27   121.598   5.63596
         2         0         3        28   96.7198   4.63292
         2         0         3        29   101.468   6.17531
         2         0         3        30   100.801   12.4619
         2         0         3        31   91.2586   5.10862
         2         0         4         0   135.961   11.9438
         2         0         4         1   144.857    15.791
         2         0         4         2   137.307   11.3225
         2         0         4         3   154.969   12.1602
         2         0         4         4   105.833   10.3022
         2         0         4         5   121.299     8.073
         2         0         4         6   138.512   9.54337
         2         0         4         7   135.931    12.793
         2         0         4         8   133.686    24.031
         2         0         4         9   156.654   18.1818
         2         0         4        10   123.453   15.9741
         2         0         4        11   131.867   13.5317
         2         0         4        12   97.0093   12.0234
         2         0         4        13    131.52   7.88079
         2         0         4        14   151.584   12.6504
         2         0         4        15    145.71   14.2663
         2         0         4        16   152.918   8.63426
         2         0         4        17   183.476   8.02653
         2         0         4        18   139.101   5.94113
         2         0         4        19   166.472   7.30939
         2         0         4        20   136.592   13.5036
         2         0         4        21   115.041   8.68894
         2         0         4        22   202.037   10.7379
         2         0         4        23   170.014   11.0797
         2         0         4        24   143.857     11.92
         2         0         4        25   149.649   5.75921
         2         0         4        26   194.197   6.72399
         2         0         4        27   144.822   5.68856
         2         0         4        28   102.563     16.53
         2         0         4        29   116.224   12.3406
         2         0         4        30   167.091   7.48606
         2         0         4        31   165.562   10.6253
         2         0         5         0   132.566   6.96802
         2         0         5         1   92.0953   8.35448
         2         0         5         2   191.655   11.1575
         2         0         5         3   144.409   8.57985
         2         0         5         4   138.204   7.57479
         2         0         5         5   145.803   9.21017
         2         0         5         6    168.37   9.06782
         2         0         5         7   115.178   11.0823
         2         0         5         8   150.462   20.2529
         2         0         5         9   132.134   17.6771
         2         0         5        10   128.493   9.75468
         2         0         5        11   150.747   6.15076
         2         0         5        12   92.3343    18.282
         2         0         5        13   115.886   11.8647
         2         0         5        14   172.217   8.25262
         2         0         5        15   142.032   9.28342
         2         0         5        16    118.37   9.09654
         2         0         5        17   169.396    4.5764
         2         0         5        18   129.172   14.0887
         2         0         5        19   123.285    10.048
         2         0         5        20   147.524   5.59228
         2         0         5        21   142.927    5.4529
         2         0         5        22   147.047   5.25862
         2         0         5        23   154.906   6.10872
         2         0         5        24   137.238   5.63928
         2         0         5        25   133.382   5.33661
         2         0         5        26   116.106   4.35091
         2         0         5        27   120.461   5.57235
         2         0         5        28   178.162    6.1374
         2         0         5        29   156.174   5.37798
         2         0         5        30   88.5458   4.32731
         2         0         5        31   207.106   6.47562
         2         1         0         0   132.759   2.61187
         2         1         0         1   140.753   2.64541
         2         1         0         2   146.794   2.54948
         2         1         0         3   136.105     2.589
         2         1         0         4   134.622   2.74716
         2         1         0         5   124.036   2.76389
         2         1         0         6   154.261    3.0662
         2         1         0         7   109.612   2.95226
         2         1         0         8   157.929   3.15614
         2         1         0         9   130.121   2.94171
         2         1         0        10   153.902   2.77948
         2         1         0        11   157.437   2.52068
         2         1         0        12    122.67   2.63613
         2         1         0        13   171.565   3.07555
         2         1         0        14   119.367   3.58263
         2         1         0        15   156.742   4.73989
         2         1         0        16    155.65    3.4898
         2         1         0        17    137.33   2.57612
         2         1         0        18   152.288   2.39179
         2         1         0        19   172.595   2.50565
         2         1         0        20   137.338   2.48498
         2         1         0        21   126.515    2.7788
         2         1         0        22   114.836   2.82606
         2         1         0        23    182.65   3.20609
         2         1         0        24    134.34   2.28102
         2         1         0        25   134.598   2.30825
         2         1         0        26   121.149   2.57661
         2         1         0        27   113.523     2.497
         2         1         0        28   138.377   2.40707
         2         1         0        29   113.619   2.37035
         2         1         0        30   143.056   2.42205
         2         1         0        31   118.665   2.62539
         2         1         1         0   66.7725   3.03897
         2         1         1         1   121.268   3.04204
         2         1         1         2   96.6877     2.971
         2         1         1         3   85.1137   3.10546
         2         1         1         4   123.351   3.25818
         2         1         1         5   59.2837   3.42899
         2         1         1         6   121.877   4.40433
         2         1         1         7   127.711   3.84317
         2         1         1         8    111.41   3.28771
         2         1         1         9   125.748   3.11225
         2         1         1        10   101.526   3.02021
         2         1         1        11   84.3464   2.53866
         2         1         1        12   139.106   3.05516
         2         1         1        13   87.3133   3.42581
         2         1         1        14   92.1871   3.71106
         2         1         1        15   81.8957   4.44108
         2         1         1        16   108.286   4.41396
         2         1         1        17   117.489   3.59528
         2         1         1        18   99.7437   3.42375
         2         1         1        19   126.765     3.377
         2         1         1        20   125.637   2.67517
         2         1         1        21    128.53   3.79052
         2         1         1        22   108.414   4.13432
         2         1         1        23   73.3671   3.49871
         2         1         1        24   81.7585    4.6877
         2         1         1        25   145.341   6.32629
         2         1         1        26   135.098   6.61519
         2         1         1        27   140.994   6.12932
         2         1         1        28   103.649   5.69377
         2         1         1        29    129.71   5.67171
         2         1         1        30   76.8677   5.99167
         2         1         1        31   78.6784   3.96311
         2         1         2         0   93.6022   14.6177
         2         1         2         1   76.7747   16.6715
         2         1         2         2    115.44   14.4751
         2         1         2         3   93.9089   13.3222
         2         1         2         4   96.5474    11.995
         2         1         2         5   102.112   10.6388
         2         1         2         6    137.19   16.9912
         2         1         2         7   100.054   18.5914
         2         1         2         8   106.564    27.612
         2         1         2         9   86.6517    21.611
         2         1         2        10   120.491   13.5667
         2         1         2        11   83.3958   13.2525
         2         1         2        12   92.1214   8.98274
         2         1         2        13   87.6749    12.556
         2         1         2        14   154.019   24.3559
         2         1         2        15   56.1733   16.1472
         2         1         2        16   123.171   21.1961
         2         1         2        17   78.1488   7.12186
         2         1         2        18    87.146   11.3974
         2         1         2        19   96.6973    11.584
         2         1         2        20   96.7885   8.19006
         2         1         2        21    105.09   12.6038
         2         1         2        22   120.892   1.38974
         2         1         2        23    117.26   18.2918
         2         1         2        24   94.7328   18.4855
         2         1         2        25   98.1801   12.5231
         2         1         2        26   127.534   19.1687
         2         1         2        27   124.171   10.1593
         2         1         2        28   116.953    11.797
         2         1         2        29   110.203   10.9566
         2         1         2        30   103.482   9.99224
         2         1         2        31   122.046   18.2304
         2         1         3         0   107.906   5.25634
         2         1         3         1   131.562   6.39607
         2         1         3         2   77.2651     5.666
         2         1         3         3   109.823   6.46143
         2         1         3         4   122.124   6.52586
         2         1         3         5   117.423   6.86518
         2         1         3         6   80.1997   6.51687
         2         1         3         7   83.6798   7.42714
         2         1         3         8   119.402   22.4038
         2         1         3         9   89.1707   25.3399
         2         1         3        10   105.839    14.362
         2         1         3        11   98.7801   9.85016
         2         1         3        12   124.676   7.77227
         2         1         3        13   95.6838   11.7239
         2         1         3        14   95.4442   14.0184
         2         1         3        15   93.0971   13.4544
         2         1         3        16   97.6525    11.751
         2         1         3        17   108.068   12.8898
         2         1         3        18   80.2687   9.25548
         2         1         3        19   150.221   8.69182
         2         1         3        20   114.108   5.34321
         2         1         3        21   117.002   14.7503
         2         1         3        22   115.457   22.1752
         2         1         3        23   128.668   17.9758
         2         1         3        24   165.619    13.461
         2         1         3        25   100.097   17.1177
         2         1         3        26   137.214   6.19084
         2         1         3        27   124.425   6.11454
         2         1         3        28   131.514   10.4117
         2         1         3        29   79.8475   10.3376
         2         1         3        30   99.6346   11.7288
         2         1         3        31   95.9255   9.73182
         2         1         4         0   135.783   14.0276
         2         1         4         1   158.963   18.1073
         2         1         4         2    165.38   14.9541
         2         1         4         3   123.077   12.2527
         2         1         4         4   154.539   15.3247
         2         1         4         5   130.276    10.457
         2         1         4         6   67.0876   19.8366
         2         1         4         7   148.345    18.084
         2         1         4         8   70.3359    22.931
         2         1         4         9   120.376    22.352
         2         1         4        10   112.508   18.8719
         2         1         4        11   96.0477   20.9402
         2         1         4        12   114.565   7.68421
         2         1         4        13    116.01   16.8182
         2         1         4        14   140.303   12.2151
         2         1         4        15   100.068   13.4719
         2         1         4        16   127.057   19.3982
         2         1         4        17   157.529   19.4962
         2         1         4        18   154.846   15.6488
         2         1         4        19   91.2939   11.9324
         2         1         4        20   114.115   14.2298
         2         1         4        21   123.541    13.558
         2         1         4        22   116.908   22.1299
         2         1         4        23   159.637   27.8161
         2         1         4        24   100.167   23.9762
         2         1         4        25   105.614   24.9719
         2         1         4        26   105.701   14.1679
         2         1         4        27   192.179   17.8235
         2         1         4        28   153.215   14.8127
         2         1         4        29     111.3   12.1512
         2         1         4        30   150.827   17.6839
         2         1         4        31   140.059   17.9843
         2         1         5         0   95.4139   3.00904
         2         1         5         1   134.047    3.0931
         2         1         5         2   154.921   3.49983
         2         1         5         3   104.772   3.22133
         2         1         5         4   116.957   3.26817
         2         1         5         5   102.953   3.24714
         2         1         5         6   135.149   4.71607
         2         1         5         7   148.272   4.11649
         2         1         5         8   105.154   6.79473
         2         1         5         9   128.357   6.69504
         2         1         5        10   146.549   3.73361
         2         1         5        11   112.736   2.73639
         2         1         5        12   103.044   3.12265
         2         1         5        13   112.574   4.34826
         2         1         5        14   110.446   4.41751
         2         1         5        15   160.058   4.94008
         2         1         5        16   153.775   9.89487
         2         1         5        17   142.254   9.61585
         2         1         5        18   152.065   10.3731
         2         1         5        19   99.4494   9.14872
         2         1         5        20   99.9641   19.1444
         2         1         5        21   145.368   16.0354
         2         1         5        22   148.979   19.9129
         2         1         5        23    89.897   31.9083
         2         1         5        24   100.389   13.8766
         2         1         5        25   125.484   8.72003
         2         1         5        26    125.96   6.20095
         2         1         5        27   103.958   7.63468
         2         1         5        28   96.2026   6.73072
         2         1         5        29   106.832   7.47503
         2         1         5        30   134.125   6.50121
         2         1         5        31   121.241   7.86425
         2         2         0         0   109.425   19.2491
         2         2         0         1   75.5981   12.7809
         2         2         0         2   122.028   8.18314
         2         2         0         3   98.2419   11.3636
         2         2         0         4   127.379   19.0507
         2         2         0         5   87.5283   12.1166
         2         2         0         6   120.021   15.1938
         2         2         0         7    108.18   10.9053
         2         2         0         8   98.2536   13.5904
         2         2         0         9   111.295   5.59366
         2         2         0        10   88.1707   14.8771
         2         2         0        11   115.906    8.9071
         2         2         0        12   93.7959   19.7981
         2         2         0        13   120.788   9.79966
         2         2         0        14   118.519   10.2208
         2         2         0        15   123.219   14.3974
         2         2         0        16   118.978   15.9313
         2         2         0        17    99.055   10.5171
         2         2         0        18   139.665   17.2248
         2         2         0        19   150.413   17.5844
         2         2         0        20   83.5973   18.3842
         2         2         0        21   83.6078   22.9364
         2         2         0        22   83.3712   18.8476
         2         2         0        23   95.6402    17.916
         2         2         0        24   141.775   22.2858
         2         2         0        25   74.2818    14.835
         2         2         0        26   95.7193   12.7324
         2         2         0        27   119.741    10.704
         2         2         0        28   106.808   13.8078
         2         2         0        29   148.575   27.5952
         2         2         0        30   109.087    12.157
         2         2         0        31   104.315   15.4042
         2         2         1         0   113.139   11.7596
         2         2         1         1   175.948   14.4127
         2         2         1         2   157.468   13.9569
         2         2         1         3   98.3338    10.219
         2         2         1         4   72.5058   8.39001
         2         2         1         5   113.726   4.34843
         2         2         1         6   159.706   5.09546
         2         2         1         7   82.2809   5.35404
         2         2         1         8   127.441   6.60753
         2         2         1         9   118.164   6.56152
         2         2         1        10   106.744   6.47611
         2         2         1        11   96.7847   6.29928
         2         2         1        12   119.581   6.48688
         2         2         1        13   103.129   6.35242
         2         2         1        14    114.18   6.38059
         2         2         1        15   113.541   6.45815
         2         2         1        16   174.051    6.1975
         2         2         1        17   98.2457   6.72743
         2         2         1        18   115.663   7.69319
         2         2         1        19   109.837   7.12671
         2         2         1        20    167.17   7.66248
         2         2         1        21   120.443   5.86322
         2         2         1        22   148.422   10.0058
         2         2         1        23   146.568   11.3539
         2         2         1        24   125.554   6.57973
         2         2         1        25   109.018   11.3061
         2         2         1        26   120.558   13.5993
         2         2         1        27   134.079   9.77171
         2         2         1        28   100.215   15.4201
         2         2         1        29   116.863   10.6648
         2         2         1        30   137.152   9.99411
         2         2         1        31   112.808   7.71791
         2         2         2         0    120.52   13.6171
         2         2         2         1   131.704   16.3703
         2         2         2         2   148.725   18.6874
         2         2         2         3   119.145    12.483
         2         2         2         4   78.1607   17.6133
         2         2         2         5   120.274   9.74635
         2         2         2         6   96.4991   11.1784
         2         2         2         7   117.218   21.7034
         2         2         2         8   147.493   22.8705
         2         2         2         9   91.6325   16.4034
         2         2         2        10   105.994   7.81633
         2         2         2        11   79.6591   18.5119
         2         2         2        12   113.954   11.2662
         2         2         2        13   103.027   11.0088
         2         2         2        14   141.904   13.7503
         2         2         2        15   154.377   15.3275
         2         2         2        16   57.1346   13.6599
         2         2         2        17    125.63   22.0631
         2         2         2        18   108.535   14.7943
         2         2         2        19   134.558   15.1593
         2         2         2        20    110.29   8.17867
         2         2         2        21   80.6616   18.6611
         2         2         2        22   89.0843   16.3222
         2         2         2        23   100.366   25.4392
         2         2         2        24   113.071   16.2663
         2         2         2        25   126.129   16.0877
         2         2         2        26   121.074   13.4165
         2         2         2        27   116.389   8.77012
         2         2         2        28   100.628    13.094
         2         2         2        29   93.4236   12.2791
         2         2         2        30   96.7502   13.1304
         2         2         2        31   107.317   14.8936
         2         2         3         0   80.1518   16.9072
         2         2         3         1   92.1702   8.83177
         2         2         3         2   112.995   12.9492
         2         2         3         3   95.0049   15.5012
         2         2         3         4   125.124   15.0287
         2         2         3         5   106.957   8.09984
         2         2         3         6   137.413    15.259
         2         2         3         7   67.8089   15.5142
         2         2         3         8   121.118   26.8912
         2         2         3         9   130.591   19.2757
         2         2         3        10   107.365   10.3092
         2         2         3        11   111.371   9.14565
         2         2         3        12   140.939   14.1647
         2         2         3        13   94.4459   11.6605
         2         2         3        14   152.335   18.2289
         2         2         3        15   88.2868   13.0128
         2         2         3        16   85.6156   13.7706
         2         2         3        17   124.572   16.6813
         2         2         3        18   104.199   12.9093
         2         2         3        19   84.9283   10.0182
         2         2         3        20   93.7901   7.96379
         2         2         3        21   78.4039   14.7171
         2         2         3        22   119.332   23.4514
         2         2         3        23   124.489   31.8352
         2         2         3        24   136.384   21.3541
         2         2         3        25   76.8335   12.3123
         2         2         3        26   125.036   14.1276
         2         2         3        27   112.595   16.4938
         2         2         3        28   83.5178   11.8628
         2         2         3        29   113.845   12.6791
         2         2         3        30   95.0734   9.62927
         2         2         3        31   60.9734   12.5622
         2         2         4         0   154.983   5.02082
         2         2         4         1   97.4103   7.33148
         2         2         4         2   89.0434   8.69142
         2         2         4         3   110.491   10.0983
         2         2         4         4   109.869   9.57376
         2         2         4         5   96.4439   8.82978
         2         2         4         6   122.798   6.41337
         2         2         4         7   155.743   5.85703
         2         2         4         8    152.52   8.37515
         2         2         4         9   81.8628   8.23223
         2         2         4        10   162.048    5.1896
         2         2         4        11   124.591   4.51307
         2         2         4        12   113.587    5.4474
         2         2         4        13   106.459   5.88623
         2         2         4        14   94.8067   6.54964
         2         2         4        15   82.0521   7.71813
         2         2         4        16   106.061   9.60219
         2         2         4        17    127.65   10.8075
         2         2         4        18    128.16   8.96475
         2         2         4        19   104.806   12.3847
         2         2         4        20   150.227   8.54067
         2         2         4        21   129.711   6.26287
         2         2         4        22   147.744   12.0822
         2         2         4        23    126.62   13.4336
         2         2         4        24   152.527   13.7496
         2         2         4        25   149.993   14.3603
         2         2         4        26   102.002   10.9815
         2         2         4        27   119.487   13.8292
         2         2         4        28   120.072   8.24627
         2         2         4        29   121.492   15.7122
         2         2         4        30   151.685   11.3536
         2         2         4        31   126.178    11.739
         2         2         5         0   140.938   1.22095
         2         2         5         1   144.892   17.7771
         2         2         5         2    91.439   13.4753
         2         2         5         3   158.318    19.093
         2         2         5         4   110.929   13.5171
         2         2         5         5   123.148   15.4923
         2         2         5         6   111.511   12.6816
         2         2         5         7   140.729   16.2091
         2         2         5         8   135.494   24.8293
         2         2         5         9   79.0656   18.6119
         2         2         5        10   119.667    14.664
         2         2         5        11   112.341   13.6654
         2         2         5        12   75.9675   23.7987
         2         2         5        13    90.683   15.6234
         2         2         5        14   87.2815   13.4781
         2         2         5        15    144.04   15.5763
         2         2         5        16   145.979    21.202
         2         2         5        17   107.238   14.2842
         2         2         5        18   115.053   11.6518
         2         2         5        19   99.1394   12.9345
         2         2         5        20   141.366   24.0781
         2         2         5        21   91.6415   33.6035
         2         2         5        22   106.595   44.3449
         2         2         5        23   71.3644   41.7133
         2         2         5        24   84.9187   14.0686
         2         2         5        25   109.822   12.7668
         2         2         5        26   92.8802   12.9819
         2         2         5        27   121.559   18.9983
         2         2         5        28    73.859   14.6765
         2         2         5        29   116.282   19.6584
         2         2         5        30   142.707   24.0284
         2         2         5        31   139.213   20.5044
         2         3         0         0     108.3    3.0284
         2         3         0         1   128.642   7.11594
         2         3         0         2   117.086   6.75808
         2         3         0         3   127.299   5.65815
         2         3         0         4   176.118   4.49091
         2         3         0         5   139.223   4.57636
         2         3         0         6   118.208   3.17849
         2         3         0         7   158.365   3.97305
         2         3         0         8   123.729   4.18882
         2         3         0         9   143.828   4.02872
         2         3         0        10    141.24    3.7746
         2         3         0        11   129.463   3.75112
         2         3         0        12   137.238   3.92119
         2         3         0        13   151.507   4.37955
         2         3         0        14   133.256   4.62591
         2         3         0        15   155.499    6.2423
         2         3         0        16   121.026   4.08762
         2         3         0        17   150.113   2.97573
         2         3         0        18    114.67   3.36294
         2         3         0        19   129.701   2.46043
         2         3         0        20    116.77   2.66491
         2         3         0        21   118.296   2.66489
         2         3         0        22   171.163   2.91133
         2         3         0        23   130.655   2.73557
         2         3         0        24   177.485   3.05896
         2         3         0        25   98.1976   2.95241
         2         3         0        26   119.717   3.72401
         2         3         0        27   111.811   2.41834
         2         3         0        28   123.145   2.58196
         2         3         0        29   181.608   2.77736
         2         3         0        30   167.239   2.52828
         2         3         0        31   161.158   2.62103
         2         3         1         0   79.7384   9.65705
         2         3         1         1    134.53   15.1346
         2         3         1         2   102.848   8.58578
         2         3         1         3   89.5442   16.2898
         2         3         1         4   101.161   7.16764
         2         3         1         5   103.195   6.83208
         2         3         1         6    106.73   11.7662
         2         3         1         7    92.944   16.0067
         2         3         1         8   97.7878   19.9563
         2         3         1         9   109.626   15.1939
         2         3         1        10   140.009   15.1563
         2         3         1        11   99.8101   8.25648
         2         3         1        12   103.002   9.16366
         2         3         1        13   129.919   14.0886
         2         3         1        14   102.285   9.51756
         2         3         1        15    137.29   14.0243
         2         3         1        16   139.764   8.42948
         2         3         1        17    96.133     9.141
         2         3         1        18   100.515   6.99523
         2         3         1        19    93.463   5.55228
         2         3         1        20   104.191   4.38048
         2         3         1        21   133.669   7.63456
         2         3         1        22   127.671   20.6641
         2         3         1        23   127.097   21.8565
         2         3         1        24   120.351   7.46422
         2         3         1        25   89.8924   9.72704
         2         3         1        26   123.346   6.08235
         2         3         1        27   164.419   5.82684
         2         3         1        28   119.911   6.17871
         2         3         1        29   91.7226   6.61353
         2         3         1        30   103.636   8.36451
         2         3         1        31    136.18    9.8717
         2         3         2         0   90.5486   14.4518
         2         3         2         1   118.478    13.222
         2         3         2         2    135.46   12.0077
         2         3         2         3   144.011   10.8561
         2         3         2         4   128.101   17.6532
         2         3         2         5   106.818   7.48122
         2         3         2         6   112.541   10.1577
         2         3         2         7   120.125   12.5079
         2         3         2         8    89.466   22.6492
         2         3         2         9   87.4155    21.671
         2         3         2        10   107.995   13.2694
         2         3         2        11   138.825    14.284
         2         3         2        12   122.402   10.5357
         2         3         2        13   94.1175   14.3868
         2         3         2        14   122.352   11.1002
         2         3         2        15   153.808   15.9719
         2         3         2        16   129.249   19.2569
         2         3         2        17   141.732   15.2891
         2         3         2        18    106.81   19.1479
         2         3         2        19   127.079   13.5623
         2         3         2        20   124.764   8.66824
         2         3         2        21   101.118   13.6957
         2         3         2        22   129.448   18.6473
         2         3         2        23    94.237   23.7762
         2         3         2        24   115.026    19.147
         2         3         2        25   109.338   18.1025
         2         3         2        26   107.298    9.5532
         2         3         2        27   125.003   9.57867
         2         3         2        28   127.855     10.71
         2         3         2        29   143.098   12.9819
         2         3         2        30   113.342   12.8226
         2         3         2        31   85.6436   13.5492
         2         3         3         0   126.056   39.1352
         2         3         3         1   125.623   25.7663
         2         3         3         2   118.615   23.3984
         2         3         3         3   68.9991   21.0174
         2         3         3         4   104.383   22.0334
         2         3         3         5   135.405   22.7189
         2         3         3         6    115.38     24.39
         2         3         3         7    126.12   36.6898
         2         3         3         8   118.673   20.5803
         2         3         3         9   118.327    17.996
         2         3         3        10   109.576   18.5568
         2         3         3        11   86.3495   16.5641
         2         3         3        12   115.514   16.5743
         2         3         3        13   123.117   20.6243
         2         3         3        14   127.078   17.8488
         2         3         3        15   109.271   17.6745
         2         3         3        16   117.884   2.39984
         2         3         3        17   124.121   2.70303
         2         3         3        18   107.344    2.4327
         2         3         3        19   146.261   2.56769
         2         3         3        20   101.978   2.44445
         2         3         3        21   103.535   2.79534
         2         3         3        22   134.412   3.28821
         2         3         3        23   120.023   4.94716
         2         3         3        24   160.096   2.83636
         2         3         3        25   168.139   2.83882
         2         3         3        26   127.549   2.54607
         2         3         3        27   140.255   2.72675
         2         3         3        28   116.675    3.2216
         2         3         3        29   153.534   2.54245
         2         3         3        30   132.504   2.46833
         2         3         3        31   97.0993    2.6332
         2         3         4         0   86.0834   10.2092
         2         3         4         1   104.597   12.4653
         2         3         4         2   121.679   8.30057
         2         3         4         3   145.999   4.14856
         2         3         4         4   111.446   3.37453
         2         3         4         5    91.071   3.28604
         2         3         4         6   70.7506    4.7222
         2         3         4         7   121.349   3.89901
         2         3         4         8   153.736   5.35607
         2         3         4         9   134.175    4.6968
         2         3         4        10   102.795   4.85357
         2         3         4        11    111.37   4.60914
         2         3         4        12   122.449   4.74768
         2         3         4        13   115.061   5.17243
         2         3         4        14    65.857    5.3278
         2         3         4        15   122.312   5.67156
         2         3         4        16   103.713   2.76671
         2         3         4        17    84.469   2.69345
         2         3         4        18   86.9772   3.11399
         2         3         4        19   79.7562    2.7635
         2         3         4        20   124.284    2.8835
         2         3         4        21   87.1848   2.40836
         2         3         4        22   102.259   2.65359
         2         3         4        23   130.596   2.82734
         2         3         4        24     87.36   5.57498
         2         3         4        25   77.8197   3.45929
         2         3         4        26   124.956   3.71228
         2         3         4        27   144.712   2.78761
         2         3         4        28   122.499   2.66326
         2         3         4        29   138.234   2.59766
         2         3         4        30   83.1753   2.60673
         2         3         4        31   133.739   2.62808
         2         3         5         0   104.683   14.3315
         2         3         5         1   74.3738   13.5205
         2         3         5         2   135.638   15.2965
         2         3         5         3   137.583   19.3744
         2         3         5         4   109.085   7.53322
         2         3         5         5   117.099    10.052
         2         3         5         6   103.975   11.7182
         2         3         5         7   86.1368   12.7433
         2         3         5         8   104.714   10.7182
         2         3         5         9   93.9782   10.2736
         2         3         5        10    103.42   17.0517
         2         3         5        11   110.228   13.2249
         2         3         5        12   82.6409    13.053
         2         3         5        13   108.047   8.56065
         2         3         5        14   86.7587   11.6555
         2         3         5        15   82.5165   10.9066
         2         3         5        16   91.5425   12.3226
         2         3         5        17   129.377   17.6952
         2         3         5        18   97.8511     11.09
         2         3         5        19   142.368   16.8184
         2         3         5        20   114.709   19.9517
         2         3         5        21   110.629   19.1139
         2         3         5        22    103.07   23.8116
         2         3         5        23   126.472   35.8385
         2         3         5        24   115.778   9.82061
         2         3         5        25   157.285   12.7009
         2         3         5        26   91.7529   12.0468
         2         3         5        27   107.065   10.0287
         2         3         5        28   96.2661   12.6078
         2         3         5        29   143.084   17.8094
         2         3         5        30   141.103   20.6102
         2         3         5        31   118.636   19.0347
         2         4         0         0   109.531   4.52167
         2         4         0         1   144.983   4.95404
         2         4         0         2   169.217   5.14164
         2         4         0         3    134.68   5.59368
         2         4         0         4   206.332   4.92713
         2         4         0         5   152.699   5.79582
         2         4         0         6   158.396   8.04026
         2         4         0         7   123.406    10.626
         2         4         0         8   202.199   7.29258
         2         4         0         9   164.889   5.63261
         2         4         0        10   123.085   3.69736
         2         4         0        11   153.138   3.29727
         2         4         0        12   171.044   3.98394
         2         4         0        13   132.894   5.08911
         2         4         0        14   130.479   6.58182
         2         4         0        15   159.026   9.12309
         2         4         0        16   174.022   10.4307
         2         4         0        17   162.702   8.86666
         2         4         0        18   158.857   7.98372
         2         4         0        19   106.451   10.5844
         2         4         0        20   157.607   7.53383
         2         4         0        21   148.847   6.38618
         2         4         0        22   164.164   9.73356
         2         4         0        23   142.685   8.54225
         2         4         0        24   200.269   13.1452
         2         4         0        25   137.564   10.8799
         2         4         0        26   154.265   6.45776
         2         4         0        27   144.532   8.29324
         2         4         0        28    116.86   7.49168
         2         4         0        29    152.35    5.4397
         2         4         0        30   155.614   6.80521
         2         4         0        31   176.294   6.26964
         2         4         1         0   130.544   11.6939
         2         4         1         1   148.345   10.9256
         2         4         1         2   96.6618   7.74212
         2         4         1         3   99.3767   6.90197
         2         4         1         4    77.634   11.2283
         2         4         1         5   121.541   10.6801
         2         4         1         6   144.991   13.7293
         2         4         1         7   100.216   15.9102
         2         4         1         8   93.9994   9.73868
         2         4         1         9   95.8867   13.0562
         2         4         1        10   128.678   6.04252
         2         4         1        11   146.581    6.8723
         2         4         1        12   95.8405   9.96326
         2         4         1        13   128.055   9.47462
         2         4         1        14   126.324   10.8839
         2         4         1        15   90.7667   15.4497
         2         4         1        16    139.35    17.716
         2         4         1        17   133.807   13.2745
         2         4         1        18   140.897   10.7271
         2         4         1        19   109.027   10.0289
         2         4         1        20   137.217   11.2064
         2         4         1        21   86.1362   22.9918
         2         4         1        22   113.549   23.3396
         2         4         1        23   156.357    30.535
         2         4         1        24   105.055   13.0838
         2         4         1        25   144.941   17.6019
         2         4         1        26    65.447   16.9618
         2         4         1        27   112.501   10.9002
         2         4         1        28   92.0837   11.4221
         2         4         1        29    123.53    16.106
         2         4         1        30   84.9426   12.3132
         2         4         1        31   83.9095   13.8908
         2         4         2         0   131.226   10.7909
         2         4         2         1   128.469   9.46234
         2         4         2         2   152.126   12.0439
         2         4         2         3   98.6809   9.28187
         2         4         2         4   127.503   9.62202
         2         4         2         5   134.603   8.03753
         2         4         2         6   94.1772   9.43629
         2         4         2         7    86.483   16.0832
         2         4         2         8   106.681   18.9388
         2         4         2         9   122.493   14.5806
         2         4         2        10    122.43   9.49314
         2         4         2        11   104.055   12.0846
         2         4         2        12    108.04   5.71459
         2         4         2        13   158.474   12.8057
         2         4         2        14   113.601   9.58112
         2         4         2        15   113.105   8.51928
         2         4         2        16   113.064    11.827
         2         4         2        17   96.2318   8.90544
         2         4         2        18   112.908   7.88373
         2         4         2        19   119.557     4.601
         2         4         2        20   152.288   6.61936
         2         4         2        21   151.743   12.6746
         2         4         2        22    133.41   19.1055
         2         4         2        23   120.849   30.7295
         2         4         2        24   127.396   10.1893
         2         4         2        25   123.924   5.43576
         2         4         2        26   126.409   5.85259
         2         4         2        27   157.788   8.27213
         2         4         2        28   150.682   10.6043
         2         4         2        29   147.822   11.7194
         2         4         2        30   122.086   11.8768
         2         4         2        31   160.412   13.3525
         2         4         3         0   125.151   6.12376
         2         4         3         1   128.673   6.88856
         2         4         3         2   130.322    7.4611
         2         4         3         3   111.283   6.46993
         2         4         3         4   147.198   6.91574
         2         4         3         5   114.227   6.01457
         2         4         3         6   126.649   7.62607
         2         4         3         7   133.009   11.4693
         2         4         3         8   126.195   11.1176
         2         4         3         9   120.402   14.1937
         2         4         3        10   117.267   7.39366
         2         4         3        11   156.681   4.83026
         2         4         3        12   114.695   5.97889
         2         4         3        13   112.913   8.42196
         2         4         3        14   139.288   9.46917
         2         4         3        15    107.19   7.52896
         2         4         3        16   118.794    3.1315
         2         4         3        17    99.637   2.39428
         2         4         3        18   107.428    2.2983
         2         4         3        19   94.1858   2.23648
         2         4         3        20   91.8789   2.19356
         2         4         3        21   108.305   2.38663
         2         4         3        22   119.302   2.45036
         2         4         3        23   111.604   2.58135
         2         4         3        24   112.112   2.70479
         2         4         3        25   124.493    2.6465
         2         4         3        26   101.085   2.40677
         2         4         3        27   125.001   2.47586
         2         4         3        28   119.638   2.42664
         2         4         3        29   131.145    2.3521
         2         4         3        30   101.161   2.30572
         2         4         3        31   91.7063   2.40246
         2         4         4         0   106.496   5.78591
         2         4         4         1   138.884   6.63329
         2         4         4         2   145.781   6.41362
         2         4         4         3   134.554    5.0019
         2         4         4         4   130.904   4.40542
         2         4         4         5   104.016   5.09559
         2         4         4         6     162.7   5.87162
         2         4         4         7    159.56   8.02685
         2         4         4         8   102.358   7.42752
         2         4         4         9   140.632   7.49424
         2         4         4        10   99.2651   8.24667
         2         4         4        11   130.828   4.24422
         2         4         4        12   129.951   4.32072
         2         4         4        13   132.608   6.07849
         2         4         4        14   110.171   7.85859
         2         4         4        15   134.163   6.95551
         2         4         4        16   126.468   4.28789
         2         4         4        17   140.107   3.82154
         2         4         4        18   116.353   3.68172
         2         4         4        19   153.953   3.31731
         2         4         4        20   151.156   3.28982
         2         4         4        21   142.497   3.34539
         2         4         4        22   178.151   3.69199
         2         4         4        23   115.692   3.86655
         2         4         4        24   108.894   3.42316
         2         4         4        25   144.861   3.70218
         2         4         4        26   134.099   3.84234
         2         4         4        27   109.713    3.7396
         2         4         4        28   120.164   4.42033
         2         4         4        29   155.593   5.24185
         2         4         4        30   139.523   6.60845
         2         4         4        31   161.623   5.33808
         2         4         5         0   118.677   4.80821
         2         4         5         1   161.099   7.12609
         2         4         5         2   130.217   5.83094
         2         4         5         3   103.272   4.87223
         2         4         5         4   120.549   5.15171
         2         4         5         5   147.391   3.85133
         2         4         5         6   123.159   4.78238
         2         4         5         7   170.411   5.87024
         2         4         5         8   150.001   8.58283
         2         4         5         9   140.493   8.89994
         2         4         5        10   121.055   6.61587
         2         4         5        11   176.713   3.49833
         2         4         5        12   169.792   5.28568
         2         4         5        13   132.472   5.67717
         2         4         5        14   137.512   6.03808
         2         4         5        15    157.64   6.26502
         2         4         5        16   152.925   3.14212
         2         4         5        17   141.798   3.15232
         2         4         5        18     175.7   3.14919
         2         4         5        19    147.32   2.77845
         2         4         5        20    142.95   2.88867
         2         4         5        21    99.431   2.63771
         2         4         5        22   143.223   5.97006
         2         4         5        23   127.866   9.30711
         2         4         5        24   181.406   2.79133
         2         4         5        25   187.738   2.86811
         2         4         5        26   151.509   2.61122
         2         4         5        27   165.544   2.69699
         2         4         5        28   154.442   3.03462
         2         4         5        29   149.772   3.49214
         2         4         5        30   138.832    4.3199
         2         4         5        31   141.225   3.51177
         2         5         0         0    97.296    2.9755
         2         5         0         1    141.65   3.61893
         2         5         0         2   118.396   1.42836
         2         5         0         3   114.051   4.58887
         2         5         0         4   80.4395   3.87555
         2         5         0         5   141.883   4.15528
         2         5         0         6   104.698   4.14431
         2         5         0         7   106.298   4.05752
         2         5         0         8   104.606   3.77617
         2         5         0         9   100.486   3.26204
         2         5         0        10   106.784   3.25583
         2         5         0        11   72.8276    2.4537
         2         5         0        12   162.178   3.11135
         2         5         0        13   103.606   4.55264
         2         5         0        14    137.71   4.38756
         2         5         0        15   106.061   6.91468
         2         5         0        16   113.838   6.59059
         2         5         0        17   120.626   6.00405
         2         5         0        18    129.08    5.8187
         2         5         0        19   101.805   5.16289
         2         5         0        20    125.69   5.67643
         2         5         0        21   118.264   5.34984
         2         5         0        22   121.257    4.9992
         2         5         0        23   191.529   6.50018
         2         5         0        24   111.702    4.5531
         2         5         0        25   119.147   10.3751
         2         5         0        26   94.7295   20.5783
         2         5         0        27   148.902   10.2652
         2         5         0        28   150.365   9.21396
         2         5         0        29   117.513   6.47744
         2         5         0        30   124.276    5.6322
         2         5         0        31   117.705   4.63198
         2         5         1         0   85.8518   2.68416
         2         5         1         1   121.234   3.41572
         2         5         1         2   145.155   3.44829
         2         5         1         3   124.657   4.02399
         2         5         1         4   120.266   3.93092
         2         5         1         5   155.511   4.18682
         2         5         1         6   131.529    4.0033
         2         5         1         7   152.279   3.88238
         2         5         1         8   118.132    3.4986
         2         5         1         9   115.089   3.44516
         2         5         1        10   131.276   3.46393
         2         5         1        11    130.12   2.97823
         2         5         1        12   109.067   3.09018
         2         5         1        13   117.096   3.93006
         2         5         1        14   98.5563   4.72205
         2         5         1        15   139.286   5.73955
         2         5         1        16   86.3492   9.71229
         2         5         1        17    168.32   13.6009
         2         5         1        18   132.121   11.1618
         2         5         1        19   127.584   9.04185
         2         5         1        20   152.484   9.75023
         2         5         1        21   119.484   11.4811
         2         5         1        22   121.832   17.4571
         2         5         1        23   161.822   25.9324
         2         5         1        24    125.68   6.24674
         2         5         1        25   104.524   4.82171
         2         5         1        26   144.711   5.16378
         2         5         1        27   154.402   5.85008
         2         5         1        28   144.771     5.457
         2         5         1        29   147.956   5.15993
         2         5         1        30   94.5873   4.50869
         2         5         1        31   125.916   4.79414
         2         5         2         0   117.354   3.37056
         2         5         2         1   151.527   3.87169
         2         5         2         2   118.053   3.81875
         2         5         2         3   129.751   4.20508
         2         5         2         4   100.826    4.2156
         2         5         2         5    89.271   3.89401
         2         5         2         6   123.112   4.36898
         2         5         2         7   144.175   3.97682
         2         5         2         8   126.715   4.09821
         2         5         2         9   92.0481   3.07727
         2         5         2        10   125.669   3.34783
         2         5         2        11   112.698   2.88503
         2         5         2        12   109.175   3.27921
         2         5         2        13   75.1228   3.88607
         2         5         2        14   96.0892   4.62608
         2         5         2        15   143.682   6.91069
         2         5         2        16   109.412   6.07731
         2         5         2        17   122.827    6.0256
         2         5         2        18   62.6426     3.647
         2         5         2        19   100.871   4.99493
         2         5         2        20   122.821   5.94376
         2         5         2        21   113.937   6.48455
         2         5         2        22   137.821   5.79489
         2         5         2        23   113.028   5.84103
         2         5         2        24   103.615   11.4724
         2         5         2        25   143.681   15.0113
         2         5         2        26   112.724   18.7396
         2         5         2        27   135.466    9.3188
         2         5         2        28   119.816    9.2156
         2         5         2        29   127.578   8.88892
         2         5         2        30    170.12   10.4708
         2         5         2        31   117.529   5.27493
         2         5         3         0   174.042   4.51031
         2         5         3         1   133.903   6.18941
         2         5         3         2   114.099   8.24233
         2         5         3         3   133.172   8.27355
         2         5         3         4   165.812   9.85649
         2         5         3         5   109.054   8.32318
         2         5         3         6   128.809   6.95527
         2         5         3         7   124.484   6.20431
         2         5         3         8   112.915   9.10853
         2         5         3         9   152.476   7.96119
         2         5         3        10   137.516   5.69203
         2         5         3        11   125.428   4.17447
         2         5         3        12   115.096   7.66904
         2         5         3        13   131.117   11.2119
         2         5         3        14    129.25   9.02741
         2         5         3        15    143.61   11.7865
         2         5         3        16   180.667   6.28077
         2         5         3        17   161.046   5.71903
         2         5         3        18   170.116   6.23421
         2         5         3        19   121.756   5.53425
         2         5         3        20   154.283   5.45774
         2         5         3        21   114.526   5.21634
         2         5         3        22   172.327   5.62178
         2         5         3        23   147.225   5.35037
         2         5         3        24   153.809   9.82869
         2         5         3        25   172.705   10.8668
         2         5         3        26   144.507   12.5001
         2         5         3        27   170.112   8.14145
         2         5         3        28   175.323   9.12566
         2         5         3        29   140.189   7.58867
         2         5         3        30   190.267   7.67904
         2         5         3        31   164.645   6.06921
         2         5         4         0   99.2903   2.95024
         2         5         4         1   173.745   3.26093
         2         5         4         2   137.578   3.01031
         2         5         4         3   149.308   3.02646
         2         5         4         4   122.046   3.23774
         2         5         4         5   155.456   3.62908
         2         5         4         6   118.294   3.23535
         2         5         4         7   113.734   3.49761
         2         5         4         8   160.051   2.97628
         2         5         4         9   153.821   2.93956
         2         5         4        10   118.609   2.82356
         2         5         4        11   112.286    2.6155
         2         5         4        12   155.085   2.83663
         2         5         4        13   158.874   3.22376
         2         5         4        14   89.8867     3.132
         2         5         4        15   112.793    4.3337
         2         5         4        16   136.775   2.60395
         2         5         4        17   149.139   2.59237
         2         5         4        18   155.786   2.79627
         2         5         4        19   124.996   2.89763
         2         5         4        20   135.507   2.59129
         2         5         4        21   123.314   2.65887
         2         5         4        22   171.713   2.81345
         2         5         4        23   134.238   2.77459
         2         5         4        24    133.47   2.70053
         2         5         4        25   165.094   2.66397
         2         5         4        26   99.7795   3.09695
         2         5         4        27   115.657   3.69425
         2         5         4        28   134.975   3.64388
         2         5         4        29   141.553   2.83475
         2         5         4        30   126.996   2.49181
         2         5         4        31   169.064   2.49975
         2         5         5         0   132.627   15.8637
         2         5         5         1   103.056    8.8581
         2         5         5         2     93.04   8.85681
         2         5         5         3   166.482   20.2652
         2         5         5         4   100.511   9.37213
         2         5         5         5   86.4231   9.37159
         2         5         5         6   118.501   11.5979
         2         5         5         7   96.8215   13.7363
         2         5         5         8   89.1292   11.3943
         2         5         5         9   113.192   11.3041
         2         5         5        10   88.0691   11.7003
         2         5         5        11   125.892   9.25598
         2         5         5        12   116.638   13.6974
         2         5         5        13    92.698   15.3448
         2         5         5        14   103.124   18.4027
         2         5         5        15   120.221   15.9878
         2         5         5        16   88.8424   15.5398
         2         5         5        17    97.992    12.482
         2         5         5        18   86.5278    15.119
         2         5         5        19   130.014   36.7819
         2         5         5        20    75.844   39.4029
         2         5         5        21   102.951   42.0933
         2         5         5        22   76.4803   31.7182
         2         5         5        23   137.124   30.5743
         2         5         5        24   162.658   32.7604
         2         5         5        25   100.684   19.9116
         2         5         5        26   112.276   21.9244
         2         5         5        27   103.941   19.7699
         2         5         5        28   126.235   23.8806
         2         5         5        29   91.4783   19.6911
         2         5         5        30   71.6431   15.2539
         2         5         5        31   104.223    18.681
         3         0         0         0   164.899   3.00825
         3         0         0         1   104.202   2.55636
         3         0         0         2   89.1376   2.44129
         3         0         0         3   140.277   2.84801
         3         0         0         4   118.242   2.88304
         3         0         0         5   129.961   2.72812
         3         0         0         6   127.011    2.8086
         3         0         0         7   115.401   2.92517
         3         0         0         8   103.133   2.74527
         3         0         0         9   141.809    2.7867
         3         0         0        10   100.647   2.78691
         3         0         0        11   130.774   2.68286
         3         0         0        12    113.16   3.01171
         3         0         0        13   103.773    2.8377
         3         0         0        14   132.282   2.97307
         3         0         0        15   85.7503    3.9212
         3         0         0        16   150.008   8.44811
         3         0         0        17   125.148   4.87621
         3         0         0        18   140.664   3.32062
         3         0         0        19    130.33   2.45281
         3         0         0        20   77.5459   2.46165
         3         0         0        21   129.212   3.77699
         3         0         0        22   154.772   4.66111
         3         0         0        23     95.32   4.45494
         3         0         0        24    122.55   4.52766
         3         0         0        25   151.474   3.70165
         3         0         0        26   110.673    3.2853
         3         0         0        27   107.553   2.94335
         3         0         0        28   115.577   2.49982
         3         0         0        29   115.128   2.74561
         3         0         0        30   124.231   3.34495
         3         0         0        31   121.791    4.9149
         3         0         1         0   92.8773  0.746616
         3         0         1         1    131.35   3.06839
         3         0         1         2   112.076   2.93627
         3         0         1         3   129.901   2.88627
         3         0         1         4   136.167   2.88327
         3         0         1         5   174.678   3.16002
         3         0         1         6   101.459   2.77063
         3         0         1         7   111.719   5.51493
         3         0         1         8   136.376   2.63013
         3         0         1         9   127.622    2.6739
         3         0         1        10   119.914   2.85043
         3         0         1        11   97.7309   2.73074
         3         0         1        12   80.0523   2.70205
         3         0         1        13     146.4   2.95675
         3         0         1        14   67.3455   2.58952
         3         0         1        15   92.0812   3.42987
         3         0         1        16    144.56   3.06648
         3         0         1        17   112.402   2.62601
         3         0         1        18   102.396   2.51865
         3         0         1        19   103.709   2.56336
         3         0         1        20   84.3147   2.36165
         3         0         1        21   115.609   2.68318
         3         0         1        22   73.8416   2.31179
         3         0         1        23   102.073   2.75918
         3         0         1        24   108.962   2.77984
         3         0         1        25   134.133   2.73997
         3         0         1        26    163.74   2.63927
         3         0         1        27   93.3153   2.66709
         3         0         1        28   100.246   2.70058
         3         0         1        29   115.801   2.82019
         3         0         1        30   94.3157   2.93754
         3         0         1        31   77.9155    2.9059
         3         0         2         0    116.28   2.80055
         3         0         2         1   131.306   2.70397
         3         0         2         2   113.932   2.89792
         3         0         2         3   97.4685   2.42537
         3         0         2         4   122.357   2.76411
         3         0         2         5   146.221   2.70399
         3         0         2         6   115.904   2.67808
         3         0         2         7   180.504   2.69391
         3         0         2         8   106.733   2.57422
         3         0         2         9   137.064   2.53396
         3         0         2        10   109.792   2.63158
         3         0         2        11   105.485   2.45403
         3         0         2        12   113.826   2.57909
         3         0         2        13   119.108   2.67374
         3         0         2        14   119.135   2.69235
         3         0         2        15   102.091   2.91374
         3         0         2        16   105.404   2.26795
         3         0         2        17   110.348   2.52876
         3         0         2        18    134.73   2.35825
         3         0         2        19   119.402   2.34167
         3         0         2        20   88.8636    2.1948
         3         0         2        21   120.578   2.46353
         3         0         2        22   107.993   2.29082
         3         0         2        23   108.584    2.3906
         3         0         2        24   132.844   2.56201
         3         0         2        25   131.788   2.31798
         3         0         2        26   126.608   2.39568
         3         0         2        27   126.231   2.55285
         3         0         2        28   95.8318   2.26967
         3         0         2        29   104.443   2.21169
         3         0         2        30   123.777   2.41706
         3         0         2        31   170.596   2.37646
         3         0         3         0   95.4517   5.96138
         3         0         3         1   128.582   6.68244
         3         0         3         2   170.962   7.40573
         3         0         3         3   163.547   6.08239
         3         0         3         4   76.7002   4.19391
         3         0         3         5    141.72   3.30542
         3         0         3         6    124.52   3.13975
         3         0         3         7   109.182   3.45132
         3         0         3         8   120.431    3.3183
         3         0         3         9   113.755   3.59052
         3         0         3        10    123.84   3.18904
         3         0         3        11   105.811   3.18286
         3         0         3        12   102.944   3.34666
         3         0         3        13   108.258   3.34102
         3         0         3        14   160.952    3.5852
         3         0         3        15   114.057     3.929
         3         0         3        16   110.676   2.69775
         3         0         3        17   124.954   2.65881
         3         0         3        18   95.6327   2.65594
         3         0         3        19   117.101   2.47347
         3         0         3        20   160.386   2.61919
         3         0         3        21   137.076   2.42918
         3         0         3        22   126.589    2.4413
         3         0         3        23   159.804   2.48224
         3         0         3        24   139.247   3.78263
         3         0         3        25   141.393    3.0468
         3         0         3        26   114.707   2.87854
         3         0         3        27   125.147   2.42457
         3         0         3        28   98.4091   2.28846
         3         0         3        29    131.03   2.27071
         3         0         3        30   121.413   2.47325
         3         0         3        31   142.684   2.49279
         3         0         4         0   164.874   4.97222
         3         0         4         1   153.481   8.81077
         3         0         4         2   122.083   6.51875
         3         0         4         3   117.906   6.10892
         3         0         4         4   147.387   6.69754
         3         0         4         5    124.92   5.17801
         3         0         4         6    114.98   6.29008
         3         0         4         7   113.679   5.36327
         3         0         4         8   108.562   8.78913
         3         0         4         9   86.3145   16.1031
         3         0         4        10   114.023   7.28311
         3         0         4        11   106.772   7.15384
         3         0         4        12   142.537   6.03552
         3         0         4        13   92.7206   8.12602
         3         0         4        14   115.668   7.19027
         3         0         4        15   89.6714   8.54021
         3         0         4        16   100.715   5.69976
         3         0         4        17    123.48   5.77238
         3         0         4        18   135.544   5.89574
         3         0         4        19   142.017   4.79617
         3         0         4        20   134.107   5.77207
         3         0         4        21   115.135   5.09077
         3         0         4        22   94.1819   6.34602
         3         0         4        23   137.881   7.23257
         3         0         4        24   163.969   10.9614
         3         0         4        25   130.731   10.4942
         3         0         4        26   88.2258    9.1812
         3         0         4        27   134.406   6.22346
         3         0         4        28    93.196   4.90231
         3         0         4        29   107.397   4.18496
         3         0         4        30    99.267   15.3549
         3         0         4        31   99.3093   7.78759
         3         0         5         0    121.41   3.36791
         3         0         5         1   129.301   3.53465
         3         0         5         2   137.667   3.87702
         3         0         5         3   90.0497   3.17469
         3         0         5         4   116.184   3.63175
         3         0         5         5    134.65   3.49309
         3         0         5         6   99.9075   3.24755
         3         0         5         7   124.847   3.90909
         3         0         5         8   126.802    6.1009
         3         0         5         9   125.803   6.63754
         3         0         5        10   137.762   4.23156
         3         0         5        11   102.872   5.46964
         3         0         5        12   68.4301   4.18181
         3         0         5        13   98.3067   3.30611
         3         0         5        14   121.794   3.70416
         3         0         5        15   119.884   3.97971
         3         0         5        16    122.53   5.03329
         3         0         5        17   131.558   3.40519
         3         0         5        18   68.6484   6.19815
         3         0         5        19   125.569   3.16527
         3         0         5        20   142.261   3.08219
         3         0         5        21    130.34   3.19812
         3         0         5        22   114.455   3.64547
         3         0         5        23   110.747   4.02938
         3         0         5        24   109.844  0.918136
         3         0         5        25   140.187   0.97332
         3         0         5        26   146.068  0.975007
         3         0         5        27   121.759  0.814778
         3         0         5        28   149.508  0.867257
         3         0         5        29   155.451   1.02331
         3         0         5        30   108.851  0.873352
         3         0         5        31   152.076   1.09186
         3         1         0         0   139.635   4.45853
         3         1         0         1   100.079   3.47262
         3         1         0         2   137.741   2.83762
         3         1         0         3   117.886   2.80569
         3         1         0         4   107.063   2.92405
         3         1         0         5   97.0985   3.61308
         3         1         0         6    101.96   5.67251
         3         1         0         7   88.5894  0.886887
         3         1         0         8   106.041   5.76389
         3         1         0         9   109.596   5.51059
         3         1         0        10    97.571   3.71146
         3         1         0        11   111.493   2.87321
         3         1         0        12   107.073   2.65872
         3         1         0        13   64.7537   2.93116
         3         1         0        14   94.1154   5.21445
         3         1         0        15   109.157   9.41565
         3         1         0        16   135.316   4.99947
         3         1         0        17   115.934   3.04138
         3         1         0        18   106.896   2.39116
         3         1         0        19    136.06   2.35197
         3         1         0        20   133.131   2.49978
         3         1         0        21   116.894   2.55673
         3         1         0        22   125.063   2.91472
         3         1         0        23    86.512   2.45926
         3         1         0        24   135.677   2.56098
         3         1         0        25   96.3945   2.43635
         3         1         0        26   96.7442   2.36482
         3         1         0        27   113.287   2.40535
         3         1         0        28   142.104   2.33192
         3         1         0        29   134.588   2.07837
         3         1         0        30    92.685    2.2582
         3         1         0        31   89.6468   2.34146
         3         1         1         0   99.0437   2.98154
         3         1         1         1    144.74   2.57032
         3         1         1         2   119.767   3.02969
         3         1         1         3   126.313   2.86564
         3         1         1         4    132.76   2.92346
         3         1         1         5   94.8436   2.60869
         3         1         1         6   77.2265   2.70653
         3         1         1         7    123.82   2.80258
         3         1         1         8   109.783   2.85425
         3         1         1         9   125.072   2.59005
         3         1         1        10   139.748   2.52056
         3         1         1        11   126.018   2.47094
         3         1         1        12   91.7425   2.69339
         3         1         1        13   122.402   2.89284
         3         1         1        14   106.848    3.2147
         3         1         1        15   110.083   3.60432
         3         1         1        16   126.183   2.84918
         3         1         1        17   86.2225   2.92366
         3         1         1        18   107.457   3.15422
         3         1         1        19   134.891   2.99029
         3         1         1        20   83.6357   2.63344
         3         1         1        21   131.402   2.84572
         3         1         1        22   99.8572   3.02623
         3         1         1        23   99.2934   3.24573
         3         1         1        24   123.221   3.29034
         3         1         1        25   79.1939   3.08152
         3         1         1        26   110.822   3.00836
         3         1         1        27   139.755   2.84853
         3         1         1        28    92.158   3.06353
         3         1         1        29   108.076   3.82751
         3         1         1        30    95.301   5.71358
         3         1         1        31   95.4744   9.00926
         3         1         2         0   87.2714   2.15401
         3         1         2         1   140.686   2.43057
         3         1         2         2   112.213   2.44933
         3         1         2         3   118.964   2.42257
         3         1         2         4   98.2104   2.42167
         3         1         2         5   118.833   2.43741
         3         1         2         6   133.622   2.36086
         3         1         2         7   135.553   2.40192
         3         1         2         8    118.83   2.36722
         3         1         2         9   123.088    2.4431
         3         1         2        10   131.769   2.29446
         3         1         2        11   115.733     2.363
         3         1         2        12   104.499   2.36812
         3         1         2        13   92.1824   2.36064
         3         1         2        14   132.426   2.65542
         3         1         2        15   111.911    2.9356
         3         1         2        16   125.071   2.50638
         3         1         2        17   108.141   2.28158
         3         1         2        18   100.378   2.11346
         3         1         2        19   141.499   2.35805
         3         1         2        20   68.9583   1.93957
         3         1         2        21   109.384   2.29925
         3         1         2        22   109.642   2.27192
         3         1         2        23   116.439   2.25855
         3         1         2        24    96.237   2.23224
         3         1         2        25   145.948   2.21881
         3         1         2        26   118.908   2.37638
         3         1         2        27   136.092   2.31405
         3         1         2        28   122.288    2.4507
         3         1         2        29   123.441   2.27778
         3         1         2        30   90.4152   2.17182
         3         1         2        31   99.1794   2.08395
         3         1         3         0   107.178   2.62698
         3         1         3         1   148.459   2.42942
         3         1         3         2    133.68   2.42004
         3         1         3         3    128.58   2.69865
         3         1         3         4   68.0995   2.11466
         3         1         3         5   78.8057   2.40283
         3         1         3         6   107.923   2.74786
         3         1         3         7   86.8774   2.39028
         3         1         3         8   108.045   2.43653
         3         1         3         9   116.726   2.34919
         3         1         3        10   78.9706   2.27332
         3         1         3        11   109.808   2.42744
         3         1         3        12   117.786   2.59219
         3         1         3        13   113.445   2.62548
         3         1         3        14   147.959   2.62706
         3         1         3        15   147.991   3.10966
         3         1         3        16   119.619   2.44852
         3         1         3        17   76.2308   2.08733
         3         1         3        18   119.055    2.7205
         3         1         3        19   114.752   2.24558
         3         1         3        20   143.611   2.58181
         3         1         3        21   108.566   2.41997
         3         1         3        22   147.752   2.66501
         3         1         3        23   178.129  0.813709
         3         1         3        24   100.704   2.38707
         3         1         3        25   107.559   2.48071
         3         1         3        26   148.547   2.46387
         3         1         3        27   119.505   2.36963
         3         1         3        28   137.216   2.62351
         3         1         3        29   120.838   2.47512
         3         1         3        30   91.8902   2.22723
         3         1         3        31   135.797   2.41403
         3         1         4         0    91.598   5.34847
         3         1         4         1   123.405   5.21225
         3         1         4         2   127.056   5.19521
         3         1         4         3   155.801   6.69719
         3         1         4         4   126.893    4.8094
         3         1         4         5   134.995   5.33286
         3         1         4         6   122.155   7.93519
         3         1         4         7   157.423   9.61569
         3         1         4         8    117.16   7.79607
         3         1         4         9   164.399   5.84695
         3         1         4        10    80.349   13.1591
         3         1         4        11   171.092   5.24315
         3         1         4        12    127.21   5.42388
         3         1         4        13   121.877   5.42963
         3         1         4        14   135.198   6.63352
         3         1         4        15   131.534   8.07615
         3         1         4        16   115.465   6.60436
         3         1         4        17   109.019   5.50535
         3         1         4        18   128.155   4.36647
         3         1         4        19   97.6502   5.42142
         3         1         4        20    127.93   4.14375
         3         1         4        21    146.06   6.75921
         3         1         4        22   109.307   9.85685
         3         1         4        23   154.552   6.15779
         3         1         4        24   115.471   15.6567
         3         1         4        25   144.725   9.04803
         3         1         4        26   146.123   7.01844
         3         1         4        27   110.547   4.90688
         3         1         4        28   125.161   4.64417
         3         1         4        29   101.549   11.1852
         3         1         4        30   112.431   5.61357
         3         1         4        31   75.8819   5.16792
         3         1         5         0   101.658   4.53626
         3         1         5         1   128.173   6.44175
         3         1         5         2   122.422   20.5563
         3         1         5         3   91.9405   5.71008
         3         1         5         4   74.8232   6.25158
         3         1         5         5   120.247   7.47045
         3         1         5         6   105.922   6.15794
         3         1         5         7   163.994   7.32011
         3         1         5         8    106.79    8.0022
         3         1         5         9   112.792   8.39561
         3         1         5        10   95.3895   9.11576
         3         1         5        11    108.91   8.24346
         3         1         5        12   156.711   9.68983
         3         1         5        13   108.878   14.5748
         3         1         5        14   121.672   7.01758
         3         1         5        15   97.3011   6.01035
         3         1         5        16   141.494   10.4769
         3         1         5        17    153.31   12.0671
         3         1         5        18   157.481    11.497
         3         1         5        19   85.6333   13.9154
         3         1         5        20   124.444   19.6481
         3         1         5        21   104.198   11.3106
         3         1         5        22   127.868   12.8038
         3         1         5        23   130.334   13.3282
         3         1         5        24   90.3017   7.42595
         3         1         5        25   126.495   6.60231
         3         1         5        26   90.2846   5.25827
         3         1         5        27   192.239   5.57401
         3         1         5        28   147.307   5.76449
         3         1         5        29   140.045    4.9679
         3         1         5        30   120.981   6.03251
         3         1         5        31   115.025    5.7082
         3         2         0         0   88.3968    2.4469
         3         2         0         1   123.219   2.76075
         3         2         0         2   73.7397   2.18124
         3         2         0         3   82.6385   2.41151
         3         2         0         4   120.694   2.80316
         3         2         0         5    116.47   2.81982
         3         2         0         6    83.604   2.47438
         3         2         0         7   109.157   2.83743
         3         2         0         8   103.904    2.9703
         3         2         0         9   125.087   2.73826
         3         2         0        10   88.4221   2.51719
         3         2         0        11   106.466   2.59894
         3         2         0        12   116.819   2.52583
         3         2         0        13   74.0096   2.57564
         3         2         0        14   121.966   3.37532
         3         2         0        15   149.104   4.10671
         3         2         0        16   102.825   3.25119
         3         2         0        17   120.996   2.73753
         3         2         0        18    101.42   2.40081
         3         2         0        19   125.578   2.57309
         3         2         0        20    155.39   2.53611
         3         2         0        21   114.897   2.64447
         3         2         0        22   158.639   2.73686
         3         2         0        23   133.552   2.41065
         3         2         0        24   86.9179   2.13203
         3         2         0        25   111.623    2.4826
         3         2         0        26    123.18    2.6893
         3         2         0        27   131.058   2.43221
         3         2         0        28   120.668   2.50514
         3         2         0        29   127.705   2.47494
         3         2         0        30   143.208   2.47398
         3         2         0        31   143.543   2.60006
         3         2         1         0   113.992   2.26056
         3         2         1         1   107.336   2.37234
         3         2         1         2   151.359   2.55174
         3         2         1         3   124.012   2.61448
         3         2         1         4   103.824   2.65368
         3         2         1         5   120.926   2.63043
         3         2         1         6   147.583   2.76909
         3         2         1         7   97.8024   2.72596
         3         2         1         8    114.03   2.34189
         3         2         1         9   105.529   2.43082
         3         2         1        10   129.013   2.49712
         3         2         1        11   95.8029   2.33082
         3         2         1        12   154.287   2.32711
         3         2         1        13   122.357   2.39783
         3         2         1        14   119.477   2.82408
         3         2         1        15   134.012   3.28998
         3         2         1        16   93.5794    2.3033
         3         2         1        17   128.205   2.86798
         3         2         1        18   110.019   2.48205
         3         2         1        19   138.186   2.58637
         3         2         1        20    134.36   2.47508
         3         2         1        21   114.949   2.37649
         3         2         1        22    98.177    2.5157
         3         2         1        23   125.984   2.50116
         3         2         1        24   65.5037    3.1409
         3         2         1        25   142.989   3.58698
         3         2         1        26   138.689   2.48888
         3         2         1        27   96.6085   2.51538
         3         2         1        28   141.679   2.47027
         3         2         1        29   107.457   2.21495
         3         2         1        30   113.724   2.40168
         3         2         1        31   99.7669   2.25902
         3         2         2         0    141.83   5.60608
         3         2         2         1   138.731   5.24477
         3         2         2         2   134.741    5.5089
         3         2         2         3   81.3171   4.08184
         3         2         2         4   178.757   8.35724
         3         2         2         5   119.387    14.482
         3         2         2         6   159.272   11.1274
         3         2         2         7   130.996   11.0536
         3         2         2         8   94.8678   5.56488
         3         2         2         9   73.2952   13.4688
         3         2         2        10    129.08   6.46481
         3         2         2        11   143.035   6.14334
         3         2         2        12     124.1   5.31136
         3         2         2        13   112.495   6.47834
         3         2         2        14    94.303   7.49371
         3         2         2        15   146.322   8.13298
         3         2         2        16   114.739   7.20339
         3         2         2        17   139.163    7.6905
         3         2         2        18   120.509   6.99786
         3         2         2        19   144.622    6.8154
         3         2         2        20   154.068   5.56829
         3         2         2        21   85.4409   13.4443
         3         2         2        22    148.07   9.68136
         3         2         2        23   112.736    12.037
         3         2         2        24   97.7837   7.77264
         3         2         2        25   170.084   7.13023
         3         2         2        26   108.123   10.2672
         3         2         2        27   91.3991   7.22522
         3         2         2        28   124.381   5.06422
         3         2         2        29   113.829   6.74876
         3         2         2        30   145.003    7.3971
         3         2         2        31   119.641   5.04026
         3         2         3         0   129.104   2.60365
         3         2         3         1    110.89   2.99042
         3         2         3         2   161.266   2.85604
         3         2         3         3   106.954   3.05276
         3         2         3         4   135.861   3.09336
         3         2         3         5   138.788   3.51376
         3         2         3         6   105.061   2.82984
         3         2         3         7   117.696   3.69854
         3         2         3         8   76.0042   2.96934
         3         2         3         9   92.0695   2.48406
         3         2         3        10   85.6754   2.46739
         3         2         3        11   101.049   2.68209
         3         2         3        12   120.841   2.79592
         3         2         3        13   102.759    3.0153
         3         2         3        14   103.794   3.22913
         3         2         3        15   151.598   3.83457
         3         2         3        16   104.376   4.34907
         3         2         3        17   159.392   3.82975
         3         2         3        18    144.18   3.85683
         3         2         3        19   122.833   3.00811
         3         2         3        20   127.297   3.10629
         3         2         3        21   117.885   3.01808
         3         2         3        22   119.577   3.07738
         3         2         3        23   101.165   3.67632
         3         2         3        24   150.787   4.08532
         3         2         3        25   102.748   7.63111
         3         2         3        26   116.989   6.73349
         3         2         3        27   162.767   5.36687
         3         2         3        28   106.978   3.95818
         3         2         3        29   144.299   3.31417
         3         2         3        30   103.716   2.43183
         3         2         3        31   121.232   3.33579
         3         2         4         0   108.689   10.6576
         3         2         4         1   113.688   12.1247
         3         2         4         2   108.262   8.94971
         3         2         4         3   123.444   8.65757
         3         2         4         4   98.0688   6.14065
         3         2         4         5   156.933    9.6477
         3         2         4         6   123.925    11.615
         3         2         4         7   145.317   17.4144
         3         2         4         8   83.2382   23.7083
         3         2         4         9   119.759   12.3094
         3         2         4        10   95.8754   7.93549
         3         2         4        11   105.735   5.26237
         3         2         4        12   90.2807   11.9165
         3         2         4        13   84.6422   10.3593
         3         2         4        14    133.26   10.6885
         3         2         4        15   67.4456   12.8752
         3         2         4        16   147.818   16.9318
         3         2         4        17   97.2386   15.8507
         3         2         4        18   140.221   15.4077
         3         2         4        19    103.08     11.98
         3         2         4        20   117.503   10.5066
         3         2         4        21    51.146   14.4629
         3         2         4        22   94.6589   8.01354
         3         2         4        23   101.836   13.4125
         3         2         4        24   105.162   26.7409
         3         2         4        25   99.4604   20.3457
         3         2         4        26   117.447   15.4823
         3         2         4        27   113.971    7.9286
         3         2         4        28   124.581   9.11945
         3         2         4        29   116.749   7.58316
         3         2         4        30   132.131   13.6948
         3         2         4        31   114.795   12.4455
         3         2         5         0   119.422   5.44443
         3         2         5         1   114.204   9.95232
         3         2         5         2   73.5851    5.2854
         3         2         5         3    130.33   12.3376
         3         2         5         4   119.343   8.86561
         3         2         5         5   89.9754   5.20706
         3         2         5         6   83.7654   7.21668
         3         2         5         7   128.563   6.00489
         3         2         5         8   103.171   13.4077
         3         2         5         9   115.926   14.2594
         3         2         5        10   81.7817   11.9991
         3         2         5        11   120.318   7.95218
         3         2         5        12   102.065   9.45283
         3         2         5        13   120.753   6.26503
         3         2         5        14   155.698   7.66545
         3         2         5        15   113.626   5.63222
         3         2         5        16   165.336    8.6673
         3         2         5        17   121.091   7.92312
         3         2         5        18   124.004   7.27492
         3         2         5        19    123.77    8.5235
         3         2         5        20   93.8201   10.3224
         3         2         5        21   137.749   7.61601
         3         2         5        22   141.364   15.4926
         3         2         5        23   124.497   14.9584
         3         2         5        24   103.434   11.3595
         3         2         5        25   136.088   6.42387
         3         2         5        26    83.197   6.91685
         3         2         5        27   160.208   5.83363
         3         2         5        28   128.631   7.28932
         3         2         5        29   110.441   8.34963
         3         2         5        30   110.499   7.67622
         3         2         5        31   98.9342   7.78139
         3         3         0         0   86.2124   2.41635
         3         3         0         1   103.862   2.69406
         3         3         0         2   118.104    3.2436
         3         3         0         3   113.186   3.07445
         3         3         0         4   149.898   2.99429
         3         3         0         5   114.435   3.24703
         3         3         0         6    145.49   3.19859
         3         3         0         7   131.891   3.25886
         3         3         0         8   73.2606   2.48554
         3         3         0         9   109.971    2.9136
         3         3         0        10     140.4   2.77191
         3         3         0        11   100.386   2.57063
         3         3         0        12   97.5682   2.76778
         3         3         0        13   109.965   3.18337
         3         3         0        14   126.369   3.52514
         3         3         0        15   116.441   4.93842
         3         3         0        16   135.881   5.29647
         3         3         0        17   105.339   3.76499
         3         3         0        18   135.849   3.89733
         3         3         0        19   98.7715   3.71189
         3         3         0        20   127.338   3.85085
         3         3         0        21    95.521   3.72801
         3         3         0        22   138.499   3.96936
         3         3         0        23    168.06   4.32465
         3         3         0        24   152.329    7.3931
         3         3         0        25   117.842   9.83204
         3         3         0        26   141.519    7.1031
         3         3         0        27   148.228   6.20093
         3         3         0        28   145.181   6.70875
         3         3         0        29   180.582   7.49013
         3         3         0        30   113.502   7.57781
         3         3         0        31   190.147    4.9128
         3         3         1         0   109.258   2.35586
         3         3         1         1   129.055   2.81893
         3         3         1         2   103.652   2.73909
         3         3         1         3   146.085   2.74624
         3         3         1         4   178.633   2.98817
         3         3         1         5   113.989   3.07816
         3         3         1         6   117.509   2.88188
         3         3         1         7   106.321   3.25978
         3         3         1         8   104.685   3.14458
         3         3         1         9   102.103   2.67399
         3         3         1        10   155.197   2.69266
         3         3         1        11   108.935   2.52225
         3         3         1        12   140.571   2.59789
         3         3         1        13   109.775   3.14104
         3         3         1        14   96.5414   3.24662
         3         3         1        15   117.526   3.98479
         3         3         1        16     110.1   2.56694
         3         3         1        17   76.7863   2.56484
         3         3         1        18   101.366     2.328
         3         3         1        19   102.002   2.30811
         3         3         1        20      72.6   2.42346
         3         3         1        21   96.0908    3.7545
         3         3         1        22   124.725   4.57472
         3         3         1        23   116.862   3.61421
         3         3         1        24   126.622   2.70174
         3         3         1        25   108.681   2.54625
         3         3         1        26   115.283   2.78604
         3         3         1        27    115.17   2.87317
         3         3         1        28   87.7324   2.61916
         3         3         1        29   138.445   2.60771
         3         3         1        30   124.897   2.60027
         3         3         1        31   113.657   2.58881
         3         3         2         0   92.7955   9.57923
         3         3         2         1    112.85   9.65901
         3         3         2         2   80.7529   8.37926
         3         3         2         3    113.19   6.75217
         3         3         2         4   135.346   10.4148
         3         3         2         5    127.67   7.47908
         3         3         2         6   125.443   12.7468
         3         3         2         7   165.439   16.4743
         3         3         2         8   139.563   18.0244
         3         3         2         9   121.684   10.3847
         3         3         2        10   92.4921   9.67806
         3         3         2        11   124.373   8.06163
         3         3         2        12   142.991   9.77331
         3         3         2        13   100.606   13.0455
         3         3         2        14   94.4984   15.2832
         3         3         2        15   81.1739    10.544
         3         3         2        16   146.456   15.9119
         3         3         2        17   120.622   14.4819
         3         3         2        18   143.077   12.2036
         3         3         2        19   83.4776   9.74277
         3         3         2        20   138.094   9.31577
         3         3         2        21   89.5156   13.8037
         3         3         2        22   90.0239    15.691
         3         3         2        23   114.829   15.2592
         3         3         2        24   135.811   24.2058
         3         3         2        25   123.813    20.123
         3         3         2        26   121.066   14.0581
         3         3         2        27   113.743    6.8212
         3         3         2        28    156.78   9.86246
         3         3         2        29   100.017   9.27209
         3         3         2        30   125.162   10.1884
         3         3         2        31   100.532   9.81343
         3         3         3         0   96.3297   9.80189
         3         3         3         1   140.023   12.8515
         3         3         3         2   120.708   8.57785
         3         3         3         3   112.857   10.6961
         3         3         3         4   120.175   6.88763
         3         3         3         5   123.981   9.54165
         3         3         3         6   119.049   11.1431
         3         3         3         7   103.302   13.8297
         3         3         3         8   98.7406   10.5954
         3         3         3         9   99.5557   9.00166
         3         3         3        10   156.782   5.75056
         3         3         3        11   116.995   6.12685
         3         3         3        12   129.569    5.9392
         3         3         3        13   127.895   7.05939
         3         3         3        14   118.024   7.46874
         3         3         3        15   138.566   10.6978
         3         3         3        16   77.3934   2.51667
         3         3         3        17   139.226   12.2506
         3         3         3        18   132.705   13.0182
         3         3         3        19   91.3365   18.0338
         3         3         3        20   104.928    15.561
         3         3         3        21   91.3148   14.2975
         3         3         3        22   171.974    15.107
         3         3         3        23   97.1071   22.6581
         3         3         3        24    125.21   23.9261
         3         3         3        25   163.427   15.6654
         3         3         3        26   169.254   10.8402
         3         3         3        27   135.108   7.98458
         3         3         3        28   155.421   8.32691
         3         3         3        29   133.399   11.0587
         3         3         3        30   134.244   10.7776
         3         3         3        31    143.38   11.9936
         3         3         4         0    110.52   10.8701
         3         3         4         1    158.82   12.1662
         3         3         4         2   146.585   11.0014
         3         3         4         3   102.232   7.08198
         3         3         4         4   73.5902   7.78056
         3         3         4         5   109.709    5.7084
         3         3         4         6   68.0791   12.2576
         3         3         4         7   138.643   16.7403
         3         3         4         8   135.289   25.0256
         3         3         4         9   89.9497   19.0375
         3         3         4        10   121.173   10.9701
         3         3         4        11   69.1214   9.38835
         3         3         4        12   152.944   9.23013
         3         3         4        13   106.079     11.18
         3         3         4        14   116.017   11.5256
         3         3         4        15   110.099   12.0339
         3         3         4        16   126.897   12.4811
         3         3         4        17   117.263   12.1474
         3         3         4        18   92.3539   11.6416
         3         3         4        19   85.0811   8.26244
         3         3         4        20   110.601   6.92467
         3         3         4        21   106.315   7.96775
         3         3         4        22   132.332   8.31675
         3         3         4        23   117.508   17.9197
         3         3         4        24   92.9719   19.8311
         3         3         4        25   128.199   14.6717
         3         3         4        26   87.6368   14.6401
         3         3         4        27   130.042   6.87503
         3         3         4        28   84.9134     5.593
         3         3         4        29   93.9726   8.36885
         3         3         4        30   153.178   11.1366
         3         3         4        31   174.263   11.1814
         3         3         5         0   81.2566   5.28818
         3         3         5         1   75.8337   5.53914
         3         3         5         2   141.142   6.18226
         3         3         5         3   98.5457   6.39404
         3         3         5         4   103.693   6.28545
         3         3         5         5   125.441   6.27947
         3         3         5         6   108.251   7.68776
         3         3         5         7   133.519   7.18967
         3         3         5         8   115.374   11.4064
         3         3         5         9   137.315   10.0633
         3         3         5        10   120.906   9.13663
         3         3         5        11   147.986    8.5008
         3         3         5        12   103.091   15.0514
         3         3         5        13   136.317   10.4992
         3         3         5        14   114.726   9.09336
         3         3         5        15    109.38   6.77831
         3         3         5        16   119.646   8.07168
         3         3         5        17   129.412   7.46303
         3         3         5        18   126.766   6.35663
         3         3         5        19   128.183   7.86615
         3         3         5        20   105.615   10.2111
         3         3         5        21   135.531   14.1489
         3         3         5        22   131.181   11.5317
         3         3         5        23   128.016   11.1765
         3         3         5        24   113.705   11.5453
         3         3         5        25   147.542   6.28277
         3         3         5        26    158.85   6.75359
         3         3         5        27    114.86   6.18439
         3         3         5        28   189.947   7.03864
         3         3         5        29    140.13   7.02022
         3         3         5        30   126.169   6.89762
         3         3         5        31   167.185    7.8042
         3         4         0         0    118.13    3.4897
         3         4         0         1   143.311   2.95426
         3         4         0         2   125.235   3.11356
         3         4         0         3   140.554   3.03386
         3         4         0         4    111.67   2.86322
         3         4         0         5   82.0366   3.01012
         3         4         0         6   69.9876   8.28151
         3         4         0         7   109.175   10.3451
         3         4         0         8   112.114   3.63671
         3         4         0         9   123.885   3.56031
         3         4         0        10    82.206   2.89247
         3         4         0        11   94.3444   3.00381
         3         4         0        12   107.726   3.06677
         3         4         0        13   116.263   3.65729
         3         4         0        14   112.443   4.19671
         3         4         0        15    106.47   5.23623
         3         4         0        16   131.004   5.72237
         3         4         0        17   109.195   4.24868
         3         4         0        18   123.154   3.99356
         3         4         0        19   134.552    3.6848
         3         4         0        20   71.1741    3.4126
         3         4         0        21   121.515   4.28345
         3         4         0        22   74.9912   3.57806
         3         4         0        23   109.106   4.09871
         3         4         0        24   129.195   8.36358
         3         4         0        25   108.299   5.25296
         3         4         0        26   127.839   4.72021
         3         4         0        27   116.316   5.52519
         3         4         0        28   68.9356   11.2178
         3         4         0        29   129.533   6.22478
         3         4         0        30   95.5559   7.35258
         3         4         0        31   145.189   6.48688
         3         4         1         0   84.0597   5.81072
         3         4         1         1   139.279   2.87197
         3         4         1         2   115.455   3.16394
         3         4         1         3   126.705   2.84445
         3         4         1         4   123.974   2.89539
         3         4         1         5   136.084   3.00191
         3         4         1         6    148.59    3.3763
         3         4         1         7   136.188     2.898
         3         4         1         8    115.09   2.86695
         3         4         1         9   128.369   4.67893
         3         4         1        10   129.698   3.96927
         3         4         1        11   159.697   2.80821
         3         4         1        12   125.328   2.72211
         3         4         1        13   145.571   2.78453
         3         4         1        14   127.429   3.14345
         3         4         1        15   129.096   3.82429
         3         4         1        16   151.518   8.10903
         3         4         1        17   159.662   7.64228
         3         4         1        18   100.367   6.99968
         3         4         1        19   154.116   8.96784
         3         4         1        20   163.628   10.1145
         3         4         1        21   106.119   13.3611
         3         4         1        22   157.057   9.37311
         3         4         1        23   136.292   10.5228
         3         4         1        24   143.403   10.2446
         3         4         1        25    131.87   7.38285
         3         4         1        26    71.605   9.79614
         3         4         1        27   124.006   5.95186
         3         4         1        28    120.23   6.34097
         3         4         1        29   113.177    6.3223
         3         4         1        30   156.371   6.33446
         3         4         1        31   106.342   6.54698
         3         4         2         0    113.06   2.82186
         3         4         2         1   118.961   2.92471
         3         4         2         2   103.465   3.56985
         3         4         2         3   156.594    5.2053
         3         4         2         4   91.8213   4.74177
         3         4         2         5   138.408   5.24493
         3         4         2         6   143.953   4.28837
         3         4         2         7   134.885   5.56235
         3         4         2         8   109.512   3.38115
         3         4         2         9   168.445   3.25283
         3         4         2        10   116.358   3.34701
         3         4         2        11   118.223   3.19075
         3         4         2        12   99.0485   3.22037
         3         4         2        13   87.9341   3.55147
         3         4         2        14   133.514   4.12164
         3         4         2        15   121.702   5.23466
         3         4         2        16   172.198    4.8559
         3         4         2        17    142.37   5.46569
         3         4         2        18   106.853   4.26316
         3         4         2        19    84.728    3.8566
         3         4         2        20    92.164   3.93409
         3         4         2        21   92.8969   3.51238
         3         4         2        22   119.466   4.24592
         3         4         2        23   63.8799   3.87128
         3         4         2        24     112.1   22.6943
         3         4         2        25   164.931   13.7625
         3         4         2        26   118.043   8.03316
         3         4         2        27   128.978   6.53864
         3         4         2        28   122.653   5.32451
         3         4         2        29   162.368   5.29809
         3         4         2        30   153.232   3.54352
         3         4         2        31   124.551   4.13043
         3         4         3         0   152.627   11.8657
         3         4         3         1   106.954   11.3264
         3         4         3         2   141.942   11.8482
         3         4         3         3   138.044   11.8113
         3         4         3         4   124.091   16.3271
         3         4         3         5   124.578   10.0638
         3         4         3         6   115.933   12.7769
         3         4         3         7    147.93   20.1727
         3         4         3         8   103.003   20.3149
         3         4         3         9   152.259   9.42753
         3         4         3        10   131.135   10.4161
         3         4         3        11   125.678   7.24203
         3         4         3        12    90.494   9.50603
         3         4         3        13   129.897   8.46697
         3         4         3        14   159.717   13.4753
         3         4         3        15   151.396   14.4047
         3         4         3        16   142.689   12.5532
         3         4         3        17   124.336   10.8415
         3         4         3        18    151.51   10.9155
         3         4         3        19   96.1709   12.1291
         3         4         3        20   145.285   8.89338
         3         4         3        21   161.285   7.26347
         3         4         3        22   108.329   17.0549
         3         4         3        23   146.506   14.0975
         3         4         3        24   109.039   23.9881
         3         4         3        25   160.757   15.2304
         3         4         3        26   113.558   9.56578
         3         4         3        27    136.56   10.4626
         3         4         3        28    130.08   8.42156
         3         4         3        29   83.2615   20.3153
         3         4         3        30   133.786   12.4135
         3         4         3        31   178.236   10.6206
         3         4         4         0   118.788   9.50446
         3         4         4         1   176.987   8.47928
         3         4         4         2   127.827   8.62816
         3         4         4         3   99.9423   6.35598
         3         4         4         4   115.379    7.6633
         3         4         4         5   125.189   7.83411
         3         4         4         6   83.8954    20.088
         3         4         4         7   79.4887   21.5514
         3         4         4         8    128.06   19.0565
         3         4         4         9   130.742   8.36552
         3         4         4        10   155.612   6.91636
         3         4         4        11   116.606   8.05602
         3         4         4        12   92.9379   9.04156
         3         4         4        13   114.107   8.01648
         3         4         4        14   154.602    9.4023
         3         4         4        15   134.259   9.14548
         3         4         4        16   56.2323   8.10922
         3         4         4        17   139.726   6.53775
         3         4         4        18   77.9494   18.4728
         3         4         4        19   135.745   5.48071
         3         4         4        20    159.59   8.29929
         3         4         4        21   95.7712   17.5202
         3         4         4        22    92.775     16.76
         3         4         4        23   127.102   12.8606
         3         4         4        24   97.5463   8.20481
         3         4         4        25   165.898   9.06089
         3         4         4        26   132.265   6.41677
         3         4         4        27   105.204   5.39622
         3         4         4        28   97.5266   9.61809
         3         4         4        29   117.973   7.99676
         3         4         4        30   168.064   9.72127
         3         4         4        31    106.27   7.26664
         3         4         5         0   169.365   4.00567
         3         4         5         1   126.066   3.87822
         3         4         5         2   100.804    4.2962
         3         4         5         3   138.731    4.8145
         3         4         5         4   143.399   5.19499
         3         4         5         5     119.3    5.3359
         3         4         5         6    146.15   4.90062
         3         4         5         7   125.427   5.28187
         3         4         5         8   144.189   15.1835
         3         4         5         9   129.816   14.3231
         3         4         5        10   149.372   8.78207
         3         4         5        11   155.577    8.6017
         3         4         5        12   132.149   8.31496
         3         4         5        13    127.38    11.714
         3         4         5        14    134.55   9.21803
         3         4         5        15   122.764   6.30116
         3         4         5        16   133.866   3.10394
         3         4         5        17   135.944   3.12865
         3         4         5        18   143.917   2.71225
         3         4         5        19   124.126   2.86807
         3         4         5        20   91.6786   3.66816
         3         4         5        21   132.155   5.11906
         3         4         5        22   239.879   7.79231
         3         4         5        23   118.872   11.4709
         3         4         5        24   176.892   3.22426
         3         4         5        25   115.834   3.26747
         3         4         5        26   139.198   2.93889
         3         4         5        27   129.007   2.98051
         3         4         5        28   126.962   3.00359
         3         4         5        29   147.275   3.08561
         3         4         5        30    149.91   2.78476
         3         4         5        31   149.527   2.61962
         3         5         0         0    106.88    4.6489
         3         5         0         1   132.705    6.7032
         3         5         0         2   158.859   6.71191
         3         5         0         3    132.36    5.4011
         3         5         0         4   83.3355   3.58708
         3         5         0         5    95.069   4.01312
         3         5         0         6   134.167   7.00189
         3         5         0         7   120.329   14.4295
         3         5         0         8   140.978   4.63744
         3         5         0         9   131.887    4.2212
         3         5         0        10   119.517   4.10002
         3         5         0        11   91.6419   3.49197
         3         5         0        12   121.402   3.87812
         3         5         0        13   104.414   4.23548
         3         5         0        14   131.438   4.35675
         3         5         0        15    91.379   4.85542
         3         5         0        16   127.495   4.15885
         3         5         0        17   130.009   2.75522
         3         5         0        18   128.743   2.38924
         3         5         0        19   119.916   2.34161
         3         5         0        20   122.007   2.62365
         3         5         0        21   138.343    2.7531
         3         5         0        22   131.392   2.81509
         3         5         0        23   127.482    2.7641
         3         5         0        24   156.177   2.82537
         3         5         0        25   95.6885   2.52825
         3         5         0        26   136.761   2.40186
         3         5         0        27   142.252   2.55488
         3         5         0        28    89.665   2.17086
         3         5         0        29   102.912   2.20982
         3         5         0        30   115.702   2.36077
         3         5         0        31    126.68   3.09937
         3         5         1         0   132.946   4.27284
         3         5         1         1   98.9923   3.89352
         3         5         1         2   106.625   4.59663
         3         5         1         3   104.115   4.48925
         3         5         1         4   117.355   4.74261
         3         5         1         5   88.2273   4.72309
         3         5         1         6   141.687   4.81293
         3         5         1         7   124.686   5.55774
         3         5         1         8   131.358   7.96227
         3         5         1         9   115.515   8.11048
         3         5         1        10    109.76   10.6084
         3         5         1        11   142.368   6.40588
         3         5         1        12    138.21   7.27064
         3         5         1        13   113.892   7.61563
         3         5         1        14   112.465   8.09353
         3         5         1        15   97.1757   6.02364
         3         5         1        16    77.329   2.35236
         3         5         1        17   135.646   2.52587
         3         5         1        18   100.749   2.41782
         3         5         1        19   110.768   2.32205
         3         5         1        20   137.062   2.55231
         3         5         1        21   129.437   2.55469
         3         5         1        22   84.5852    2.1067
         3         5         1        23   77.6109   2.28452
         3         5         1        24   109.614   2.49893
         3         5         1        25   152.077   2.92734
         3         5         1        26   92.6465   2.54952
         3         5         1        27   89.1604   2.42746
         3         5         1        28   91.3159   2.33494
         3         5         1        29   129.881   2.50209
         3         5         1        30   96.5872   2.31482
         3         5         1        31   101.126   2.93674
         3         5         2         0   100.212    9.6108
         3         5         2         1   119.652   12.1585
         3         5         2         2   129.474     12.71
         3         5         2         3   125.187   10.6386
         3         5         2         4   137.467    7.8516
         3         5         2         5   130.953   9.89609
         3         5         2         6   125.745   20.1918
         3         5         2         7   70.4681   22.7657
         3         5         2         8   124.925   19.7583
         3         5         2         9   122.265   9.08293
         3         5         2        10    137.07    7.6936
         3         5         2        11   100.889   18.0668
         3         5         2        12   139.045   8.96939
         3         5         2        13   114.863   15.8586
         3         5         2        14   140.523      11.3
         3         5         2        15   142.313    12.215
         3         5         2        16   137.431   10.6425
         3         5         2        17   129.373   8.60364
         3         5         2        18   103.588   17.1122
         3         5         2        19   157.318   8.20571
         3         5         2        20   96.8565   14.5329
         3         5         2        21   196.172   15.4332
         3         5         2        22   151.528   8.20718
         3         5         2        23   155.676   12.2173
         3         5         2        24   113.371   19.5365
         3         5         2        25   128.648   13.6086
         3         5         2        26   142.961   10.6068
         3         5         2        27   142.552   7.97993
         3         5         2        28   134.383   7.90168
         3         5         2        29   186.364   11.4791
         3         5         2        30   99.2435   14.6272
         3         5         2        31   103.962   23.2445
         3         5         3         0   112.724   5.59685
         3         5         3         1   117.611   6.15366
         3         5         3         2   129.121   6.68787
         3         5         3         3   125.354   7.85004
         3         5         3         4   126.367   5.59224
         3         5         3         5   144.686   8.13626
         3         5         3         6   96.8458   11.7572
         3         5         3         7   90.5343   11.1155
         3         5         3         8   123.879   9.62142
         3         5         3         9   98.6058   13.8444
         3         5         3        10   114.597    8.0391
         3         5         3        11    169.43   6.67204
         3         5         3        12   113.018   5.84486
         3         5         3        13   83.2164   8.75326
         3         5         3        14   103.753   8.12248
         3         5         3        15   111.499   9.61299
         3         5         3        16   114.277   1.16468
         3         5         3        17    179.45    9.2971
         3         5         3        18   100.913   8.83547
         3         5         3        19   133.943   6.23885
         3         5         3        20   61.1717   10.7585
         3         5         3        21   127.711   5.86502
         3         5         3        22   95.8751   5.85817
         3         5         3        23   117.465   6.04601
         3         5         3        24   111.465    12.575
         3         5         3        25   59.8822   16.8261
         3         5         3        26   93.0153   9.30704
         3         5         3        27   173.828   7.35015
         3         5         3        28   109.422   7.19495
         3         5         3        29   129.413   4.87886
         3         5         3        30   140.766   5.70118
         3         5         3        31   134.449   6.94224
         3         5         4         0   88.4267   9.78778
         3         5         4         1   107.577   6.89306
         3         5         4         2   136.847   5.20784
         3         5         4         3    136.39   5.60867
         3         5         4         4   135.219   5.96777
         3         5         4         5   118.427   5.54332
         3         5         4         6   127.129    9.7829
         3         5         4         7   130.871   11.5433
         3         5         4         8   136.865   7.54608
         3         5         4         9   133.013   4.81143
         3         5         4        10   124.939   4.33194
         3         5         4        11   143.163   4.06916
         3         5         4        12   147.662   5.60922
         3         5         4        13   96.3745   8.50908
         3         5         4        14   123.981   13.0136
         3         5         4        15   128.715   6.48976
         3         5         4        16   137.146   7.52572
         3         5         4        17   144.362   5.81163
         3         5         4        18   142.167   4.56735
         3         5         4        19   119.276   4.58971
         3         5         4        20   142.616   5.37601
         3         5         4        21   158.229    4.9545
         3         5         4        22   130.662   4.19457
         3         5         4        23   103.094   6.23634
         3         5         4        24   122.334   4.85952
         3         5         4        25    161.34    6.0668
         3         5         4        26   143.546   5.98978
         3         5         4        27   117.904   5.40278
         3         5         4        28   123.068   5.11223
         3         5         4        29     129.4   5.05288
         3         5         4        30   121.722   5.39012
         3         5         4        31   136.552   4.83213
         3         5         5         0   139.274   2.36016
         3         5         5         1   114.116   2.40737
         3         5         5         2   118.371   2.54758
         3         5         5         3   92.7992   2.49607
         3         5         5         4   141.774   2.62874
         3         5         5         5   80.1709   2.40548
         3         5         5         6   110.782   2.75254
         3         5         5         7   140.945    2.8123
         3         5         5         8   133.216   2.92293
         3         5         5         9   98.4234   2.39143
         3         5         5        10   148.658   3.41034
         3         5         5        11   149.205   2.89217
         3         5         5        12   98.4893   2.60101
         3         5         5        13     116.5   2.74948
         3         5         5        14   98.3555   2.72886
         3         5         5        15    97.936   3.15544
         3         5         5        16    102.81   2.38523
         3         5         5        17   110.565   2.54824
         3         5         5        18   111.895   2.97923
         3         5         5        19   126.515   3.00168
         3         5         5        20   113.352   2.73162
         3         5         5        21   145.827   2.42606
         3         5         5        22   110.532   2.34383
         3         5         5        23   127.536   2.70554
         3         5         5        24   111.605    2.2984
         3         5         5        25   115.969   2.37477
         3         5         5        26   110.488   2.40716
         3         5         5        27   106.654   2.52317
         3         5         5        28   97.0018   2.23121
         3         5         5        29   127.418   2.62303
         3         5         5        30   143.867   2.47253
         3         5         5        31    156.35   3.78744
         4         0         0         0   131.389   2.64031
         4         0         0         1   123.135   2.87591
         4         0         0         2   151.541   2.72289
         4         0         0         3   138.574    2.7269
         4         0         0         4   139.223   2.67531
         4         0         0         5   138.107   2.79251
         4         0         0         6   122.737   3.10998
         4         0         0         7   121.941   3.02399
         4         0         0         8   138.065   2.77259
         4         0         0         9   113.902   2.98252
         4         0         0        10   104.904    2.7175
         4         0         0        11   163.903   2.68233
         4         0         0        12   118.673   2.74051
         4         0         0        13   122.421    3.0584
         4         0         0        14   141.794   3.17125
         4         0         0        15   134.689   4.17007
         4         0         0        16   173.594   3.57031
         4         0         0        17    195.27   2.69625
         4         0         0        18   169.724   2.53726
         4         0         0        19   152.508   2.80963
         4         0         0        20   158.315   2.53393
         4         0         0        21   115.295   2.46514
         4         0         0        22   185.649   2.83121
         4         0         0        23   146.092    5.2121
         4         0         0        24    123.17   2.62523
         4         0         0        25   117.932   2.63181
         4         0         0        26   148.896   2.57754
         4         0         0        27   162.984   2.48197
         4         0         0        28   160.263   2.61811
         4         0         0        29   164.755    2.4244
         4         0         0        30   162.542     2.436
         4         0         0        31   142.617   2.67939
         4         0         1         0   113.977   2.58915
         4         0         1         1   118.164   2.58553
         4         0         1         2   147.254   2.35175
         4         0         1         3    136.06   2.43775
         4         0         1         4   147.137    2.4659
         4         0         1         5   128.322   2.83585
         4         0         1         6   128.919   2.72885
         4         0         1         7   184.104   2.73659
         4         0         1         8   105.158   2.22368
         4         0         1         9    149.47   2.50878
         4         0         1        10   140.676   2.35827
         4         0         1        11   143.718   2.46521
         4         0         1        12   121.825   2.56797
         4         0         1        13   100.762   2.74387
         4         0         1        14   125.177   2.95261
         4         0         1        15   111.274   3.14058
         4         0         1        16   176.783   2.76549
         4         0         1        17   81.4997   2.14533
         4         0         1        18   83.0335   1.85295
         4         0         1        19   157.602   2.46384
         4         0         1        20   139.198   2.26265
         4         0         1        21   111.932   2.32337
         4         0         1        22   131.785   2.31507
         4         0         1        23   163.195   2.27747
         4         0         1        24   105.913   2.20946
         4         0         1        25    122.08   2.40467
         4         0         1        26   132.029   2.25834
         4         0         1        27   142.633    2.3751
         4         0         1        28   121.963   2.39653
         4         0         1        29   145.688   2.27602
         4         0         1        30   105.428   2.29366
         4         0         1        31    101.51   2.64082
         4         0         2         0   144.309   2.59482
         4         0         2         1   126.023   3.01975
         4         0         2         2   134.928    2.5767
         4         0         2         3   162.364   2.82314
         4         0         2         4   159.484   2.83966
         4         0         2         5   144.174   2.89504
         4         0         2         6   156.971   2.81142
         4         0         2         7   118.186   22.3702
         4         0         2         8   121.405    2.9658
         4         0         2         9   147.796    2.8794
         4         0         2        10    132.86   2.70798
         4         0         2        11   112.778    3.0535
         4         0         2        12   114.743   2.98536
         4         0         2        13   167.621   3.21988
         4         0         2        14   176.414   3.40254
         4         0         2        15   147.325   3.65501
         4         0         2        16   168.125   2.73486
         4         0         2        17   170.823   2.58557
         4         0         2        18   107.399    2.3207
         4         0         2        19   162.661    2.2377
         4         0         2        20   173.106   2.37277
         4         0         2        21   99.9575   2.32261
         4         0         2        22   107.111   2.27218
         4         0         2        23    124.45   2.37624
         4         0         2        24   144.262   2.44268
         4         0         2        25   174.725   2.77256
         4         0         2        26    140.51   2.33714
         4         0         2        27   135.187   2.38439
         4         0         2        28   184.948   2.36717
         4         0         2        29   112.467   2.37535
         4         0         2        30   172.066    2.3208
         4         0         2        31   126.746   3.08632
         4         0         3         0   132.831   2.36701
         4         0         3         1   151.803   2.43014
         4         0         3         2    138.81    2.4599
         4         0         3         3   189.364    2.5038
         4         0         3         4   169.773     2.789
         4         0         3         5   122.958    2.5878
         4         0         3         6   134.058    2.5348
         4         0         3         7   113.806   2.68871
         4         0         3         8   152.828   2.33525
         4         0         3         9   141.749   2.47454
         4         0         3        10   127.952    2.6193
         4         0         3        11   122.119   2.52244
         4         0         3        12   116.714   2.37973
         4         0         3        13   88.5204   2.53748
         4         0         3        14   143.791   2.73138
         4         0         3        15   155.358   2.89663
         4         0         3        16   158.502   2.52811
         4         0         3        17   145.265   2.22046
         4         0         3        18   151.345   2.25764
         4         0         3        19   160.107   2.34077
         4         0         3        20   149.442   2.27209
         4         0         3        21   151.486   2.35965
         4         0         3        22   154.704   3.54031
         4         0         3        23   97.3253   2.36607
         4         0         3        24    143.13   2.53751
         4         0         3        25   108.986    2.4272
         4         0         3        26   135.365   2.34739
         4         0         3        27    109.63   2.37768
         4         0         3        28   184.768   2.41692
         4         0         3        29   153.617   2.42063
         4         0         3        30   162.647   2.20488
         4         0         3        31   121.856   2.30407
         4         0         4         0   113.602   8.07507
         4         0         4         1   136.154   9.80032
         4         0         4         2   136.832   10.8199
         4         0         4         3   135.393   8.81754
         4         0         4         4   111.309   11.0118
         4         0         4         5   164.304   6.95877
         4         0         4         6   139.697   7.01483
         4         0         4         7   118.027   12.5869
         4         0         4         8   140.259   20.6559
         4         0         4         9   158.336   11.5123
         4         0         4        10   92.1875   15.9616
         4         0         4        11   100.002   6.73128
         4         0         4        12   155.636   7.47031
         4         0         4        13   135.033   9.43778
         4         0         4        14   153.883   9.44191
         4         0         4        15   138.969   8.29256
         4         0         4        16   163.678   5.77762
         4         0         4        17   139.583   5.53073
         4         0         4        18   113.381   10.6068
         4         0         4        19   123.678   8.40925
         4         0         4        20   161.299   6.99234
         4         0         4        21   109.898   12.6985
         4         0         4        22   167.307   12.8849
         4         0         4        23   142.899   11.9845
         4         0         4        24   118.052   7.42402
         4         0         4        25   121.904   6.34894
         4         0         4        26   117.251   6.11805
         4         0         4        27   88.9316   5.59926
         4         0         4        28   119.533    5.7141
         4         0         4        29   111.041   7.36715
         4         0         4        30   124.312    7.3449
         4         0         4        31   119.875   5.47963
         4         0         5         0   160.229   5.93265
         4         0         5         1   122.111   5.03867
         4         0         5         2   140.341   5.26114
         4         0         5         3    127.69   5.09831
         4         0         5         4   115.718   5.94802
         4         0         5         5   136.888   4.29783
         4         0         5         6   151.401   6.18379
         4         0         5         7   112.701   10.9979
         4         0         5         8    124.55   14.2746
         4         0         5         9   118.266   17.0732
         4         0         5        10   150.011   14.8525
         4         0         5        11   166.667    6.6492
         4         0         5        12   129.901   7.41914
         4         0         5        13   165.649   7.55392
         4         0         5        14   151.957   7.33774
         4         0         5        15   132.885   6.78406
         4         0         5        16   123.971   4.77614
         4         0         5        17   126.817   4.29879
         4         0         5        18   179.192   4.02321
         4         0         5        19   146.472   3.43583
         4         0         5        20   158.974   2.44014
         4         0         5        21   110.874   3.03397
         4         0         5        22     126.1   2.70273
         4         0         5        23   132.384   2.98751
         4         0         5        24   138.374   3.38698
         4         0         5        25   145.948   3.78459
         4         0         5        26   120.512   3.27099
         4         0         5        27   131.618   3.61438
         4         0         5        28   143.326   5.09372
         4         0         5        29   201.232   6.06654
         4         0         5        30   135.517   3.55628
         4         0         5        31   190.066   3.01817
         4         2         0         0   118.614   6.06894
         4         2         0         1   103.395   4.00779
         4         2         0         2   129.772   3.85193
         4         2         0         3   96.4813   3.78088
         4         2         0         4   110.175   3.83784
         4         2         0         5   118.867   3.93726
         4         2         0         6   134.329   4.11935
         4         2         0         7   123.729   5.18455
         4         2         0         8   126.784   4.02368
         4         2         0         9    135.35   3.60307
         4         2         0        10    110.16   3.52254
         4         2         0        11   126.822   3.49923
         4         2         0        12   93.2848   3.34863
         4         2         0        13    113.12   4.35368
         4         2         0        14   146.648   4.75689
         4         2         0        15   104.748   6.00949
         4         2         0        16   113.398   4.62157
         4         2         0        17   122.209   3.02757
         4         2         0        18   147.886   2.98967
         4         2         0        19   160.848   4.05286
         4         2         0        20   116.264   2.66832
         4         2         0        21   71.5845   2.33207
         4         2         0        22   148.748   2.98435
         4         2         0        23   156.632   3.16384
         4         2         0        24    134.22   10.6083
         4         2         0        25   137.843   4.91536
         4         2         0        26   128.433    2.5089
         4         2         0        27   109.105    2.6007
         4         2         0        28   152.712   2.67461
         4         2         0        29   97.2652   2.37825
         4         2         0        30   119.683   2.53006
         4         2         0        31   74.4795   6.06992
         4         2         1         0   141.597   4.83927
         4         2         1         1   160.588   5.76907
         4         2         1         2    139.79   4.88563
         4         2         1         3   148.514   4.79022
         4         2         1         4   114.444   5.70626
         4         2         1         5   137.722   5.58793
         4         2         1         6   170.524   7.11044
         4         2         1         7   116.439   7.82324
         4         2         1         8   111.643   7.28013
         4         2         1         9   133.417   5.00912
         4         2         1        10   123.642   4.95365
         4         2         1        11   107.182   5.10939
         4         2         1        12   143.742   5.83159
         4         2         1        13   182.943   5.48508
         4         2         1        14   125.712   6.31783
         4         2         1        15   139.807   6.28828
         4         2         1        16   178.408   3.88558
         4         2         1        17   68.9982   2.55294
         4         2         1        18   127.069   2.65862
         4         2         1        19   153.566   2.51213
         4         2         1        20   122.278   2.56182
         4         2         1        21   142.789   2.46571
         4         2         1        22   176.052   2.70323
         4         2         1        23    112.56   3.90923
         4         2         1        24   117.167   2.81687
         4         2         1        25   170.636   2.57138
         4         2         1        26   160.798   2.54063
         4         2         1        27   135.465   2.41012
         4         2         1        28    116.86   2.49495
         4         2         1        29   131.878    2.5243
         4         2         1        30    163.89   2.49221
         4         2         1        31   168.024   2.57692
         4         2         2         0   138.175    6.0179
         4         2         2         1   154.935   7.33862
         4         2         2         2   162.316    6.6127
         4         2         2         3   141.659   6.15006
         4         2         2         4   138.868   4.87744
         4         2         2         5   173.424   5.42988
         4         2         2         6   88.9773   8.99576
         4         2         2         7   107.427   11.3043
         4         2         2         8   135.078   12.0308
         4         2         2         9   140.343   9.97165
         4         2         2        10   90.5772   12.1542
         4         2         2        11   133.527   4.71444
         4         2         2        12    120.11   8.24015
         4         2         2        13    154.09   6.47777
         4         2         2        14   150.578   6.48011
         4         2         2        15   153.922   9.19612
         4         2         2        16    124.04   6.73214
         4         2         2        17   135.733   6.23913
         4         2         2        18   143.785   5.62755
         4         2         2        19   109.992   4.68887
         4         2         2        20   127.933   4.26759
         4         2         2        21   131.662   4.90808
         4         2         2        22   120.218   6.98836
         4         2         2        23   131.405   12.9135
         4         2         2        24   150.911   9.88249
         4         2         2        25   161.465    6.3556
         4         2         2        26   127.366   4.80138
         4         2         2        27   187.269   4.47285
         4         2         2        28   109.948   8.53359
         4         2         2        29    140.87   6.11059
         4         2         2        30   172.062   6.52831
         4         2         2        31   121.219   5.84348
         4         2         3         0   169.841   10.4668
         4         2         3         1   108.999    10.188
         4         2         3         2    178.67   12.1082
         4         2         3         3   99.6618   13.2792
         4         2         3         4   147.289   8.22272
         4         2         3         5   128.688   5.54797
         4         2         3         6   120.873   7.16529
         4         2         3         7   105.996    13.172
         4         2         3         8   135.434   26.4664
         4         2         3         9   148.333   18.2786
         4         2         3        10   118.081   11.8571
         4         2         3        11   119.801   5.87666
         4         2         3        12   126.108   7.15169
         4         2         3        13   156.468    8.7797
         4         2         3        14   122.555   11.0847
         4         2         3        15   115.318   10.4933
         4         2         3        16   153.342    10.665
         4         2         3        17   109.693   7.50998
         4         2         3        18   156.931   6.25859
         4         2         3        19   168.563   5.38765
         4         2         3        20   163.176    4.7353
         4         2         3        21   157.615   6.30676
         4         2         3        22   150.569   9.20785
         4         2         3        23   134.244   12.6074
         4         2         3        24   87.4501   16.8202
         4         2         3        25   174.769   8.03349
         4         2         3        26   99.3709   11.7462
         4         2         3        27   104.284   6.66444
         4         2         3        28   153.604   5.51607
         4         2         3        29   111.994    6.0182
         4         2         3        30   134.083   6.26265
         4         2         3        31   136.963   6.37256
         4         2         4         0   120.505   9.04483
         4         2         4         1   166.973     12.88
         4         2         4         2   121.283   10.6789
         4         2         4         3   113.606   9.11749
         4         2         4         4    149.74   8.94765
         4         2         4         5   174.527   12.8818
         4         2         4         6   126.202   11.4453
         4         2         4         7   136.986    16.996
         4         2         4         8   172.545   1.47579
         4         2         4         9   144.648    12.484
         4         2         4        10   147.573   16.0693
         4         2         4        11     160.8   5.80718
         4         2         4        12   133.291   5.87784
         4         2         4        13    101.34   15.7058
         4         2         4        14   130.055   10.9461
         4         2         4        15   129.777   9.56958
         4         2         4        16   92.3851   9.95037
         4         2         4        17    120.89    8.2736
         4         2         4        18   109.701   8.58977
         4         2         4        19   134.372   5.24899
         4         2         4        20   114.409   8.45953
         4         2         4        21   158.273   7.03249
         4         2         4        22   146.955   8.02066
         4         2         4        23   158.313   17.9393
         4         2         4        24   141.707   11.4557
         4         2         4        25   69.2693    18.517
         4         2         4        26   160.378   11.0584
         4         2         4        27   150.034   7.64929
         4         2         4        28   158.196   7.27455
         4         2         4        29   128.862   8.92825
         4         2         4        30   147.367   12.2081
         4         2         4        31   116.996   8.48787
         4         2         5         0   135.391   5.63768
         4         2         5         1   137.252   6.45968
         4         2         5         2   131.683   6.32794
         4         2         5         3   151.112   6.54672
         4         2         5         4   152.872    6.8969
         4         2         5         5   119.656   8.01535
         4         2         5         6   151.537   6.53948
         4         2         5         7   76.1127   6.83454
         4         2         5         8   136.673   13.7501
         4         2         5         9   76.0011   22.1707
         4         2         5        10   132.765   14.7985
         4         2         5        11   148.028   9.41482
         4         2         5        12   113.957   11.0077
         4         2         5        13   130.848   9.92456
         4         2         5        14   84.3221   13.5982
         4         2         5        15   108.423   11.0654
         4         2         5        16   119.857   9.91801
         4         2         5        17   102.749   10.2149
         4         2         5        18   115.009   9.86878
         4         2         5        19    129.42   8.74752
         4         2         5        20   130.969   10.5186
         4         2         5        21   95.0522   22.5567
         4         2         5        22   74.8855   27.8952
         4         2         5        23   140.572    36.382
         4         2         5        24    128.14   11.4204
         4         2         5        25    128.31   10.3682
         4         2         5        26   126.595   9.09232
         4         2         5        27    129.87    9.3139
         4         2         5        28   76.4211   7.33916
         4         2         5        29   159.179   10.6511
         4         2         5        30   154.123   10.3012
         4         2         5        31   131.302    8.8501
         4         3         0         0   139.138      2.71
         4         3         0         1    114.44   2.81321
         4         3         0         2   138.424   2.83897
         4         3         0         3   109.222   2.89751
         4         3         0         4   126.072   3.49122
         4         3         0         5   177.045   3.05722
         4         3         0         6   177.601   3.36265
         4         3         0         7   160.928   2.78728
         4         3         0         8   163.479    3.2055
         4         3         0         9   154.507   3.04649
         4         3         0        10   121.182   2.96217
         4         3         0        11   183.841    2.7424
         4         3         0        12   118.024   2.66824
         4         3         0        13   114.112   3.01383
         4         3         0        14   130.722   3.49007
         4         3         0        15   178.846   8.08328
         4         3         0        16   164.955   3.86361
         4         3         0        17   106.676   2.56818
         4         3         0        18    178.47   2.53641
         4         3         0        19    150.61   2.32688
         4         3         0        20   139.514   2.38273
         4         3         0        21   144.291   2.54638
         4         3         0        22   142.606   2.82761
         4         3         0        23   142.667   3.05238
         4         3         0        24    157.47    3.6487
         4         3         0        25   156.046   2.58823
         4         3         0        26   145.915   2.36692
         4         3         0        27     159.7   2.49521
         4         3         0        28   160.449   2.27246
         4         3         0        29   150.724   2.58384
         4         3         0        30   151.987   4.87314
         4         3         0        31    134.72   2.33162
         4         3         1         0   146.522   8.93502
         4         3         1         1   123.865   8.20781
         4         3         1         2    165.58   5.00095
         4         3         1         3   151.422   3.34034
         4         3         1         4   138.037    2.9746
         4         3         1         5   159.091    2.9974
         4         3         1         6   146.665   3.30096
         4         3         1         7   158.007   3.67095
         4         3         1         8   145.414   3.50075
         4         3         1         9    96.012   3.37861
         4         3         1        10   136.978    3.0505
         4         3         1        11   125.674   3.25709
         4         3         1        12   121.293   3.35866
         4         3         1        13   145.065   3.54161
         4         3         1        14   119.719   3.90137
         4         3         1        15   133.922   4.64441
         4         3         1        16   136.985   5.90901
         4         3         1        17   131.343   6.14401
         4         3         1        18   131.317   6.24779
         4         3         1        19   125.485   5.62856
         4         3         1        20    123.08   4.70399
         4         3         1        21   148.177   4.63349
         4         3         1        22   139.398   9.73442
         4         3         1        23   136.481   16.7428
         4         3         1        24   168.148   11.2786
         4         3         1        25   125.306   6.80148
         4         3         1        26    138.81   5.89541
         4         3         1        27    181.02   5.12456
         4         3         1        28    147.24   6.38046
         4         3         1        29   165.543    6.7324
         4         3         1        30   152.582   6.19958
         4         3         1        31   165.708   5.25814
         4         3         2         0   135.654    8.5025
         4         3         2         1   149.379   10.2727
         4         3         2         2   149.411   11.4027
         4         3         2         3   194.672   11.4541
         4         3         2         4    131.28   8.72606
         4         3         2         5   105.539   10.7021
         4         3         2         6   130.564   6.72711
         4         3         2         7   128.415   7.60149
         4         3         2         8   168.506   17.5826
         4         3         2         9   117.315   12.9066
         4         3         2        10   102.138   11.7431
         4         3         2        11   104.022   12.4551
         4         3         2        12   101.846   12.8857
         4         3         2        13   116.783   14.1007
         4         3         2        14   143.416   6.36445
         4         3         2        15   141.912   16.8818
         4         3         2        16    125.83   11.7333
         4         3         2        17   127.436   8.44902
         4         3         2        18   170.676   13.7252
         4         3         2        19   133.312   7.90603
         4         3         2        20   162.473   7.76415
         4         3         2        21   144.668   15.9653
         4         3         2        22   167.315   17.0702
         4         3         2        23   170.735   29.6526
         4         3         2        24    111.13   11.9055
         4         3         2        25   158.709   6.66755
         4         3         2        26   117.194   11.4314
         4         3         2        27   144.394   10.5653
         4         3         2        28   123.578   13.7017
         4         3         2        29   124.761   9.44834
         4         3         2        30   143.747   10.9288
         4         3         2        31   118.027   9.77199
         4         3         3         0   154.309   11.6336
         4         3         3         1   159.876   11.5622
         4         3         3         2   137.043   11.4223
         4         3         3         3    164.65   10.8629
         4         3         3         4   155.797   9.58554
         4         3         3         5    120.17   7.07379
         4         3         3         6   148.604   7.98984
         4         3         3         7   138.288   15.7695
         4         3         3         8   153.039    23.794
         4         3         3         9   128.944   16.9462
         4         3         3        10   186.561    10.112
         4         3         3        11   134.813   6.89781
         4         3         3        12   95.3061   13.1878
         4         3         3        13   105.237   7.00524
         4         3         3        14   115.084   11.3084
         4         3         3        15    162.04    11.504
         4         3         3        16   129.387   13.2472
         4         3         3        17   140.861   11.7637
         4         3         3        18   145.096   9.89723
         4         3         3        19    170.24   8.66436
         4         3         3        20   145.971   8.23264
         4         3         3        21    142.86   7.38006
         4         3         3        22   150.715   15.3414
         4         3         3        23   157.156   25.1314
         4         3         3        24   116.285   22.1611
         4         3         3        25    100.68    16.547
         4         3         3        26   113.152   16.1762
         4         3         3        27   129.535   6.01059
         4         3         3        28   85.0292   11.1288
         4         3         3        29   120.527   9.06052
         4         3         3        30   143.357   11.8036
         4         3         3        31   133.944   10.9645
         4         3         4         0   127.507   7.84763
         4         3         4         1   121.827   9.32307
         4         3         4         2   149.212    8.6842
         4         3         4         3   96.8289   10.2891
         4         3         4         4   111.246   6.49996
         4         3         4         5   126.118   4.96686
         4         3         4         6   138.894   11.3138
         4         3         4         7   131.963   19.6992
         4         3         4         8   144.942   16.2629
         4         3         4         9   118.613   9.09719
         4         3         4        10   139.664   5.87255
         4         3         4        11   142.972   5.12528
         4         3         4        12   94.5803   5.87183
         4         3         4        13   114.386   7.13477
         4         3         4        14   121.191   8.94204
         4         3         4        15   121.455   8.14124
         4         3         4        16   114.591   10.8813
         4         3         4        17   128.447   11.0227
         4         3         4        18   121.497   7.41754
         4         3         4        19   135.535   5.35671
         4         3         4        20    138.13    8.0032
         4         3         4        21   126.596   14.1697
         4         3         4        22   133.239   19.8762
         4         3         4        23   144.158   27.1864
         4         3         4        24   87.7639   9.74513
         4         3         4        25   132.464   7.25997
         4         3         4        26   155.435   6.41646
         4         3         4        27   127.284    9.1488
         4         3         4        28   117.253   12.8176
         4         3         4        29   98.3901   10.0033
         4         3         4        30   104.836   11.5685
         4         3         4        31   93.8209   10.6105
         4         3         5         0   115.913   7.59376
         4         3         5         1   160.601     10.34
         4         3         5         2   161.635   10.2296
         4         3         5         3   195.301   15.9694
         4         3         5         4    149.68   9.73893
         4         3         5         5   137.104   11.1021
         4         3         5         6   166.336   11.7987
         4         3         5         7   145.544    11.757
         4         3         5         8   140.775   12.7062
         4         3         5         9   145.767   25.3788
         4         3         5        10   153.666   15.0443
         4         3         5        11   141.384   12.2082
         4         3         5        12   146.992   11.9381
         4         3         5        13   146.464    13.167
         4         3         5        14   120.739   19.4673
         4         3         5        15   162.905   12.7676
         4         3         5        16   136.976   13.4259
         4         3         5        17   126.648   12.2698
         4         3         5        18   168.045   12.1546
         4         3         5        19   136.576   10.0385
         4         3         5        20   157.676   11.2124
         4         3         5        21   137.574   12.8652
         4         3         5        22   129.927    25.969
         4         3         5        23   93.7069    36.838
         4         3         5        24   89.8814   8.26202
         4         3         5        25   146.779   9.71794
         4         3         5        26   171.662   9.37677
         4         3         5        27    132.45   8.47793
         4         3         5        28   155.121   9.69632
         4         3         5        29   153.861   9.09729
         4         3         5        30   167.672   7.66778
         4         3         5        31   126.977    8.5076
         4         4         0         0   84.1253   2.97329
         4         4         0         1   134.919   2.84298
         4         4         0         2   139.023   2.87963
         4         4         0         3   107.809   3.53713
         4         4         0         4   121.614   5.89755
         4         4         0         5    123.51    4.6329
         4         4         0         6   121.488   3.82126
         4         4         0         7   120.311   5.95394
         4         4         0         8   179.837   3.59242
         4         4         0         9   155.984   3.49024
         4         4         0        10   160.149   3.54634
         4         4         0        11   149.328   3.01259
         4         4         0        12   141.028   3.25218
         4         4         0        13   186.546   3.93877
         4         4         0        14   119.678   4.47437
         4         4         0        15   102.982   5.69041
         4         4         0        16   172.128   5.20391
         4         4         0        17   138.515    2.9665
         4         4         0        18   144.891   2.67564
         4         4         0        19   109.933   2.62785
         4         4         0        20    143.67   2.37891
         4         4         0        21   161.624   2.75788
         4         4         0        22   138.823   2.85109
         4         4         0        23   156.701   2.84156
         4         4         0        24    179.23   2.95338
         4         4         0        25   136.298   2.65148
         4         4         0        26   136.499   2.50873
         4         4         0        27   134.281   2.55214
         4         4         0        28   204.322   2.65964
         4         4         0        29   145.889   2.46914
         4         4         0        30   194.463   2.68613
         4         4         0        31   108.168   3.19517
         4         4         1         0   169.015   9.07893
         4         4         1         1   128.904   11.9847
         4         4         1         2   164.771   9.86361
         4         4         1         3    123.79   8.95712
         4         4         1         4   142.021   7.62099
         4         4         1         5   129.808   5.96662
         4         4         1         6   137.836   6.13602
         4         4         1         7   167.246   6.92901
         4         4         1         8   100.398   6.31059
         4         4         1         9   135.029   5.97134
         4         4         1        10   108.271   6.45735
         4         4         1        11   104.888   5.58805
         4         4         1        12   131.331   5.70248
         4         4         1        13   154.854   5.45075
         4         4         1        14   127.665   5.60184
         4         4         1        15   94.3007   6.40851
         4         4         1        16   138.766    7.5375
         4         4         1        17   165.866   6.66692
         4         4         1        18    155.56    6.0664
         4         4         1        19    114.96    5.1766
         4         4         1        20   102.919   5.67074
         4         4         1        21   151.614   5.02026
         4         4         1        22   122.059   5.58675
         4         4         1        23    129.14   6.40797
         4         4         1        24    108.92   5.83911
         4         4         1        25   151.631    7.5098
         4         4         1        26   122.922    9.5312
         4         4         1        27   157.688   8.01462
         4         4         1        28   129.796   8.45986
         4         4         1        29   143.405   10.6021
         4         4         1        30   169.061   8.67086
         4         4         1        31   154.552   5.74202
         4         4         2         0   186.675   7.68213
         4         4         2         1   117.829   8.48461
         4         4         2         2   183.285    9.5009
         4         4         2         3   112.758   8.25576
         4         4         2         4   123.637   6.45489
         4         4         2         5   153.133   6.13588
         4         4         2         6   117.266   13.0549
         4         4         2         7    85.719   21.0696
         4         4         2         8   93.0634   17.4039
         4         4         2         9   145.506   11.8564
         4         4         2        10   115.943   11.3519
         4         4         2        11   142.169   5.02035
         4         4         2        12   132.762   4.89195
         4         4         2        13   133.966   6.63383
         4         4         2        14   154.098   8.35436
         4         4         2        15   148.424   8.42651
         4         4         2        16   114.975   11.8356
         4         4         2        17   129.335   10.3749
         4         4         2        18   120.038   9.77859
         4         4         2        19   162.059   8.41012
         4         4         2        20   112.711   6.61592
         4         4         2        21   101.657   10.4678
         4         4         2        22   119.312   15.6247
         4         4         2        23   156.742   10.6542
         4         4         2        24   129.355   24.6385
         4         4         2        25   166.003   15.0861
         4         4         2        26   119.648   11.3132
         4         4         2        27    165.56   6.54562
         4         4         2        28   171.691   6.65893
         4         4         2        29   150.414   9.26614
         4         4         2        30   155.085   8.16032
         4         4         2        31    144.74    6.1825
         4         4         3         0   107.205    9.6029
         4         4         3         1   110.656   14.7219
         4         4         3         2   147.429   10.3956
         4         4         3         3   125.574   11.5362
         4         4         3         4   130.118   7.20916
         4         4         3         5   105.754   11.3484
         4         4         3         6   111.026   17.9347
         4         4         3         7   122.789    23.434
         4         4         3         8   84.9185   14.2625
         4         4         3         9   136.983   10.1611
         4         4         3        10   138.205   6.22378
         4         4         3        11   100.939   6.46784
         4         4         3        12   151.039   9.73018
         4         4         3        13   129.467   10.3954
         4         4         3        14   94.0221   10.4558
         4         4         3        15   179.358   14.9117
         4         4         3        16   167.456    13.668
         4         4         3        17   109.515   9.74679
         4         4         3        18    120.32   11.9515
         4         4         3        19   126.322   6.91566
         4         4         3        20   110.438   6.47355
         4         4         3        21   127.825   5.82473
         4         4         3        22   145.935   14.1775
         4         4         3        23    135.74    34.986
         4         4         3        24   136.849   16.3102
         4         4         3        25    157.83   8.40597
         4         4         3        26   162.655   6.39351
         4         4         3        27   144.343   7.35287
         4         4         3        28   74.7049   11.4861
         4         4         3        29   157.218   11.0747
         4         4         3        30   124.379   11.6753
         4         4         3        31   184.131   11.5296
         4         4         4         0   124.499   9.38856
         4         4         4         1   130.239    8.8599
         4         4         4         2   128.727   9.34269
         4         4         4         3   130.213     7.989
         4         4         4         4     105.4   11.4722
         4         4         4         5   107.239   7.49626
         4         4         4         6   90.3286   19.1935
         4         4         4         7   165.571    18.358
         4         4         4         8   87.2091   16.0571
         4         4         4         9   122.929   12.0836
         4         4         4        10   134.628   7.01199
         4         4         4        11   168.395   8.16687
         4         4         4        12   136.149   7.65872
         4         4         4        13   136.905   8.65303
         4         4         4        14   143.442   11.3239
         4         4         4        15    101.11   1.57231
         4         4         4        16   127.214   14.1251
         4         4         4        17   103.334   12.0884
         4         4         4        18   120.789   11.1012
         4         4         4        19   94.1847   14.4015
         4         4         4        20   82.3581    7.5689
         4         4         4        21   119.331   10.2426
         4         4         4        22   100.693   25.4988
         4         4         4        23    144.71   40.5072
         4         4         4        24   106.305   11.1109
         4         4         4        25    138.67   10.8134
         4         4         4        26   94.6925   9.23522
         4         4         4        27   104.545   9.81261
         4         4         4        28   118.975   10.7815
         4         4         4        29   94.8481   9.86248
         4         4         4        30   108.636   14.1662
         4         4         4        31   157.414   15.7992
         4         4         5         0   160.503   6.86887
         4         4         5         1   142.087   6.01176
         4         4         5         2   160.549   7.08462
         4         4         5         3   150.869   5.09036
         4         4         5         4   120.827   6.40691
         4         4         5         5   167.366   7.07016
         4         4         5         6   187.256   7.66839
         4         4         5         7    165.41   7.54007
         4         4         5         8   121.887   14.3692
         4         4         5         9   140.908   13.6077
         4         4         5        10   119.876   11.0714
         4         4         5        11   112.325   6.93793
         4         4         5        12   136.989    9.1547
         4         4         5        13   145.602   11.0523
         4         4         5        14   109.175   15.4731
         4         4         5        15   168.785   9.26839
         4         4         5        16   166.572   15.5884
         4         4         5        17    133.37   11.8086
         4         4         5        18   130.372   10.4663
         4         4         5        19   106.744   9.60666
         4         4         5        20   103.688   15.4536
         4         4         5        21   162.321    12.574
         4         4         5        22   108.017   28.7605
         4         4         5        23    145.92   26.7157
         4         4         5        24   106.247   8.48288
         4         4         5        25    164.14   7.14665
         4         4         5        26    111.02   7.95733
         4         4         5        27   151.602   7.95745
         4         4         5        28    152.47    7.6097
         4         4         5        29   133.124   7.48364
         4         4         5        30   122.436   7.14617
         4         4         5        31   142.515    6.7587
         4         5         0         0   122.047   3.32602
         4         5         0         1   131.024   3.14671
         4         5         0         2   149.369   3.10001
         4         5         0         3   129.931   3.35833
         4         5         0         4   145.164   3.43941
         4         5         0         5   147.926   3.33662
         4         5         0         6    137.85   3.06341
         4         5         0         7   141.908   3.25217
         4         5         0         8   116.291    3.4849
         4         5         0         9   119.581   3.78316
         4         5         0        10    122.75   4.18519
         4         5         0        11   121.208   3.93228
         4         5         0        12   144.896   3.75433
         4         5         0        13   141.421   3.85607
         4         5         0        14   152.086   4.02734
         4         5         0        15   142.603   4.59316
         4         5         0        16   106.069   4.92418
         4         5         0        17   114.114   3.60341
         4         5         0        18    105.32   3.08102
         4         5         0        19   137.819    3.0979
         4         5         0        20   108.135    3.3329
         4         5         0        21    148.69   3.58457
         4         5         0        22   128.653   4.18303
         4         5         0        23   145.631   4.35225
         4         5         0        24   146.976   3.12948
         4         5         0        25   167.819   3.26875
         4         5         0        26   130.094   3.68301
         4         5         0        27   141.341   3.53568
         4         5         0        28   117.776   3.11065
         4         5         0        29   111.945   3.13786
         4         5         0        30   103.742   3.18672
         4         5         0        31   137.124   3.25604
         4         5         1         0   168.545   3.03224
         4         5         1         1   163.917   2.93852
         4         5         1         2   144.367   3.36591
         4         5         1         3   125.291   3.53254
         4         5         1         4   151.246   3.96118
         4         5         1         5   166.358   3.82668
         4         5         1         6   161.817   3.90796
         4         5         1         7   139.641   3.41964
         4         5         1         8   130.171   2.84266
         4         5         1         9   112.303   2.95157
         4         5         1        10   123.679   2.79061
         4         5         1        11   128.627    2.8562
         4         5         1        12   167.078    3.5519
         4         5         1        13    126.35   4.90524
         4         5         1        14   168.182   6.14116
         4         5         1        15   121.998   4.27783
         4         5         1        16   144.391    4.4906
         4         5         1        17   121.901   3.61782
         4         5         1        18   161.977   3.22999
         4         5         1        19   94.4956   2.93055
         4         5         1        20   139.296    2.8144
         4         5         1        21   96.4078   2.80644
         4         5         1        22   113.657   3.01431
         4         5         1        23   172.651   3.29228
         4         5         1        24    153.74   2.76377
         4         5         1        25   143.945   2.68396
         4         5         1        26   82.9069    4.1432
         4         5         1        27   110.638   2.52902
         4         5         1        28   146.386   2.38699
         4         5         1        29   126.331   2.77957
         4         5         1        30   178.134   5.61307
         4         5         1        31   99.2984   10.5078
         4         5         2         0   113.375   7.89084
         4         5         2         1   96.7417   8.54218
         4         5         2         2   166.194   5.48723
         4         5         2         3   91.7061   2.82924
         4         5         2         4   176.082   2.98162
         4         5         2         5   140.064   3.23041
         4         5         2         6   118.778   3.47724
         4         5         2         7    129.09   3.52301
         4         5         2         8   127.447   3.50825
         4         5         2         9   103.368   3.16519
         4         5         2        10   165.532   3.12967
         4         5         2        11   155.138   3.25423
         4         5         2        12   147.488   3.34238
         4         5         2        13   133.116   3.46258
         4         5         2        14   154.876   3.42275
         4         5         2        15    113.09   3.41782
         4         5         2        16   153.068   4.57549
         4         5         2        17   142.195   3.34912
         4         5         2        18   159.723   3.01392
         4         5         2        19    135.41   2.81775
         4         5         2        20   124.645   2.55011
         4         5         2        21    157.32   3.62363
         4         5         2        22    108.08   4.25623
         4         5         2        23   90.1746   3.20918
         4         5         2        24   145.813   10.5483
         4         5         2        25   98.1208   2.84695
         4         5         2        26   130.218   2.69736
         4         5         2        27   144.994   2.52976
         4         5         2        28   141.345   2.63326
         4         5         2        29   138.556   2.81873
         4         5         2        30   152.701   2.69563
         4         5         2        31   148.064   2.70953
         4         5         3         0   127.319   3.36261
         4         5         3         1    125.58   4.06484
         4         5         3         2   193.845   3.82184
         4         5         3         3   159.328   4.36741
         4         5         3         4   104.461   4.59694
         4         5         3         5   128.519    4.5531
         4         5         3         6   125.091     4.963
         4         5         3         7   155.105   4.47935
         4         5         3         8   187.002   5.08802
         4         5         3         9   185.917   4.69853
         4         5         3        10   141.411   3.14804
         4         5         3        11   138.783   2.58144
         4         5         3        12   134.439   5.20684
         4         5         3        13   166.228   11.0062
         4         5         3        14   124.854    13.046
         4         5         3        15   138.393   12.2976
         4         5         3        16    151.26   14.9909
         4         5         3        17   153.369   12.2948
         4         5         3        18   128.136     10.44
         4         5         3        19   135.436   10.3408
         4         5         3        20   159.047   11.2592
         4         5         3        21   112.568   17.3995
         4         5         3        22   77.1082   22.5397
         4         5         3        23   137.858   36.8376
         4         5         3        24   126.738   24.0998
         4         5         3        25   116.815   12.2141
         4         5         3        26   171.138   12.2071
         4         5         3        27   138.559   10.3591
         4         5         3        28   133.127   10.7419
         4         5         3        29   115.526   10.2854
         4         5         3        30   127.978   11.3859
         4         5         3        31   105.034   10.5957
         4         5         4         0   131.793   2.52768
         4         5         4         1   121.861    2.4645
         4         5         4         2   114.383   2.88844
         4         5         4         3   118.949   2.93765
         4         5         4         4   105.627   3.07756
         4         5         4         5     141.8   2.77963
         4         5         4         6    167.03   3.04964
         4         5         4         7   105.549   3.05856
         4         5         4         8   128.207   2.77372
         4         5         4         9   99.8074   2.68775
         4         5         4        10   86.6629   2.48157
         4         5         4        11   94.7307   2.44336
         4         5         4        12   122.921   2.57624
         4         5         4        13   146.216   2.73722
         4         5         4        14   131.374   3.16913
         4         5         4        15   109.235   3.31303
         4         5         4        16   157.558   14.3303
         4         5         4        17   98.5039   9.57554
         4         5         4        18    102.47   9.55915
         4         5         4        19   129.143   7.63566
         4         5         4        20    130.08   9.90406
         4         5         4        21   146.755   13.6147
         4         5         4        22   118.637   27.7754
         4         5         4        23   129.289   39.5169
         4         5         4        24   108.006   14.8511
         4         5         4        25   143.406   11.5227
         4         5         4        26   91.2063   11.4971
         4         5         4        27   127.734   9.79726
         4         5         4        28   178.679   13.8111
         4         5         4        29    129.53   12.4353
         4         5         4        30    153.56   12.1854
         4         5         4        31   124.193   9.40661
         4         5         5         0   115.096   7.31579
         4         5         5         1    128.26   3.07763
         4         5         5         2    171.64    3.2015
         4         5         5         3   137.929   2.92612
         4         5         5         4   120.138   3.16746
         4         5         5         5   167.644   3.10942
         4         5         5         6   156.479   3.14596
         4         5         5         7   128.358   3.34495
         4         5         5         8   97.4365    2.7262
         4         5         5         9   111.834   2.84828
         4         5         5        10   138.037   2.76082
         4         5         5        11   157.149   3.47257
         4         5         5        12   154.773    2.9332
         4         5         5        13   153.153   3.00372
         4         5         5        14   151.901   5.12306
         4         5         5        15   123.366   10.4348
         4         5         5        16   139.319   6.62253
         4         5         5        17   144.051    7.9024
         4         5         5        18   86.6126   9.12898
         4         5         5        19   167.905   7.32909
         4         5         5        20   133.994    4.7328
         4         5         5        21    159.87   4.65997
         4         5         5        22   93.1894   6.50118
         4         5         5        23    119.96   7.66424
         4         5         5        24    167.21   3.95671
         4         5         5        25   102.826   3.49474
         4         5         5        26   124.801   2.85709
         4         5         5        27   91.4283   2.70549
         4         5         5        28   161.681   2.95239
         4         5         5        29   131.773   3.95715
         4         5         5        30   137.424   3.33286
         4         5         5        31   117.988   3.40304
         5         0         0         0   107.692   3.44831
         5         0         0         1    117.02    3.0896
         5         0         0         2   145.828   2.92102
         5         0         0         3   144.986   3.05834
         5         0         0         4   124.096   3.14181
         5         0         0         5   133.499   3.05585
         5         0         0         6   66.8922   10.9192
         5         0         0         7   108.608   3.31825
         5         0         0         8   98.0962   2.86571
         5         0         0         9   123.658   3.12265
         5         0         0        10   120.163   3.30544
         5         0         0        11   107.764   7.16159
         5         0         0        12    130.74  0.900161
         5         0         0        13   112.882   6.94329
         5         0         0        14   148.669   3.55068
         5         0         0        15   157.075   4.27611
         5         0         0        16   148.265   4.00461
         5         0         0        17   118.811   2.75286
         5         0         0        18   120.375   2.82168
         5         0         0        19   101.626   2.53266
         5         0         0        20   134.396   2.78471
         5         0         0        21   162.181   2.83716
         5         0         0        22   84.8419   2.59888
         5         0         0        23   92.3932   2.89054
         5         0         0        24   147.038   3.18877
         5         0         0        25   96.0993   2.57284
         5         0         0        26   146.348   2.69993
         5         0         0        27   96.2364   2.51117
         5         0         0        28   177.139   2.63895
         5         0         0        29    92.845   2.59393
         5         0         0        30   113.385   2.58019
         5         0         0        31   149.626   3.14263
         5         0         1         0   124.962   3.65654
         5         0         1         1   166.363  0.984674
         5         0         1         2    149.65    2.8735
         5         0         1         3    123.91   3.06356
         5         0         1         4   120.445   2.81125
         5         0         1         5   142.564   2.72763
         5         0         1         6   167.111   2.79413
         5         0         1         7    127.23   3.12142
         5         0         1         8   129.086   2.82431
         5         0         1         9   134.429   2.75678
         5         0         1        10   107.318   2.89503
         5         0         1        11   121.182   2.81634
         5         0         1        12   142.903    2.8154
         5         0         1        13   162.025    2.9392
         5         0         1        14   144.199   3.05279
         5         0         1        15   137.523   3.53016
         5         0         1        16   90.5323  0.825041
         5         0         1        17   170.918   3.34937
         5         0         1        18    133.12   2.68198
         5         0         1        19   130.549   2.63164
         5         0         1        20   78.9916   2.73852
         5         0         1        21    152.48   2.54235
         5         0         1        22   120.849   2.77826
         5         0         1        23    155.56   2.96909
         5         0         1        24   157.232  0.909508
         5         0         1        25   137.059   2.74813
         5         0         1        26   134.632   2.60033
         5         0         1        27   173.605   2.64654
         5         0         1        28   162.024   2.58015
         5         0         1        29   130.785    2.5414
         5         0         1        30   159.643   2.90211
         5         0         1        31   143.131   2.98151
         5         0         2         0   113.624  0.828316
         5         0         2         1   137.634  0.804757
         5         0         2         2    102.73   1.05591
         5         0         2         3   164.214   0.95666
         5         0         2         4   157.703   1.14205
         5         0         2         5   124.236  0.948267
         5         0         2         6   134.431   1.00851
         5         0         2         7   153.565  0.811785
         5         0         2         8     154.3  0.829571
         5         0         2         9   152.776  0.958754
         5         0         2        10   112.226   1.03262
         5         0         2        11   89.3845  0.822708
         5         0         2        12   117.929  0.949712
         5         0         2        13    142.54   1.26253
         5         0         2        14   134.344   1.02171
         5         0         2        15   131.053  0.982396
         5         0         2        16   123.749   4.83911
         5         0         2        17   148.675   3.67584
         5         0         2        18   117.953   4.39308
         5         0         2        19    107.98   4.81664
         5         0         2        20   114.806     5.216
         5         0         2        21   153.731   6.18528
         5         0         2        22   120.474   3.30707
         5         0         2        23   184.156    3.5165
         5         0         2        24   141.814   4.61342
         5         0         2        25   103.515   5.66229
         5         0         2        26   139.153   4.50964
         5         0         2        27   150.998   6.73329
         5         0         2        28   148.506   4.92604
         5         0         2        29   139.971   3.55978
         5         0         2        30   122.347   4.66493
         5         0         2        31   109.032   3.72871
         5         0         3         0   170.248   2.84181
         5         0         3         1   177.777   2.79556
         5         0         3         2   119.078   2.64348
         5         0         3         3   153.375   2.90393
         5         0         3         4   132.737   2.48496
         5         0         3         5    146.31   2.81813
         5         0         3         6   169.456   3.07185
         5         0         3         7   161.957   2.68297
         5         0         3         8   209.078   2.67164
         5         0         3         9   130.524   2.43816
         5         0         3        10   133.836   2.56678
         5         0         3        11   162.851   2.71717
         5         0         3        12   139.643   2.77002
         5         0         3        13   144.135   2.80061
         5         0         3        14   112.297   2.97137
         5         0         3        15   163.519   3.09829
         5         0         3        16   157.705   2.89213
         5         0         3        17   178.493   2.65067
         5         0         3        18   157.638   2.60676
         5         0         3        19   221.019   2.57797
         5         0         3        20   139.269   2.52095
         5         0         3        21   121.983   2.63743
         5         0         3        22   130.953   2.46734
         5         0         3        23   161.626   2.60109
         5         0         3        24   114.648   2.43583
         5         0         3        25   178.201   2.46804
         5         0         3        26   96.2429   2.18481
         5         0         3        27   112.865   2.56962
         5         0         3        28   169.942   2.44882
         5         0         3        29   162.503   2.59954
         5         0         3        30   159.066   2.44591
         5         0         3        31   131.335   2.39981
         5         0         4         0   127.565    3.4662
         5         0         4         1   168.259   2.64048
         5         0         4         2   180.742    3.5017
         5         0         4         3    145.72   2.80577
         5         0         4         4   123.669    2.7307
         5         0         4         5   126.318   2.94989
         5         0         4         6   130.134   2.77174
         5         0         4         7   145.997   3.60838
         5         0         4         8   109.013   2.66942
         5         0         4         9   116.706   3.24576
         5         0         4        10   130.672   2.58919
         5         0         4        11   170.792    2.7689
         5         0         4        12    147.84   2.75747
         5         0         4        13   168.491   2.80644
         5         0         4        14   173.735   2.99915
         5         0         4        15   151.361  0.966229
         5         0         4        16   158.352   2.73134
         5         0         4        17   109.031   2.51118
         5         0         4        18   151.562   2.51656
         5         0         4        19   168.874   2.51105
         5         0         4        20   168.096   2.47568
         5         0         4        21   152.702   2.67383
         5         0         4        22   118.613   2.56488
         5         0         4        23   140.695    2.4339
         5         0         4        24   152.882   2.57696
         5         0         4        25   142.513   2.77499
         5         0         4        26   121.132   2.52894
         5         0         4        27   193.542   2.52579
         5         0         4        28   155.944   2.74837
         5         0         4        29   126.308   3.58037
         5         0         4        30   109.054    2.4753
         5         0         4        31   120.488   2.60828
         5         1         0         0   141.824   3.08223
         5         1         0         1   150.151   2.68293
         5         1         0         2   141.415   2.96178
         5         1         0         3   134.798   3.00599
         5         1         0         4   137.902   2.77555
         5         1         0         5   144.146    2.8875
         5         1         0         6   105.187   2.72223
         5         1         0         7   115.368   3.32503
         5         1         0         8   120.987   3.16702
         5         1         0         9   134.757   2.96597
         5         1         0        10   173.146    3.2419
         5         1         0        11    150.07   2.64539
         5         1         0        12   159.588    2.7428
         5         1         0        13   106.777   3.19104
         5         1         0        14   89.4294   3.36358
         5         1         0        15    157.85   4.79723
         5         1         0        16   156.198   4.51321
         5         1         0        17   144.541   2.99666
         5         1         0        18   142.842    2.5598
         5         1         0        19   121.746    2.6761
         5         1         0        20   182.939   2.72656
         5         1         0        21   128.559   3.08039
         5         1         0        22   132.349   3.09459
         5         1         0        23   107.505   3.03438
         5         1         0        24   147.361   2.92793
         5         1         0        25       152   2.68303
         5         1         0        26   154.371   2.71105
         5         1         0        27   124.998   2.78137
         5         1         0        28   143.483   2.49964
         5         1         0        29   154.635   2.50811
         5         1         0        30   195.984    2.5069
         5         1         0        31   157.371   2.98083
         5         1         1         0   135.836   2.81986
         5         1         1         1   157.165   2.87941
         5         1         1         2   100.877    2.7818
         5         1         1         3    161.84   2.62963
         5         1         1         4   120.306   3.07051
         5         1         1         5   189.162   3.23935
         5         1         1         6   135.722   2.77954
         5         1         1         7   151.242   2.89016
         5         1         1         8   136.524    2.9539
         5         1         1         9   149.344   2.66815
         5         1         1        10    175.45   2.58941
         5         1         1        11   145.217   2.52839
         5         1         1        12   164.825   2.53429
         5         1         1        13    132.35   2.70141
         5         1         1        14   134.228   2.97385
         5         1         1        15   159.791   3.62287
         5         1         1        16   132.605   2.87944
         5         1         1        17   178.715   2.55548
         5         1         1        18   148.406   2.50715
         5         1         1        19   163.342   2.30269
         5         1         1        20   116.496   2.35015
         5         1         1        21   173.297   2.46696
         5         1         1        22   117.864   2.30442
         5         1         1        23   143.503   2.43289
         5         1         1        24    144.22   2.55832
         5         1         1        25   161.551   2.62428
         5         1         1        26   161.946   2.35901
         5         1         1        27   194.244   2.66809
         5         1         1        28   135.342   2.73923
         5         1         1        29   133.449   2.25126
         5         1         1        30   112.386   2.33279
         5         1         1        31   154.674    2.5711
         5         1         2         0   137.428   10.1653
         5         1         2         1   165.171    11.163
         5         1         2         2   158.296   6.86927
         5         1         2         3   158.987    9.5789
         5         1         2         4   120.135   6.22486
         5         1         2         5   98.5174   13.5324
         5         1         2         6   163.036   7.61714
         5         1         2         7   143.956   5.81625
         5         1         2         8    113.09   14.2939
         5         1         2         9   130.229   17.7322
         5         1         2        10    147.96   9.10871
         5         1         2        11   93.7972   13.2851
         5         1         2        12   121.672   14.5725
         5         1         2        13   131.157   1.18667
         5         1         2        14   131.113   6.85978
         5         1         2        15   147.331   9.80745
         5         1         2        16   137.737   7.43691
         5         1         2        17   164.167   7.54403
         5         1         2        18   160.259   7.70783
         5         1         2        19   133.668   5.01748
         5         1         2        20   137.627   5.56079
         5         1         2        21   156.144   4.43323
         5         1         2        22   157.654   4.85979
         5         1         2        23   178.978   10.9914
         5         1         2        24   128.412   4.79046
         5         1         2        25   129.134   12.1802
         5         1         2        26   129.525   8.21645
         5         1         2        27   174.572   8.34461
         5         1         2        28   110.291   12.2561
         5         1         2        29   131.202   10.6351
         5         1         2        30   113.696   3.55943
         5         1         2        31    147.77   6.43021
         5         1         3         0   107.097   15.1625
         5         1         3         1   117.921   5.66841
         5         1         3         2    145.26     7.456
         5         1         3         3   118.867   10.6807
         5         1         3         4   125.986   3.97857
         5         1         3         5     139.9    10.097
         5         1         3         6     104.1   5.74691
         5         1         3         7   134.666   6.93706
         5         1         3         8   126.765   11.5021
         5         1         3         9   122.471   5.04355
         5         1         3        10   122.286   4.38683
         5         1         3        11   124.659   9.90291
         5         1         3        12   126.237   9.91937
         5         1         3        13   152.984   8.39412
         5         1         3        14    159.16   12.2646
         5         1         3        15   107.367   14.8519
         5         1         3        16   153.894   10.6682
         5         1         3        17   82.0316   15.1459
         5         1         3        18   94.7805   11.2158
         5         1         3        19   187.151   13.2158
         5         1         3        20   174.414   8.87305
         5         1         3        21   124.791   6.00636
         5         1         3        22    161.83   8.45123
         5         1         3        23   84.4427   10.5222
         5         1         3        24   113.569   32.7216
         5         1         3        25   164.276   13.3103
         5         1         3        26   154.769   9.44137
         5         1         3        27   147.703     6.625
         5         1         3        28   124.802   14.7775
         5         1         3        29   165.727   8.99926
         5         1         3        30   118.384   11.0996
         5         1         3        31   191.724   8.26441
         5         1         4         0    95.382   2.77483
         5         1         4         1   117.351   3.73822
         5         1         4         2   137.881  0.731882
         5         1         4         3   163.965   3.69279
         5         1         4         4   109.025   7.08908
         5         1         4         5   169.783   3.32847
         5         1         4         6   184.087   3.12876
         5         1         4         7   132.941   3.37342
         5         1         4         8   143.327   2.76293
         5         1         4         9   126.256   2.81522
         5         1         4        10   125.935   2.71056
         5         1         4        11   110.448   2.63928
         5         1         4        12   157.411   2.73961
         5         1         4        13   171.717   3.12698
         5         1         4        14   133.665   3.52747
         5         1         4        15   102.799   3.66213
         5         1         4        16   116.653     5.647
         5         1         4        17   129.201   7.42481
         5         1         4        18   84.3961   3.57154
         5         1         4        19   102.261   4.27911
         5         1         4        20   136.672   1.56414
         5         1         4        21   103.406    7.3753
         5         1         4        22   139.794   5.70873
         5         1         4        23   86.2284   3.63472
         5         1         4        24     121.5   3.65499
         5         1         4        25   146.777   5.36356
         5         1         4        26   113.549   4.68294
         5         1         4        27   174.806   3.61201
         5         1         4        28   147.291    3.8592
         5         1         4        29   137.578   3.76433
         5         1         4        30   91.5139   3.54719
         5         1         4        31   145.154   3.66466
         5         1         5         0   144.842   2.65074
         5         1         5         1   178.909    2.9098
         5         1         5         2    126.71   2.95534
         5         1         5         3   146.126   3.05184
         5         1         5         4   149.229   2.95662
         5         1         5         5   145.782   3.08197
         5         1         5         6   162.564   3.05965
         5         1         5         7   151.841   1.01944
         5         1         5         8   161.945   2.72374
         5         1         5         9   120.152    3.8553
         5         1         5        10   116.229   2.82013
         5         1         5        11   130.915   2.48596
         5         1         5        12   123.934   2.56106
         5         1         5        13   146.213   2.85981
         5         1         5        14   120.313    3.3146
         5         1         5        15   90.2683   3.82606
         5         1         5        16   115.813   3.12796
         5         1         5        17    142.31   3.15009
         5         1         5        18   197.356   3.42523
         5         1         5        19   130.354   3.23122
         5         1         5        20   178.333   3.26451
         5         1         5        21   130.157   2.89051
         5         1         5        22   165.539    3.1078
         5         1         5        23   135.507   2.89854
         5         1         5        24   172.387   2.60104
         5         1         5        25    129.41   2.47807
         5         1         5        26   100.586   2.49908
         5         1         5        27   108.897   2.48129
         5         1         5        28   157.494   2.57247
         5         1         5        29   127.842    2.3788
         5         1         5        30   158.091   2.56561
         5         1         5        31   131.022   2.04692
         5         2         0         0   184.759   0.94337
         5         2         0         1   121.489     3.316
         5         2         0         2   106.355   3.03158
         5         2         0         3   151.982   3.24119
         5         2         0         4   134.481   3.25841
         5         2         0         5   119.595   3.13789
         5         2         0         6   162.843   3.62814
         5         2         0         7   126.046   4.10213
         5         2         0         8   138.814   3.33112
         5         2         0         9   110.391    3.5729
         5         2         0        10   154.946   3.23601
         5         2         0        11   148.493    3.1442
         5         2         0        12   127.407   3.25734
         5         2         0        13   139.888   3.47232
         5         2         0        14    157.67   3.75654
         5         2         0        15   137.315     4.379
         5         2         0        16   102.857   4.29837
         5         2         0        17   117.189   3.54327
         5         2         0        18   149.855   3.31023
         5         2         0        19    133.51   3.10021
         5         2         0        20   140.889    3.3657
         5         2         0        21   132.967   3.39248
         5         2         0        22   124.028   3.13619
         5         2         0        23   152.613   2.82488
         5         2         0        24   168.613   3.52039
         5         2         0        25   137.125   3.24818
         5         2         0        26   130.363   3.29662
         5         2         0        27   119.529   3.44556
         5         2         0        28   132.398   3.27563
         5         2         0        29   163.434   3.27631
         5         2         0        30   160.395   3.27685
         5         2         0        31   165.129   3.71667
         5         2         1         0   192.581   3.00443
         5         2         1         1   130.551   3.38228
         5         2         1         2   142.829   2.89243
         5         2         1         3   149.622   2.81897
         5         2         1         4   179.909   2.97616
         5         2         1         5   133.051   2.71701
         5         2         1         6   147.319   3.07861
         5         2         1         7   120.398   3.15372
         5         2         1         8    142.19   2.54339
         5         2         1         9   131.492   2.59994
         5         2         1        10   152.221   2.71112
         5         2         1        11   141.957   2.66039
         5         2         1        12   119.722   2.84693
         5         2         1        13   183.396   3.00839
         5         2         1        14   97.9611   2.98845
         5         2         1        15   126.149   3.76249
         5         2         1        16   143.504   3.14098
         5         2         1        17   146.003   2.61909
         5         2         1        18   129.546   2.66727
         5         2         1        19   192.715    2.6953
         5         2         1        20   107.953   2.36072
         5         2         1        21   111.297    2.5858
         5         2         1        22   148.847   2.42581
         5         2         1        23   138.237   2.43762
         5         2         1        24   131.121   2.60281
         5         2         1        25   155.974   2.55839
         5         2         1        26   132.745   2.35971
         5         2         1        27   182.734   2.58787
         5         2         1        28   156.175   2.66228
         5         2         1        29   153.846   2.57931
         5         2         1        30   127.164   2.60067
         5         2         1        31   155.655   2.61649
         5         2         2         0   128.712   7.47027
         5         2         2         1   154.204   3.97149
         5         2         2         2   99.1446    3.8405
         5         2         2         3   140.535   4.01918
         5         2         2         4   115.045   4.15222
         5         2         2         5    129.51   4.34258
         5         2         2         6   174.461   4.70785
         5         2         2         7   109.931   6.11973
         5         2         2         8   120.614   8.78652
         5         2         2         9   128.104   8.86299
         5         2         2        10   100.912   8.79068
         5         2         2        11    121.68   6.89341
         5         2         2        12   144.258   7.83524
         5         2         2        13   107.721   7.86078
         5         2         2        14   191.781   6.74079
         5         2         2        15   138.786   5.21893
         5         2         2        16    163.72   4.07721
         5         2         2        17   124.703   6.81146
         5         2         2        18   194.408   6.75807
         5         2         2        19   164.972   7.34913
         5         2         2        20   171.782    6.8724
         5         2         2        21   146.112   5.75301
         5         2         2        22    146.25   4.02007
         5         2         2        23   113.656   3.68278
         5         2         2        24   161.105      4.06
         5         2         2        25   133.525   3.69498
         5         2         2        26   133.997   3.65888
         5         2         2        27   135.691   3.29571
         5         2         2        28   135.318   3.34815
         5         2         2        29   141.397    3.2979
         5         2         2        30   122.583    3.9168
         5         2         2        31   161.538    3.0932
         5         2         3         0   153.651   2.83364
         5         2         3         1   101.796   2.67939
         5         2         3         2   134.777   2.70253
         5         2         3         3   141.414   2.94486
         5         2         3         4   135.375  0.960912
         5         2         3         5   179.302    3.1712
         5         2         3         6   119.645   2.80933
         5         2         3         7   139.983   2.81399
         5         2         3         8   118.472   2.83303
         5         2         3         9   137.678   2.95914
         5         2         3        10    108.63   2.83444
         5         2         3        11   155.496   2.67561
         5         2         3        12   161.157   2.64715
         5         2         3        13   135.004   2.82654
         5         2         3        14   132.591   4.38152
         5         2         3        15   154.357   5.24614
         5         2         3        16   185.429   3.75475
         5         2         3        17   158.038   4.68906
         5         2         3        18   177.981   5.19696
         5         2         3        19   121.997   5.84313
         5         2         3        20   196.557   4.46166
         5         2         3        21   147.154   3.56961
         5         2         3        22   103.871   2.68818
         5         2         3        23   117.897   2.72831
         5         2         3        24   152.545   3.18349
         5         2         3        25   165.431   2.86896
         5         2         3        26   178.497   3.01324
         5         2         3        27    143.13   2.87044
         5         2         3        28   146.361   2.83813
         5         2         3        29   132.029   2.74074
         5         2         3        30   199.574   2.95133
         5         2         3        31   146.698   2.73818
         5         2         4         0   109.025   10.8925
         5         2         4         1   93.0691   16.8753
         5         2         4         2   110.495   11.9101
         5         2         4         3   134.541   13.1795
         5         2         4         4   82.1394   15.2321
         5         2         4         5   104.413   1.27802
         5         2         4         6   121.869   12.6949
         5         2         4         7   103.079   15.0741
         5         2         4         8   140.817   23.7105
         5         2         4         9   110.488    14.319
         5         2         4        10   141.179   14.5601
         5         2         4        11   129.568   11.6031
         5         2         4        12   79.3523   13.1939
         5         2         4        13   102.658   11.3306
         5         2         4        14   114.994   9.10163
         5         2         4        15    88.291   10.4967
         5         2         4        16   98.9337   15.8616
         5         2         4        17   87.8707   13.9803
         5         2         4        18    109.98   14.5177
         5         2         4        19   110.552   12.0725
         5         2         4        20   136.331   11.7713
         5         2         4        21   77.0869   17.5999
         5         2         4        22   136.036   11.0877
         5         2         4        23   156.673   15.8391
         5         2         4        24   111.954   29.7287
         5         2         4        25   132.741     28.93
         5         2         4        26    97.647    17.819
         5         2         4        27   171.079   15.4462
         5         2         4        28   174.479    19.135
         5         2         4        29   120.782   9.24889
         5         2         4        30   128.051   10.2738
         5         2         4        31   153.427   16.7887
         5         2         5         0    123.31   2.49667
         5         2         5         1   151.819   2.61319
         5         2         5         2   117.351   2.89698
         5         2         5         3   166.351   2.77364
         5         2         5         4    122.75   2.99563
         5         2         5         5   137.784   3.09632
         5         2         5         6   117.376   2.74918
         5         2         5         7   155.587   2.90089
         5         2         5         8   106.795   1.40774
         5         2         5         9   177.664   3.13207
         5         2         5        10    99.572   2.95435
         5         2         5        11   156.754   2.56379
         5         2         5        12   105.954    2.5884
         5         2         5        13    109.01    2.9293
         5         2         5        14   156.685   3.18903
         5         2         5        15   115.542   3.62842
         5         2         5        16   141.924   2.69365
         5         2         5        17   141.741   5.81254
         5         2         5        18   155.741   6.93651
         5         2         5        19   143.168    4.9679
         5         2         5        20   158.417   2.68487
         5         2         5        21   176.524   2.47259
         5         2         5        22   164.867   2.62348
         5         2         5        23   174.096   2.59605
         5         2         5        24   104.049   3.48971
         5         2         5        25    136.92   3.69308
         5         2         5        26   92.9261   3.40848
         5         2         5        27   157.464   3.30738
         5         2         5        28   167.261   3.37902
         5         2         5        29    162.55   3.27567
         5         2         5        30   163.163   3.08477
         5         2         5        31   166.756   3.13467
         5         3         0         0   122.818   2.80861
         5         3         0         1   132.911   2.68731
         5         3         0         2   154.227   2.89357
         5         3         0         3   128.513   3.06832
         5         3         0         4   151.097   2.77847
         5         3         0         5    125.84     2.986
         5         3         0         6   144.864   3.03583
         5         3         0         7   145.655   2.99336
         5         3         0         8   93.3645   3.15409
         5         3         0         9   135.844   2.91758
         5         3         0        10    144.16    3.0344
         5         3         0        11    170.45   2.91971
         5         3         0        12   179.892   3.12025
         5         3         0        13   147.981    3.3014
         5         3         0        14   138.355   3.83908
         5         3         0        15   114.964  0.938251
         5         3         0        16   168.022   5.48866
         5         3         0        17   121.897   4.87566
         5         3         0        18   90.7804   3.15741
         5         3         0        19   108.611   3.22715
         5         3         0        20   120.437   3.28812
         5         3         0        21   129.092   2.80941
         5         3         0        22   127.598   3.12827
         5         3         0        23   160.374   3.31464
         5         3         0        24   189.405   7.48419
         5         3         0        25    159.23   4.56712
         5         3         0        26   109.348   3.72672
         5         3         0        27   117.106   2.83702
         5         3         0        28   128.753    2.6171
         5         3         0        29    174.55    2.6035
         5         3         0        30   94.5569   2.94153
         5         3         0        31   137.438   2.79976
         5         3         1         0   137.171   1.26527
         5         3         1         1    137.94   2.87182
         5         3         1         2   117.794   2.94029
         5         3         1         3   114.783   3.02886
         5         3         1         4    106.75   2.52118
         5         3         1         5   104.971   2.65133
         5         3         1         6   136.677   3.49367
         5         3         1         7   107.628   3.07344
         5         3         1         8   109.889   2.66226
         5         3         1         9   123.095   2.68264
         5         3         1        10   119.983   2.58183
         5         3         1        11   137.602   2.60393
         5         3         1        12   142.853   2.53025
         5         3         1        13   119.253   2.81674
         5         3         1        14   148.412   3.13571
         5         3         1        15   126.521    3.3556
         5         3         1        16   137.296   12.9108
         5         3         1        17   119.923   12.2485
         5         3         1        18   124.355    8.9942
         5         3         1        19   173.382   3.68883
         5         3         1        20   142.902   3.29897
         5         3         1        21    92.631   3.76149
         5         3         1        22   143.635   3.47271
         5         3         1        23   97.2366   5.54116
         5         3         1        24   143.904   4.08111
         5         3         1        25   141.941   3.71972
         5         3         1        26   70.9071   3.91485
         5         3         1        27   145.546   4.41464
         5         3         1        28   144.475   4.03696
         5         3         1        29   117.831   4.09793
         5         3         1        30   109.378   3.93563
         5         3         1        31   147.764   3.90627
         5         3         2         0   84.9754   1.34507
         5         3         2         1   96.6788   2.90851
         5         3         2         2   102.976   2.75275
         5         3         2         3   147.792   3.00286
         5         3         2         4   144.971   3.33861
         5         3         2         5   98.5006   2.67974
         5         3         2         6   66.2516   2.71178
         5         3         2         7   123.717   3.33793
         5         3         2         8    127.74   3.08254
         5         3         2         9   111.574   3.63262
         5         3         2        10   102.643   2.61202
         5         3         2        11   110.071   2.37704
         5         3         2        12   141.221   2.62939
         5         3         2        13    154.07   3.13378
         5         3         2        14    111.95   3.17095
         5         3         2        15   103.131   3.70382
         5         3         2        16   128.437    11.707
         5         3         2        17   143.116   14.7816
         5         3         2        18   124.357   11.2319
         5         3         2        19   133.252   9.55747
         5         3         2        20    115.78   8.14053
         5         3         2        21    85.733   8.69016
         5         3         2        22   99.8941   11.0815
         5         3         2        23   145.211    17.944
         5         3         2        24   116.826   30.6078
         5         3         2        25   123.816   17.0338
         5         3         2        26   75.2472    18.396
         5         3         2        27   108.948   7.67464
         5         3         2        28    100.97    8.1136
         5         3         2        29   69.1124   13.7048
         5         3         2        30   129.112   13.2357
         5         3         2        31   135.158    13.116
         5         3         3         0   94.4864   10.4932
         5         3         3         1   84.7344   11.8622
         5         3         3         2   136.312   9.80653
         5         3         3         3   100.002    6.3175
         5         3         3         4   111.657   6.16057
         5         3         3         5   130.065    10.026
         5         3         3         6   100.135   10.0244
         5         3         3         7   126.856   13.8145
         5         3         3         8    137.76    12.934
         5         3         3         9   96.9421   11.1678
         5         3         3        10   128.669   10.8892
         5         3         3        11   117.463    11.177
         5         3         3        12   91.8475   15.5401
         5         3         3        13   118.102   9.39277
         5         3         3        14    133.92   4.08739
         5         3         3        15   112.485   11.5347
         5         3         3        16   150.958   15.9409
         5         3         3        17   104.071   13.2462
         5         3         3        18   112.076   14.1876
         5         3         3        19   73.2984   10.8774
         5         3         3        20   116.625   9.88292
         5         3         3        21   94.6132   11.6245
         5         3         3        22    90.087   10.8302
         5         3         3        23   95.7423   16.3545
         5         3         3        24   135.918   21.7821
         5         3         3        25   99.4223   15.6901
         5         3         3        26   111.346   12.0278
         5         3         3        27   110.642   8.10135
         5         3         3        28   122.379   10.9579
         5         3         3        29   104.303   9.36688
         5         3         3        30   78.2578   8.76901
         5         3         3        31   134.241   14.8524
         5         3         4         0   151.363   7.89032
         5         3         4         1   157.678    9.2564
         5         3         4         2   84.1254   6.51669
         5         3         4         3   179.032   9.56598
         5         3         4         4   116.634   4.93209
         5         3         4         5   119.006   5.93139
         5         3         4         6   125.436   8.06674
         5         3         4         7   71.8925   13.6654
         5         3         4         8   126.615   13.7672
         5         3         4         9   112.213   14.6536
         5         3         4        10   113.946   6.59942
         5         3         4        11   135.757   1.15855
         5         3         4        12   119.944   11.9905
         5         3         4        13   128.079   7.33236
         5         3         4        14   133.396   11.0818
         5         3         4        15   131.047   10.0123
         5         3         4        16   130.858   10.1032
         5         3         4        17   109.003   12.5787
         5         3         4        18   150.802   12.7309
         5         3         4        19   178.958   10.9989
         5         3         4        20   132.691  0.947329
         5         3         4        21   138.367   0.97589
         5         3         4        22   147.823   5.67547
         5         3         4        23    153.16   9.52121
         5         3         4        24   175.075   19.2612
         5         3         4        25   131.826   21.2386
         5         3         4        26   146.037    10.756
         5         3         4        27   136.277   7.62792
         5         3         4        28   132.542    5.7371
         5         3         4        29   171.971    9.5518
         5         3         4        30   145.308   8.34861
         5         3         4        31    125.18   1.15191
         5         3         5         0   132.735   3.71241
         5         3         5         1   149.918   4.08141
         5         3         5         2   108.824   4.41279
         5         3         5         3   144.673   4.62104
         5         3         5         4   144.172   4.64612
         5         3         5         5    116.04   4.88484
         5         3         5         6   116.837   5.23026
         5         3         5         7   129.478    5.2974
         5         3         5         8   145.886   8.85928
         5         3         5         9   112.236   8.63163
         5         3         5        10   123.066  0.955216
         5         3         5        11   166.206   5.79983
         5         3         5        12   154.463   5.60327
         5         3         5        13    144.04   5.35124
         5         3         5        14    154.43    6.9222
         5         3         5        15   117.053   6.06402
         5         3         5        16    104.07    9.8152
         5         3         5        17   123.984   11.0484
         5         3         5        18   139.354   10.1795
         5         3         5        19   172.492   9.30817
         5         3         5        20   143.894   6.26937
         5         3         5        21   148.681   4.30825
         5         3         5        22   138.454     3.938
         5         3         5        23   136.267   4.34642
         5         3         5        24   112.711   4.71075
         5         3         5        25   168.149   4.57859
         5         3         5        26   108.631   4.72856
         5         3         5        27   166.746   4.65429
         5         3         5        28   137.712   4.02132
         5         3         5        29   144.062   4.10734
         5         3         5        30   135.172   3.81385
         5         3         5        31   157.503   3.72155
         5         4         0         0   121.927   3.15853
         5         4         0         1   138.314   3.12086
         5         4         0         2   125.534   2.96867
         5         4         0         3   125.313   2.92682
         5         4         0         4   149.796   2.92689
         5         4         0         5   138.014   2.93925
         5         4         0         6   104.976   3.64521
         5         4         0         7   121.809   4.06174
         5         4         0         8   123.394   3.43393
         5         4         0         9   148.003   3.12706
         5         4         0        10    111.14   2.86049
         5         4         0        11    137.98   2.79629
         5         4         0        12   145.166   2.70959
         5         4         0        13   121.393   3.27553
         5         4         0        14   123.885   3.76625
         5         4         0        15    103.05   5.39819
         5         4         0        16   122.542   5.26328
         5         4         0        17   132.111    3.2442
         5         4         0        18   103.535   2.74122
         5         4         0        19   134.129   2.49752
         5         4         0        20   165.293   2.63598
         5         4         0        21   161.109   2.66239
         5         4         0        22   160.416   2.84038
         5         4         0        23   164.356   2.80456
         5         4         0        24   183.238   4.55253
         5         4         0        25   108.162   3.11453
         5         4         0        26   165.347   2.68085
         5         4         0        27   175.901   2.92276
         5         4         0        28   105.262    2.6853
         5         4         0        29   186.912   2.55028
         5         4         0        30    143.55   2.46614
         5         4         0        31   131.568   2.68908
         5         4         1         0   104.553   2.77696
         5         4         1         1   83.9046   2.33037
         5         4         1         2   186.953   2.63153
         5         4         1         3   117.664   2.58555
         5         4         1         4     137.9   2.75528
         5         4         1         5    193.22   2.81993
         5         4         1         6   132.635   2.84162
         5         4         1         7   122.101   4.53142
         5         4         1         8   133.516    2.5981
         5         4         1         9   132.993    2.5562
         5         4         1        10   117.962   2.53708
         5         4         1        11   118.161   2.55285
         5         4         1        12   138.409   2.35141
         5         4         1        13   88.3079   2.74964
         5         4         1        14   121.692   3.11301
         5         4         1        15   122.869   3.56292
         5         4         1        16   117.291   2.74757
         5         4         1        17   137.425   2.80985
         5         4         1        18   130.086   2.75742
         5         4         1        19   175.461   3.00723
         5         4         1        20   189.822   3.13465
         5         4         1        21   85.2256   2.60259
         5         4         1        22   104.873    3.0393
         5         4         1        23   144.994   3.33167
         5         4         1        24   128.196   7.48639
         5         4         1        25   127.569   3.48206
         5         4         1        26   185.188   3.36376
         5         4         1        27    182.73   4.63895
         5         4         1        28   93.0154   4.73838
         5         4         1        29   153.124    4.6873
         5         4         1        30   140.761   3.55869
         5         4         1        31   177.478   2.83017
         5         4         2         0   140.479   2.30955
         5         4         2         1   139.776   2.44407
         5         4         2         2   105.384   2.50544
         5         4         2         3   116.352   2.83723
         5         4         2         4   132.984   2.72222
         5         4         2         5   111.207    2.8539
         5         4         2         6   94.5859   2.85871
         5         4         2         7   104.355   2.79581
         5         4         2         8   102.419   2.45369
         5         4         2         9   121.813   2.53522
         5         4         2        10   106.912   2.37119
         5         4         2        11   132.093   2.21761
         5         4         2        12   99.0391   2.32493
         5         4         2        13   107.521   2.81762
         5         4         2        14   143.539   2.73295
         5         4         2        15   139.658   3.21357
         5         4         2        16   146.054   3.92885
         5         4         2        17   146.745   4.67001
         5         4         2        18   121.026   5.17287
         5         4         2        19   128.789   4.92688
         5         4         2        20   144.396   4.70636
         5         4         2        21   111.803   16.6965
         5         4         2        22   120.367   7.35528
         5         4         2        23   151.285   5.74241
         5         4         2        24    127.45   5.81555
         5         4         2        25   122.792   5.57552
         5         4         2        26   118.779   5.16979
         5         4         2        27   140.852   4.61673
         5         4         2        28   75.0702   4.66808
         5         4         2        29   110.804   4.23137
         5         4         2        30    133.14   5.52092
         5         4         2        31   115.492   4.33673
         5         4         3         0   150.276   5.38152
         5         4         3         1   163.359   5.62447
         5         4         3         2   122.634    6.0518
         5         4         3         3   158.722   5.54157
         5         4         3         4   158.648   5.33325
         5         4         3         5    112.64   5.23566
         5         4         3         6   141.311   5.32029
         5         4         3         7   147.238    7.2039
         5         4         3         8   123.375   12.4875
         5         4         3         9   117.705   13.2804
         5         4         3        10   150.599   5.80615
         5         4         3        11   115.783   11.6074
         5         4         3        12   153.567    6.6834
         5         4         3        13   138.614    7.2216
         5         4         3        14    123.14   11.2282
         5         4         3        15   131.516   5.99748
         5         4         3        16   92.2784   9.31771
         5         4         3        17   144.358   9.92201
         5         4         3        18   149.335   9.17485
         5         4         3        19   143.395   8.78832
         5         4         3        20   125.751   13.0682
         5         4         3        21   132.991   6.53911
         5         4         3        22   120.628   9.33175
         5         4         3        23   108.403   17.4539
         5         4         3        24   112.717     21.22
         5         4         3        25   161.783   10.5309
         5         4         3        26   129.549   6.08034
         5         4         3        27   182.263   7.39764
         5         4         3        28   121.564   6.84587
         5         4         3        29   161.647   6.89794
         5         4         3        30   156.766    7.5422
         5         4         3        31   180.818   8.60114
         5         4         4         0   134.583   7.49488
         5         4         4         1   162.013   9.01108
         5         4         4         2    122.05   9.94893
         5         4         4         3   95.9805   13.3854
         5         4         4         4   127.263   6.73575
         5         4         4         5   140.607   7.08467
         5         4         4         6    138.37   7.93466
         5         4         4         7   109.664   10.8223
         5         4         4         8   136.175   9.08483
         5         4         4         9   125.496   7.04623
         5         4         4        10   139.967   7.44917
         5         4         4        11   116.735   8.24436
         5         4         4        12   144.747   6.81889
         5         4         4        13   134.143    6.7723
         5         4         4        14   131.741   6.02266
         5         4         4        15   93.5077   8.91953
         5         4         4        16   81.0641   10.5062
         5         4         4        17   135.161   9.33534
         5         4         4        18   106.363   11.4628
         5         4         4        19   138.863     8.217
         5         4         4        20     163.7   7.42761
         5         4         4        21    163.19    6.7215
         5         4         4        22    133.18   14.1046
         5         4         4        23    152.81   6.96599
         5         4         4        24   215.765   9.57397
         5         4         4        25   119.972    11.365
         5         4         4        26   182.205   6.45079
         5         4         4        27   132.566   3.83679
         5         4         4        28   162.298   6.15862
         5         4         4        29    198.05   1.04935
         5         4         4        30   185.413   7.08304
         5         4         4        31   125.236   5.59387
         5         4         5         0   147.722   4.05001
         5         4         5         1   159.248   3.12377
         5         4         5         2    100.54    4.1278
         5         4         5         3   132.768   4.51413
         5         4         5         4   137.204   4.33463
         5         4         5         5   135.858   5.15178
         5         4         5         6   172.438    5.4261
         5         4         5         7   141.663   5.56782
         5         4         5         8   131.473   7.37466
         5         4         5         9    152.91   9.47284
         5         4         5        10   130.226   13.9947
         5         4         5        11   136.723   8.08411
         5         4         5        12   117.126   6.92517
         5         4         5        13    131.14   7.34626
         5         4         5        14   137.903   5.91363
         5         4         5        15   117.271   5.13484
         5         4         5        16    132.28  0.906377
         5         4         5        17   127.152   5.44213
         5         4         5        18   159.844   3.37617
         5         4         5        19   111.199   2.46128
         5         4         5        20   128.141   2.56175
         5         4         5        21   158.852   2.77649
         5         4         5        22   118.111   2.49782
         5         4         5        23   108.584   3.03437
         5         4         5        24   122.921    4.2422
         5         4         5        25   116.924   2.92863
         5         4         5        26   151.348   2.79955
         5         4         5        27   138.744   2.93924
         5         4         5        28    137.77   2.84903
         5         4         5        29   128.363   2.84035
         5         4         5        30   91.0439   2.78722
         5         4         5        31   154.913   2.79987
         5         5         0         0   170.975  0.889809
         5         5         0         1   121.588  0.758626
         5         5         0         2   153.921  0.785891
         5         5         0         3    150.23  0.969343
         5         5         0         4   128.607  0.997986
         5         5         0         5   73.7146   0.72093
         5         5         0         6   141.284   0.82311
         5         5         0         7   178.779  0.935855
         5         5         0         8   138.745   3.00003
         5         5         0         9    103.89   2.84194
         5         5         0        10   158.197   2.68468
         5         5         0        11   117.847   2.63836
         5         5         0        12    155.61   2.53288
         5         5         0        13    128.95   2.82201
         5         5         0        14   150.196   2.90833
         5         5         0        15    128.41   3.47397
         5         5         0        16   159.633   1.07798
         5         5         0        17   114.194  0.837665
         5         5         0        18   173.839  0.934681
         5         5         0        19   173.979   3.69525
         5         5         0        20   111.146    3.4675
         5         5         0        21   149.735   3.75495
         5         5         0        22    124.49  0.902706
         5         5         0        23   140.967    3.6535
         5         5         0        24   119.199   3.18033
         5         5         0        25   162.107   3.67831
         5         5         0        26   151.198  0.992547
         5         5         0        27   151.432   3.53895
         5         5         0        28    147.77   3.71143
         5         5         0        29   171.593   3.00327
         5         5         0        30   135.882   2.34784
         5         5         0        31   147.754   3.08278
         5         5         1         0   93.8101   2.47803
         5         5         1         1   137.096    2.4704
         5         5         1         2   85.3168   2.50998
         5         5         1         3   116.154   2.67705
         5         5         1         4    134.19   2.60647
         5         5         1         5   168.552   2.86361
         5         5         1         6   144.239   2.57108
         5         5         1         7   132.516   2.87432
         5         5         1         8   122.309   2.63278
         5         5         1         9   134.488   2.48112
         5         5         1        10   141.987   2.43903
         5         5         1        11   130.301   2.50544
         5         5         1        12   116.452   2.47802
         5         5         1        13    117.99   2.60048
         5         5         1        14   118.728   2.99627
         5         5         1        15   96.9658   3.18171
         5         5         1        16   137.125   3.92919
         5         5         1        17   118.529   2.47713
         5         5         1        18   189.613   2.68099
         5         5         1        19   119.611    2.7123
         5         5         1        20   147.192   2.48994
         5         5         1        21   112.358   2.61541
         5         5         1        22   98.9263   2.45504
         5         5         1        23   139.869   2.88437
         5         5         1        24   158.173   2.63087
         5         5         1        25   134.966   2.37653
         5         5         1        26   106.048   2.47954
         5         5         1        27   132.383   3.01132
         5         5         1        28    118.69   3.02241
         5         5         1        29   136.775   2.37485
         5         5         1        30     120.9   2.44575
         5         5         1        31    148.36   2.60836
         5         5         2         0   132.944   2.45831
         5         5         2         1   99.7202   2.63549
         5         5         2         2   160.448   2.48063
         5         5         2         3   130.389   2.50037
         5         5         2         4   131.085   2.63655
         5         5         2         5   189.766   2.58891
         5         5         2         6   118.814   2.85406
         5         5         2         7   126.345   3.17625
         5         5         2         8   116.234   2.49186
         5         5         2         9   136.976   2.66763
         5         5         2        10   108.001   2.53598
         5         5         2        11    153.94   2.69519
         5         5         2        12   174.127    2.7115
         5         5         2        13   138.225    2.8673
         5         5         2        14   88.7178   2.76695
         5         5         2        15   181.599   3.43546
         5         5         2        16   122.051   3.31368
         5         5         2        17   108.342   2.84317
         5         5         2        18   139.504   2.83319
         5         5         2        19   136.635   2.75638
         5         5         2        20   101.895   2.74366
         5         5         2        21   128.142   2.96688
         5         5         2        22   157.296   2.84611
         5         5         2        23   145.797   2.58171
         5         5         2        24    147.03    2.5575
         5         5         2        25    187.99   2.64467
         5         5         2        26    168.48   2.51914
         5         5         2        27   144.816   2.50621
         5         5         2        28   107.381   2.18607
         5         5         2        29   198.201   2.39446
         5         5         2        30    157.14   2.40317
         5         5         2        31   140.009   2.37393
         5         5         3         0   155.737   2.71758
         5         5         3         1    150.06   2.47586
         5         5         3         2   143.945   2.57853
         5         5         3         3   147.151   2.52385
         5         5         3         4   134.483   2.48572
         5         5         3         5   151.001   2.56737
         5         5         3         6   112.568    2.7676
         5         5         3         7   120.495   2.78344
         5         5         3         8   134.402   2.45513
         5         5         3         9   131.398   2.62017
         5         5         3        10   150.726   2.52292
         5         5         3        11   91.2605   2.16138
         5         5         3        12   124.961   2.71455
         5         5         3        13     117.8   2.49654
         5         5         3        14   150.914   2.74469
         5         5         3        15   138.453    3.0121
         5         5         3        16   150.073   2.31624
         5         5         3        17   154.941   2.73477
         5         5         3        18   120.433   3.22118
         5         5         3        19   143.964   3.08781
         5         5         3        20   148.287   2.40687
         5         5         3        21   179.094   2.44774
         5         5         3        22   103.169   2.51667
         5         5         3        23   105.026   2.43163
         5         5         3        24   136.455   2.84838
         5         5         3        25   134.922   2.70141
         5         5         3        26   145.012   2.85422
         5         5         3        27   148.748    2.7064
         5         5         3        28   144.508   2.31688
         5         5         3        29    166.67   2.15644
         5         5         3        30   108.565   2.46117
         5         5         3        31   124.345   2.96808
         5         5         4         0   142.333   3.45164
         5         5         4         1   152.814   3.58236
         5         5         4         2   143.636   3.65039
         5         5         4         3   137.743   3.68028
         5         5         4         4   146.195   3.60466
         5         5         4         5   149.606   3.65806
         5         5         4         6   144.896   3.75118
         5         5         4         7   114.168   3.52706
         5         5         4         8   149.555   3.03839
         5         5         4         9   109.581   2.88567
         5         5         4        10    141.08   3.00889
         5         5         4        11   151.443   3.70727
         5         5         4        12   151.677   3.50954
         5         5         4        13   135.076   3.57638
         5         5         4        14   141.754   3.80468
         5         5         4        15   138.997   3.63303
         5         5         4        16   106.142   5.60906
         5         5         4        17   171.211   3.91579
         5         5         4        18   161.609   4.59183
         5         5         4        19   137.225   7.20022
         5         5         4        20   126.425   5.22479
         5         5         4        21   148.521   4.34151
         5         5         4        22   155.679   3.43543
         5         5         4        23   168.365    4.3936
         5         5         4        24   159.261   10.3414
         5         5         4        25   111.649   4.99706
         5         5         4        26   166.297    3.7506
         5         5         4        27   140.817   3.97842
         5         5         4        28   152.314   3.23625
         5         5         4        29   139.973    3.8144
         5         5         4        30   170.319   4.32482
         5         5         4        31   194.225   4.58033
         5         5         5         0   127.209   2.54087
         5         5         5         1   158.978   2.71675
         5         5         5         2   141.146   2.55562
         5         5         5         3   146.708   2.42231
         5         5         5         4   148.254   3.02459
         5         5         5         5   132.257   2.82977
         5         5         5         6   101.139    2.8764
         5         5         5         7   132.984   2.74387
         5         5         5         8   149.638   2.52671
         5         5         5         9   144.628   2.62091
         5         5         5        10   149.164   2.51767
         5         5         5        11   94.0177   2.35894
         5         5         5        12   137.263   2.47777
         5         5         5        13   138.337   2.70271
         5         5         5        14   160.075   2.99679
         5         5         5        15   117.362   3.10753
         5         5         5        16   114.521   24.2256
         5         5         5        17   86.2025  0.849136
         5         5         5        18   98.7719    27.244
         5         5         5        19   150.904  0.966132
         5         5         5        20   154.487   27.0074
         5         5         5        21   115.873   25.5353
         5         5         5        22   169.574   0.79868
         5         5         5        23    111.32   1.01677
         5         5         5        24   136.525   3.76583
         5         5         5        25    151.06   3.81212
         5         5         5        26   149.781   3.90536
         5         5         5        27     119.3   3.17894
         5         5         5        28   129.496   3.57171
         5         5         5        29   189.296   3.54161
         5         5         5        30   121.074   3.53927
         5         5         5        31   164.449   3.33942
         6         0         0         0   176.136  0.955044
         6         0         0         1   131.077   1.28331
         6         0         0         2   147.421  0.938344
         6         0         0         3   160.426  0.822989
         6         0         0         4   173.896  0.870107
         6         0         0         5   118.264   0.85757
         6         0         0         6   164.374  0.797379
         6         0         0         7   189.412  0.860977
         6         0         0         8   120.402   1.05893
         6         0         0         9   121.527  0.817238
         6         0         0        10   123.746   1.02863
         6         0         0        11   178.551  0.921497
         6         0         0        12   121.722  0.757841
         6         0         0        13   161.062    27.552
         6         0         0        14   125.173   29.1282
         6         0         0        15   167.723    2.8333
         6         0         0        16    110.44   1.01264
         6         0         0        17   122.517  0.815093
         6         0         0        18   119.601   1.03179
         6         0         0        19   143.995   7.19946
         6         0         0        20   105.197   14.8232
         6         0         0        21   151.765   14.8595
         6         0         0        22   148.633   13.5512
         6         0         0        23   140.429   9.38935
         6         0         0        24   152.458   2.92285
         6         0         0        25   162.603   3.11672
         6         0         0        26   211.921   3.18591
         6         0         0        27   192.289   3.17583
         6         0         0        28   162.958    3.1626
         6         0         0        29   131.119   3.34227
         6         0         0        30   163.967    2.7077
         6         0         0        31   169.366    3.0863
         6         0         1         0   127.193   3.38731
         6         0         1         1   143.492   3.18893
         6         0         1         2   113.359   2.79234
         6         0         1         3   151.079   2.61742
         6         0         1         4   150.947   2.52323
         6         0         1         5   148.458   2.83657
         6         0         1         6   106.526   2.60627
         6         0         1         7   107.096   2.54687
         6         0         1         8   148.499   2.69596
         6         0         1         9   158.143   2.61464
         6         0         1        10    130.51   2.46968
         6         0         1        11   124.513   2.49735
         6         0         1        12   107.127   2.84915
         6         0         1        13   136.571   2.73099
         6         0         1        14   159.095   3.00336
         6         0         1        15    144.77   3.31296
         6         0         1        16   188.398   2.70918
         6         0         1        17   155.677   2.43456
         6         0         1        18   118.368   2.42822
         6         0         1        19   98.1213   2.34024
         6         0         1        20   111.387   2.35647
         6         0         1        21   118.572   2.51775
         6         0         1        22   131.905   2.34077
         6         0         1        23   126.644   2.51828
         6         0         1        24   147.368   2.51518
         6         0         1        25   155.446   2.32993
         6         0         1        26    128.29   2.35393
         6         0         1        27   144.097    2.3128
         6         0         1        28   161.647   2.51849
         6         0         1        29   137.756   2.34713
         6         0         1        30   165.891   2.37939
         6         0         1        31   159.442   2.79305
         6         0         2         0   132.113   2.56377
         6         0         2         1   160.287   2.65414
         6         0         2         2   126.106   2.83435
         6         0         2         3   167.464   2.44069
         6         0         2         4   122.073   2.78116
         6         0         2         5   103.618   2.58642
         6         0         2         6   133.657   2.56769
         6         0         2         7    107.95   2.63899
         6         0         2         8   102.166   2.35814
         6         0         2         9   136.287   2.37761
         6         0         2        10   137.688   2.45383
         6         0         2        11   115.798   2.47579
         6         0         2        12   140.083   2.49116
         6         0         2        13   85.0929   2.62524
         6         0         2        14   129.464   2.89436
         6         0         2        15   145.459   3.31678
         6         0         2        16   139.136   2.84073
         6         0         2        17   134.296   2.35143
         6         0         2        18   159.643   2.45498
         6         0         2        19   121.254   2.40002
         6         0         2        20    99.672   2.35453
         6         0         2        21   119.764   2.48414
         6         0         2        22   181.003   2.39361
         6         0         2        23   147.841   2.18603
         6         0         2        24   190.185   2.78706
         6         0         2        25   146.975   2.50214
         6         0         2        26   120.352   2.44292
         6         0         2        27   134.587   2.38612
         6         0         2        28   186.915   2.44133
         6         0         2        29   133.641   2.34189
         6         0         2        30   189.568   3.36867
         6         0         2        31   165.519  0.840917
         6         0         3         0   104.955  0.791016
         6         0         3         1   116.968   3.02111
         6         0         3         2   140.914   2.40374
         6         0         3         3    154.73   2.76072
         6         0         3         4   163.706    2.9114
         6         0         3         5    138.87   2.72055
         6         0         3         6   111.698   2.76444
         6         0         3         7   114.368   2.58088
         6         0         3         8   133.067   2.53693
         6         0         3         9    163.56   2.47723
         6         0         3        10   162.976   2.48404
         6         0         3        11   115.807   2.58852
         6         0         3        12   127.577   2.39623
         6         0         3        13   137.727    2.7238
         6         0         3        14   147.876   2.85396
         6         0         3        15   146.573   3.09862
         6         0         3        16   142.102   2.47228
         6         0         3        17   141.994   2.45851
         6         0         3        18   138.987   3.01958
         6         0         3        19   110.031   2.49802
         6         0         3        20   144.974   2.25604
         6         0         3        21   114.179   2.33555
         6         0         3        22   110.084    2.5619
         6         0         3        23    116.78   2.39339
         6         0         3        24   138.067   1.44385
         6         0         3        25   118.243   2.63143
         6         0         3        26   143.124   2.34814
         6         0         3        27   153.294   1.36117
         6         0         3        28   110.538   2.51487
         6         0         3        29   113.089   2.39719
         6         0         3        30   118.929   2.30947
         6         0         3        31   157.227    2.4271
         6         0         4         0   135.643  0.951344
         6         0         4         1   160.418   1.81728
         6         0         4         2   135.353   1.01975
         6         0         4         3   134.477   1.65585
         6         0         4         4   95.3916   7.51634
         6         0         4         5   154.756  0.899585
         6         0         4         6   114.947  0.977031
         6         0         4         7   157.088   1.98962
         6         0         4         8   156.475  0.925179
         6         0         4         9   132.649  0.765314
         6         0         4        10   109.605  0.824907
         6         0         4        11   136.826  0.825625
         6         0         4        12   118.012  0.861715
         6         0         4        13     136.6  0.870729
         6         0         4        14   105.423   2.82395
         6         0         4        15   90.6311  0.852492
         6         0         4        16   108.579   4.53827
         6         0         4        17   86.8022   4.99984
         6         0         4        18   168.159   5.10061
         6         0         4        19   152.488   1.57451
         6         0         4        20    125.83   4.59825
         6         0         4        21   162.526   5.23642
         6         0         4        22   108.142   6.64766
         6         0         4        23   140.432    7.5248
         6         0         4        24   108.983   4.04724
         6         0         4        25   125.501   4.44666
         6         0         4        26   184.133   5.23123
         6         0         4        27   112.382   14.8868
         6         0         4        28   134.678   5.96569
         6         0         4        29   162.726   8.66261
         6         0         4        30   202.722   7.91002
         6         0         4        31   176.713   5.51736
         6         0         5         0   147.387   1.01377
         6         0         5         1   106.965   1.05317
         6         0         5         2   130.353  0.915385
         6         0         5         3   121.261   2.07889
         6         0         5         4   111.034   1.87443
         6         0         5         5   150.705   1.74104
         6         0         5         6   123.293    1.8684
         6         0         5         7   144.414   2.19754
         6         0         5         8   105.288    8.4389
         6         0         5         9   119.194   9.92972
         6         0         5        10   101.806    12.734
         6         0         5        11   88.1981   13.5182
         6         0         5        12   135.086   9.00721
         6         0         5        13   168.297   13.0743
         6         0         5        14   129.753   9.27838
         6         0         5        15   125.138   0.97743
         6         0         5        16   157.011   9.12255
         6         0         5        17    154.87   14.4708
         6         0         5        18   117.672   16.9806
         6         0         5        19   116.887   17.3622
         6         0         5        20   169.624     12.16
         6         0         5        21   81.8072    21.402
         6         0         5        22   136.527   10.1858
         6         0         5        23     160.6   6.29457
         6         0         5        24   147.689   9.44909
         6         0         5        25   110.639   8.93729
         6         0         5        26   120.616   9.47215
         6         0         5        27   120.267   8.59755
         6         0         5        28   154.333   8.89268
         6         0         5        29   160.327   8.79999
         6         0         5        30   121.878   9.27007
         6         0         5        31   129.282   9.92573
         6         1         0         0    145.15  0.746498
         6         1         0         1   139.962  0.911145
         6         1         0         2   128.137   15.5553
         6         1         0         3   124.449  0.893763
         6         1         0         4     141.2  0.790435
         6         1         0         5   186.563  0.804392
         6         1         0         6   162.229  0.825452
         6         1         0         7   125.029   0.78027
         6         1         0         8   163.043   3.46355
         6         1         0         9   128.151   3.33251
         6         1         0        10   133.843   3.15532
         6         1         0        11   109.369   2.84925
         6         1         0        12   118.708   2.93062
         6         1         0        13   137.657   2.96135
         6         1         0        14   141.452    3.4355
         6         1         0        15   109.913   4.26122
         6         1         0        16   127.793   3.91253
         6         1         0        17   106.952   3.03637
         6         1         0        18    166.84   2.99146
         6         1         0        19   110.903   2.68983
         6         1         0        20   146.198    2.7125
         6         1         0        21   98.3384   2.82106
         6         1         0        22   141.638   3.02725
         6         1         0        23   194.908    3.2812
         6         1         0        24   172.525   2.83647
         6         1         0        25   131.769   2.76496
         6         1         0        26   167.602   2.59665
         6         1         0        27   168.089   2.64633
         6         1         0        28    136.59   2.48163
         6         1         0        29   186.275   2.81958
         6         1         0        30   120.641   2.59161
         6         1         0        31   147.766    2.6739
         6         1         1         0   157.477  0.900551
         6         1         1         1   141.082   2.57347
         6         1         1         2     164.6   2.24986
         6         1         1         3   123.085   2.37139
         6         1         1         4   128.436   2.26977
         6         1         1         5   122.749   2.28066
         6         1         1         6   134.704   2.10524
         6         1         1         7   119.041    2.4734
         6         1         1         8   126.161  0.986653
         6         1         1         9    150.33  0.897265
         6         1         1        10   146.108  0.809612
         6         1         1        11   132.384  0.856881
         6         1         1        12   140.272  0.891777
         6         1         1        13   110.586  0.983479
         6         1         1        14   83.2262  0.910183
         6         1         1        15   156.407  0.935601
         6         1         1        16   117.809   2.74861
         6         1         1        17   123.253  0.958811
         6         1         1        18   143.032   2.34411
         6         1         1        19   77.4304   2.79804
         6         1         1        20   162.045   2.31385
         6         1         1        21   125.505   2.33592
         6         1         1        22   174.682   2.46115
         6         1         1        23     165.8   2.39612
         6         1         1        24   157.037  0.832953
         6         1         1        25   165.514   2.37224
         6         1         1        26   119.184   2.31081
         6         1         1        27   164.648   2.21618
         6         1         1        28   154.119   2.26818
         6         1         1        29   121.566   2.42072
         6         1         1        30   143.593   2.35339
         6         1         1        31   166.222   2.27296
         6         1         2         0   121.948   2.45118
         6         1         2         1   132.854   2.23358
         6         1         2         2   154.621    3.8979
         6         1         2         3   129.548    3.2388
         6         1         2         4   106.185   3.07343
         6         1         2         5   167.262   1.01096
         6         1         2         6   140.049   2.34724
         6         1         2         7   158.296   3.16781
         6         1         2         8   114.903  0.989513
         6         1         2         9   139.817  0.948288
         6         1         2        10   101.675  0.826068
         6         1         2        11   141.224  0.775708
         6         1         2        12   111.869   0.98413
         6         1         2        13   98.7173  0.907491
         6         1         2        14   171.883  0.931836
         6         1         2        15   135.308  0.984594
         6         1         2        16   154.709   2.84199
         6         1         2        17    175.91   2.85627
         6         1         2        18   124.096   3.20025
         6         1         2        19    170.16  0.767383
         6         1         2        20   132.256   3.21745
         6         1         2        21   167.128   2.72443
         6         1         2        22   199.687   2.48826
         6         1         2        23   108.857   2.66257
         6         1         2        24   165.931    2.5352
         6         1         2        25   183.702   3.13218
         6         1         2        26   132.928  0.782887
         6         1         2        27   167.479   2.50536
         6         1         2        28    149.86   3.50595
         6         1         2        29    147.93  0.874657
         6         1         2        30   125.416   4.18129
         6         1         2        31   167.103   2.51354
         6         1         3         0   148.453   6.15789
         6         1         3         1   139.661   5.12942
         6         1         3         2   156.326   3.56939
         6         1         3         3   129.096   4.56691
         6         1         3         4   100.274   9.05543
         6         1         3         5   147.722   12.6563
         6         1         3         6   137.819   0.73607
         6         1         3         7   141.818   4.08283
         6         1         3         8   146.568   3.97085
         6         1         3         9   143.815   4.71745
         6         1         3        10   159.065   4.67087
         6         1         3        11   123.035   4.76026
         6         1         3        12   110.647   4.30036
         6         1         3        13   143.827   5.17869
         6         1         3        14   134.185   2.70891
         6         1         3        15   128.115    0.8199
         6         1         3        16   158.775   2.29828
         6         1         3        17   168.499    2.2624
         6         1         3        18   123.549   2.24894
         6         1         3        19   168.734   2.46279
         6         1         3        20   189.923   2.70234
         6         1         3        21    136.89   2.44351
         6         1         3        22   136.435   2.67433
         6         1         3        23   89.8801    2.0222
         6         1         3        24   129.442  0.785631
         6         1         3        25    108.61  0.881355
         6         1         3        26    112.93   0.85945
         6         1         3        27   89.5492  0.778308
         6         1         3        28   111.983  0.976266
         6         1         3        29   134.588  0.991936
         6         1         3        30    201.06   0.83334
         6         1         3        31   162.253  0.857031
         6         1         4         0   151.618   1.51278
         6         1         4         1    141.18  0.811118
         6         1         4         2   111.056   12.6575
         6         1         4         3   132.048   11.5393
         6         1         4         4   95.6272   12.6981
         6         1         4         5   131.553   13.0903
         6         1         4         6   115.002   15.8451
         6         1         4         7   132.761   14.2707
         6         1         4         8   120.992  0.912598
         6         1         4         9   147.014   1.00702
         6         1         4        10   145.096  0.794723
         6         1         4        11   90.2028   46.1967
         6         1         4        12   136.206   2.63278
         6         1         4        13   121.213   3.19978
         6         1         4        14   81.7634   41.4773
         6         1         4        15   159.006    21.225
         6         1         4        16    136.59   4.51611
         6         1         4        17   148.567   4.27712
         6         1         4        18   115.244   1.02001
         6         1         4        19   134.923   3.59765
         6         1         4        20   138.465   3.43659
         6         1         4        21   126.527    3.2782
         6         1         4        22    101.57    3.3463
         6         1         4        23   133.362   4.16176
         6         1         4        24   140.701   3.67199
         6         1         4        25   143.681   4.29999
         6         1         4        26   139.514   3.74725
         6         1         4        27   146.586   4.56515
         6         1         4        28   105.048   4.58119
         6         1         4        29   104.503   4.96548
         6         1         4        30   119.545   4.72372
         6         1         4        31   109.174  0.779145
         6         1         5         0   142.364   4.08731
         6         1         5         1   172.376    4.2657
         6         1         5         2   139.398   5.42765
         6         1         5         3   176.228  0.987877
         6         1         5         4   146.705   5.60272
         6         1         5         5   119.758   5.33441
         6         1         5         6   136.391   5.10449
         6         1         5         7   110.916   5.71426
         6         1         5         8   127.042   8.14859
         6         1         5         9   145.306   8.23538
         6         1         5        10   119.255    11.877
         6         1         5        11   110.386   8.52214
         6         1         5        12   148.576   6.71327
         6         1         5        13   124.504   6.90116
         6         1         5        14   123.347   5.58658
         6         1         5        15    131.36   4.57853
         6         1         5        16   143.033     8.745
         6         1         5        17   137.565   10.9765
         6         1         5        18   130.213   11.1388
         6         1         5        19   121.896   10.6338
         6         1         5        20   85.1916   17.9485
         6         1         5        21   137.722   10.1913
         6         1         5        22   117.656   11.3157
         6         1         5        23    110.63   21.3133
         6         1         5        24   135.637   6.49003
         6         1         5        25   173.634   6.36554
         6         1         5        26   128.817    6.3716
         6         1         5        27   148.091   6.13568
         6         1         5        28   151.491   5.30809
         6         1         5        29   128.401   5.35634
         6         1         5        30   168.612    5.1857
         6         1         5        31   145.739   5.09087
         6         2         0         0   118.624  0.906983
         6         2         0         1   129.999   0.73185
         6         2         0         2   123.489  0.935512
         6         2         0         3   142.876   1.05283
         6         2         0         4   132.809  0.687876
         6         2         0         5   137.853  0.701112
         6         2         0         6   131.841  0.918992
         6         2         0         7   130.969  0.943059
         6         2         0         8   158.924   1.15577
         6         2         0         9   133.136  0.687592
         6         2         0        10   153.975  0.702328
         6         2         0        11   112.948  0.866239
         6         2         0        12   144.115  0.868828
         6         2         0        13   124.078   1.07261
         6         2         0        14   132.824  0.757846
         6         2         0        15   117.175   10.1067
         6         2         0        16   142.318   7.36253
         6         2         0        17   105.709   7.19615
         6         2         0        18   139.019   7.96567
         6         2         0        19   113.839   7.19101
         6         2         0        20   111.498    6.5301
         6         2         0        21   129.103   6.84375
         6         2         0        22   99.5268   5.53725
         6         2         0        23   142.267   4.29103
         6         2         0        24   105.642   9.87236
         6         2         0        25   89.2802  0.837096
         6         2         0        26   113.369   13.1278
         6         2         0        27    191.51   15.0337
         6         2         0        28   106.319    15.058
         6         2         0        29     161.4   14.9172
         6         2         0        30   158.726   12.5261
         6         2         0        31   125.846   8.22481
         6         2         1         0   121.741    2.7558
         6         2         1         1   94.0613   2.68066
         6         2         1         2   137.335   2.57973
         6         2         1         3   105.569   2.68776
         6         2         1         4   92.2983   2.82562
         6         2         1         5   116.769   2.74396
         6         2         1         6   141.233   2.54828
         6         2         1         7   131.174   2.57214
         6         2         1         8   154.974   2.78092
         6         2         1         9   146.975   2.70871
         6         2         1        10   120.346   3.99986
         6         2         1        11   100.587   2.35077
         6         2         1        12   115.129   2.57309
         6         2         1        13   144.024   2.86898
         6         2         1        14   138.377    2.9335
         6         2         1        15   104.843   3.43396
         6         2         1        16   147.896   3.15697
         6         2         1        17   154.799   2.67896
         6         2         1        18   158.502   2.39456
         6         2         1        19   160.635   2.46126
         6         2         1        20   103.931   2.24148
         6         2         1        21   99.3572   2.22682
         6         2         1        22   166.171   2.49188
         6         2         1        23    140.37   2.38998
         6         2         1        24   113.344   2.37106
         6         2         1        25    152.72   2.40504
         6         2         1        26   107.151   2.32612
         6         2         1        27   107.621   2.55795
         6         2         1        28   121.267   2.32836
         6         2         1        29   92.1447   2.18055
         6         2         1        30   120.375    2.2859
         6         2         1        31   121.364   2.64709
         6         2         2         0   115.414   4.19125
         6         2         2         1   127.531   5.32913
         6         2         2         2   137.236   5.07953
         6         2         2         3   134.932   4.86083
         6         2         2         4   99.2184   6.26173
         6         2         2         5   126.466   4.61446
         6         2         2         6   143.225   1.08335
         6         2         2         7   164.583   5.21775
         6         2         2         8   183.953    1.0432
         6         2         2         9   159.857   6.41421
         6         2         2        10   101.205   3.83072
         6         2         2        11   121.871   3.50021
         6         2         2        12   118.983   3.09068
         6         2         2        13   131.969   3.47951
         6         2         2        14   109.788   4.62906
         6         2         2        15   173.732  0.991955
         6         2         2        16    81.388   6.14268
         6         2         2        17   78.4122   5.62134
         6         2         2        18   120.315   6.64323
         6         2         2        19   161.016   6.21141
         6         2         2        20   120.566   6.57801
         6         2         2        21   135.577   6.93041
         6         2         2        22   80.2197   6.25052
         6         2         2        23   98.9435   6.57944
         6         2         2        24    149.82  0.844942
         6         2         2        25    182.59  0.970844
         6         2         2        26   82.7019   57.4074
         6         2         2        27   93.1604  0.847379
         6         2         2        28   120.797   33.9375
         6         2         2        29   177.098  0.919288
         6         2         2        30   156.807  0.843808
         6         2         2        31   170.885  0.898252
         6         2         3         0   130.168  0.842054
         6         2         3         1   126.549   1.12867
         6         2         3         2   162.407  0.934601
         6         2         3         3   131.564  0.974616
         6         2         3         4   138.732  0.943673
         6         2         3         5   172.138  0.984418
         6         2         3         6   144.465  0.895621
         6         2         3         7   109.031  0.855821
         6         2         3         8   127.095   14.4193
         6         2         3         9   142.875   6.97608
         6         2         3        10   178.508   4.56224
         6         2         3        11   147.683   4.14384
         6         2         3        12   147.728   5.72911
         6         2         3        13   134.951   6.04398
         6         2         3        14   175.805   7.04423
         6         2         3        15    134.53   1.10349
         6         2         3        16   118.804   1.01896
         6         2         3        17   100.946  0.878634
         6         2         3        18   120.972  0.956457
         6         2         3        19   141.997   1.09691
         6         2         3        20   146.283  0.905519
         6         2         3        21   161.825   0.86066
         6         2         3        22   165.103  0.828815
         6         2         3        23   104.393  0.955865
         6         2         3        24   137.528   6.46122
         6         2         3        25   178.261   6.11082
         6         2         3        26   117.344   7.27879
         6         2         3        27   153.644   3.50522
         6         2         3        28   87.4542   7.24823
         6         2         3        29   116.651   3.77753
         6         2         3        30   137.062   5.78608
         6         2         3        31   109.648   6.15253
         6         2         4         0   117.743    11.125
         6         2         4         1   122.714   8.69965
         6         2         4         2   124.403   8.88849
         6         2         4         3   98.7087   7.86372
         6         2         4         4   148.012   9.98016
         6         2         4         5   149.948   7.97268
         6         2         4         6   116.841   6.74999
         6         2         4         7   97.1654   9.14139
         6         2         4         8   130.288   22.0575
         6         2         4         9   93.0686   15.1847
         6         2         4        10      86.4   12.9529
         6         2         4        11   118.739   8.38519
         6         2         4        12   124.485   7.44051
         6         2         4        13   110.402   9.19428
         6         2         4        14   109.779   7.33885
         6         2         4        15   93.2328   8.31478
         6         2         4        16   107.909    1.2004
         6         2         4        17   102.707   20.5853
         6         2         4        18    67.108   17.4526
         6         2         4        19   111.733   18.4401
         6         2         4        20   111.854   19.1638
         6         2         4        21   103.501    16.754
         6         2         4        22   104.302   18.0043
         6         2         4        23   148.179   28.8634
         6         2         4        24   162.469   1.05139
         6         2         4        25   153.971   16.9292
         6         2         4        26    89.542   59.9428
         6         2         4        27   167.468   1.18897
         6         2         4        28   86.7735    10.284
         6         2         4        29   86.8693   60.1626
         6         2         4        30   115.793   1.11159
         6         2         4        31   151.346   1.21475
         6         2         5         0   141.494  0.947173
         6         2         5         1   122.355  0.907811
         6         2         5         2   162.999   1.05158
         6         2         5         3    131.83  0.995026
         6         2         5         4   123.706   1.05481
         6         2         5         5   190.329   1.11307
         6         2         5         6   171.732   1.02596
         6         2         5         7   125.847   1.24928
         6         2         5         8      94.2   16.2643
         6         2         5         9   123.448   12.6395
         6         2         5        10   167.893   6.34264
         6         2         5        11   153.708   6.17069
         6         2         5        12   117.611   5.17823
         6         2         5        13   157.537   7.96278
         6         2         5        14    104.07   8.12824
         6         2         5        15   131.063   7.50675
         6         2         5        16   140.463   1.01533
         6         2         5        17   117.766   6.73896
         6         2         5        18     92.36   9.01104
         6         2         5        19    112.07   7.66305
         6         2         5        20   159.927   10.8337
         6         2         5        21   126.504    16.097
         6         2         5        22   132.979   27.5049
         6         2         5        23   151.506   1.15426
         6         2         5        24   89.5191   8.79053
         6         2         5        25   174.722   9.19811
         6         2         5        26   163.063   8.24097
         6         2         5        27   109.294   8.85312
         6         2         5        28   152.691   8.19776
         6         2         5        29   177.385   8.40991
         6         2         5        30   172.955   7.81912
         6         2         5        31   132.211   9.46481
         6         3         0         0     101.6   2.59039
         6         3         0         1   131.115   2.36633
         6         3         0         2   131.468   2.31249
         6         3         0         3    133.64    2.3085
         6         3         0         4   140.025   2.37681
         6         3         0         5    87.304   2.27003
         6         3         0         6   158.251   2.39651
         6         3         0         7   140.307   2.36504
         6         3         0         8   128.804  0.911822
         6         3         0         9   140.138  0.915523
         6         3         0        10   129.793  0.745841
         6         3         0        11   184.371    1.0222
         6         3         0        12   129.052  0.902411
         6         3         0        13   136.473  0.955311
         6         3         0        14    139.08  0.947833
         6         3         0        15   107.759  0.925596
         6         3         0        16   146.499   3.22013
         6         3         0        17   149.024   2.46807
         6         3         0        18   134.047   2.20552
         6         3         0        19   188.919   2.45232
         6         3         0        20   118.259   2.31388
         6         3         0        21   155.218   2.34061
         6         3         0        22   119.661   2.49147
         6         3         0        23   112.623   2.75714
         6         3         0        24   150.453  0.901088
         6         3         0        25   114.791  0.958027
         6         3         0        26   143.689  0.975096
         6         3         0        27   141.741  0.895723
         6         3         0        28   158.704   1.16501
         6         3         0        29   165.079  0.754664
         6         3         0        30   184.086   0.99363
         6         3         0        31   117.548  0.792995
         6         3         1         0   160.614    4.1208
         6         3         1         1    120.98   4.39348
         6         3         1         2   153.433  0.780058
         6         3         1         3   155.962  0.910574
         6         3         1         4   184.911    2.8239
         6         3         1         5   122.401   3.38881
         6         3         1         6   143.649   3.58567
         6         3         1         7   112.173   4.65095
         6         3         1         8   120.193   1.01628
         6         3         1         9   141.541  0.891515
         6         3         1        10   131.967  0.855892
         6         3         1        11   107.729  0.939252
         6         3         1        12   120.953  0.898301
         6         3         1        13    107.38  0.956019
         6         3         1        14   135.642   0.95636
         6         3         1        15   144.776  0.876103
         6         3         1        16   156.266   3.04887
         6         3         1        17   117.328   2.50793
         6         3         1        18   131.586   2.38762
         6         3         1        19   122.912   3.12834
         6         3         1        20   116.381   0.83604
         6         3         1        21   114.013   1.38718
         6         3         1        22   130.063  0.860266
         6         3         1        23   168.179   2.62576
         6         3         1        24   156.684  0.856125
         6         3         1        25   135.969   2.48047
         6         3         1        26   171.678   2.59098
         6         3         1        27    142.58   2.64457
         6         3         1        28    149.44   2.18807
         6         3         1        29   149.413   2.30645
         6         3         1        30   147.021   2.16696
         6         3         1        31   160.125    2.5406
         6         3         2         0   170.822   8.49147
         6         3         2         1   155.569   9.10169
         6         3         2         2   140.693  0.894898
         6         3         2         3   166.053   1.09495
         6         3         2         4   164.108   7.65773
         6         3         2         5   138.064   6.84601
         6         3         2         6   160.784   5.66024
         6         3         2         7   182.117   8.76606
         6         3         2         8   137.558   12.8741
         6         3         2         9   95.2676   18.8085
         6         3         2        10   121.804   6.33738
         6         3         2        11   135.449   7.96285
         6         3         2        12   130.525   5.65665
         6         3         2        13   115.794   7.98156
         6         3         2        14   151.845   7.23495
         6         3         2        15   142.022   7.48405
         6         3         2        16   137.527   8.31794
         6         3         2        17   122.403   8.20673
         6         3         2        18   107.215   7.81378
         6         3         2        19   154.337   8.49413
         6         3         2        20   154.945   7.86236
         6         3         2        21   147.041   8.18477
         6         3         2        22    148.87   7.37882
         6         3         2        23   109.586   7.42404
         6         3         2        24   90.9098   9.05717
         6         3         2        25       106   14.2407
         6         3         2        26   133.462   16.4124
         6         3         2        27   158.819   10.1111
         6         3         2        28   134.183   9.68174
         6         3         2        29    172.08   9.79172
         6         3         2        30   176.682    8.0922
         6         3         2        31    159.53   5.20533
         6         3         3         0   140.449   11.6981
         6         3         3         1    138.49   14.0933
         6         3         3         2   189.601   16.1111
         6         3         3         3   133.911   8.44454
         6         3         3         4   149.601   13.4147
         6         3         3         5   106.575   15.5912
         6         3         3         6   120.493   12.3161
         6         3         3         7   136.084   20.4564
         6         3         3         8   120.676   24.9011
         6         3         3         9   162.937   1.32658
         6         3         3        10   134.687    13.462
         6         3         3        11   162.395    6.5416
         6         3         3        12   129.157   8.35032
         6         3         3        13   126.858   11.1043
         6         3         3        14   127.923   10.4213
         6         3         3        15   95.9052   12.9359
         6         3         3        16   179.349   17.4241
         6         3         3        17   130.349   12.7334
         6         3         3        18   127.826    11.583
         6         3         3        19   128.507   11.9263
         6         3         3        20   144.782   9.64426
         6         3         3        21   118.904   8.96303
         6         3         3        22   111.138    18.832
         6         3         3        23       125    34.024
         6         3         3        24    152.53   17.1284
         6         3         3        25   131.539   19.6892
         6         3         3        26   130.266   6.57825
         6         3         3        27    118.25   16.8412
         6         3         3        28   130.648   9.70394
         6         3         3        29   100.432    15.998
         6         3         3        30   139.503   10.4286
         6         3         3        31   196.973   13.5648
         6         3         4         0   136.598   28.3934
         6         3         4         1   107.928   16.0319
         6         3         4         2   115.265   12.6712
         6         3         4         3   113.671   10.7542
         6         3         4         4   109.203    15.641
         6         3         4         5   83.2535    12.635
         6         3         4         6   137.344   21.7077
         6         3         4         7   96.8531   20.0198
         6         3         4         8   126.574   26.3613
         6         3         4         9   81.0398   29.3328
         6         3         4        10   91.9857   16.8671
         6         3         4        11    124.25   10.3609
         6         3         4        12   115.413   10.1722
         6         3         4        13   129.288   15.3307
         6         3         4        14   93.5304   14.4159
         6         3         4        15   93.6783   12.6357
         6         3         4        16   70.2583   17.2916
         6         3         4        17   110.722   20.9002
         6         3         4        18    121.07   17.5748
         6         3         4        19   95.3125   17.4458
         6         3         4        20   110.888   11.5928
         6         3         4        21   105.246   22.3493
         6         3         4        22   109.586   41.6955
         6         3         4        23     133.4   47.2235
         6         3         4        24   100.065   14.0692
         6         3         4        25   91.4821   19.6397
         6         3         4        26   95.7778   1.35439
         6         3         4        27   121.906    1.1824
         6         3         4        28   160.042   31.6419
         6         3         4        29   109.116   1.29338
         6         3         4        30   165.206   35.1613
         6         3         4        31   134.344   29.8893
         6         3         5         0   135.313   1.03688
         6         3         5         1    133.11  0.824089
         6         3         5         2   118.471   1.05228
         6         3         5         3   167.355   1.08685
         6         3         5         4   121.571  0.868139
         6         3         5         5   153.155  0.905419
         6         3         5         6   133.649    1.0032
         6         3         5         7   123.473   1.05501
         6         3         5         8   148.641   21.0104
         6         3         5         9   155.693   18.3378
         6         3         5        10   150.162   17.3823
         6         3         5        11   131.299   13.4149
         6         3         5        12   139.834   14.1183
         6         3         5        13   118.269   27.3255
         6         3         5        14   146.574   1.01163
         6         3         5        15   112.237   16.8504
         6         3         5        16   91.2564   12.1607
         6         3         5        17   140.596   15.1621
         6         3         5        18   174.169   18.1841
         6         3         5        19    134.68   12.4883
         6         3         5        20   130.354   9.18109
         6         3         5        21   99.5305    19.371
         6         3         5        22   138.855   13.8201
         6         3         5        23   143.935   17.3728
         6         3         5        24   146.532   1.03481
         6         3         5        25   104.174  0.987012
         6         3         5        26   167.055    1.1226
         6         3         5        27   117.579  0.888996
         6         3         5        28   167.865    6.4084
         6         3         5        29   126.887   1.23241
         6         3         5        30   153.739  0.835743
         6         3         5        31   208.067   1.00728
         6         4         0         0   163.888   4.58007
         6         4         0         1   165.398   3.80467
         6         4         0         2   144.637    4.3541
         6         4         0         3   150.432    4.3275
         6         4         0         4   116.853   4.63124
         6         4         0         5   128.541   4.48815
         6         4         0         6   139.457   4.26102
         6         4         0         7   114.122   4.86594
         6         4         0         8   141.012    6.3133
         6         4         0         9   148.236   5.00445
         6         4         0        10   127.676     4.961
         6         4         0        11   176.373   5.98976
         6         4         0        12   122.877   7.48958
         6         4         0        13   174.911   9.60902
         6         4         0        14   131.481   9.88613
         6         4         0        15   135.493   9.16588
         6         4         0        16   162.056   5.46275
         6         4         0        17   139.121   3.43036
         6         4         0        18   128.907   2.83731
         6         4         0        19    133.41   2.62878
         6         4         0        20   142.209   2.59392
         6         4         0        21    114.77   2.83752
         6         4         0        22   173.254   1.55645
         6         4         0        23   137.091   2.90879
         6         4         0        24    171.21   3.06584
         6         4         0        25    139.66   2.58262
         6         4         0        26    152.98   2.67069
         6         4         0        27   117.942     2.653
         6         4         0        28   133.152   2.31944
         6         4         0        29   135.373   2.50037
         6         4         0        30   132.437   2.54319
         6         4         0        31    115.38   3.44188
         6         4         1         0   150.266   8.45347
         6         4         1         1    116.73   5.44596
         6         4         1         2   111.206   5.80245
         6         4         1         3    71.165   12.1586
         6         4         1         4   132.955   5.75456
         6         4         1         5   154.409   5.47941
         6         4         1         6   155.204   6.41374
         6         4         1         7   105.624   14.5886
         6         4         1         8   166.408   1.26267
         6         4         1         9   142.965   1.32956
         6         4         1        10     97.19   1.08976
         6         4         1        11   137.841   1.13138
         6         4         1        12   145.631   1.09357
         6         4         1        13   133.877   1.16327
         6         4         1        14   132.511    1.0624
         6         4         1        15   154.738    1.1354
         6         4         1        16   135.634   1.24403
         6         4         1        17   141.246   11.9156
         6         4         1        18   126.869    5.0507
         6         4         1        19   149.777   5.57884
         6         4         1        20   130.788   7.02412
         6         4         1        21   173.303   5.98139
         6         4         1        22   130.462   5.44725
         6         4         1        23   124.167   1.23442
         6         4         1        24   94.2669    13.759
         6         4         1        25   87.6796    9.6926
         6         4         1        26    170.91   6.35618
         6         4         1        27   115.716   5.84566
         6         4         1        28   143.475   5.01343
         6         4         1        29   156.165   5.53674
         6         4         1        30   134.725   3.47583
         6         4         1        31   103.704   5.52829
         6         4         2         0   154.992   8.65802
         6         4         2         1   127.517   11.0699
         6         4         2         2   122.823   9.69684
         6         4         2         3   147.035   9.48033
         6         4         2         4   177.096   11.9973
         6         4         2         5   113.142   10.2918
         6         4         2         6   174.038   18.6512
         6         4         2         7   118.988   1.45823
         6         4         2         8   159.836   18.0031
         6         4         2         9   119.107   22.7149
         6         4         2        10   126.616   7.83805
         6         4         2        11   128.078   6.10538
         6         4         2        12    143.97   7.26521
         6         4         2        13     136.4   10.9811
         6         4         2        14   126.734    15.167
         6         4         2        15   136.886   14.1298
         6         4         2        16   148.361   10.3825
         6         4         2        17   132.856   9.26487
         6         4         2        18   92.5935   15.5055
         6         4         2        19   174.276   8.03639
         6         4         2        20    201.47   2.47133
         6         4         2        21     154.3   7.63039
         6         4         2        22    161.58   11.5262
         6         4         2        23   102.773   24.9372
         6         4         2        24   147.605   8.82026
         6         4         2        25   112.517   11.4637
         6         4         2        26    155.71   7.09204
         6         4         2        27   112.925   7.89934
         6         4         2        28   86.9932   13.9099
         6         4         2        29   154.759   8.67076
         6         4         2        30   171.691   9.14438
         6         4         2        31   198.222   8.44251
         6         4         3         0   147.157   6.65287
         6         4         3         1   92.9103   12.2314
         6         4         3         2   167.882    1.2577
         6         4         3         3   149.438   7.72224
         6         4         3         4   146.928   7.70759
         6         4         3         5   141.037   8.52416
         6         4         3         6    154.48   9.94337
         6         4         3         7   189.986    15.684
         6         4         3         8   133.527   1.13797
         6         4         3         9   127.931   9.72913
         6         4         3        10   145.939   5.25381
         6         4         3        11   146.991   4.57217
         6         4         3        12   111.146   6.37317
         6         4         3        13   128.168   8.31861
         6         4         3        14   137.228   10.2786
         6         4         3        15   134.368   12.7121
         6         4         3        16     114.6   6.31255
         6         4         3        17   154.394   5.30405
         6         4         3        18   119.808   5.31182
         6         4         3        19   158.541   4.31799
         6         4         3        20   146.005   3.45524
         6         4         3        21   133.731   4.03239
         6         4         3        22   112.166   5.33995
         6         4         3        23   140.727   7.88466
         6         4         3        24   148.305   7.66605
         6         4         3        25   124.924     5.087
         6         4         3        26   128.364   4.54133
         6         4         3        27   155.164   4.83975
         6         4         3        28    131.34   6.08931
         6         4         3        29   121.985   6.08212
         6         4         3        30   143.401   5.71329
         6         4         3        31   184.633   4.61725
         6         4         4         0   131.986   22.4856
         6         4         4         1   107.319   11.6696
         6         4         4         2   129.551   19.1874
         6         4         4         3   140.714     12.65
         6         4         4         4   101.554   10.6023
         6         4         4         5   92.0488   11.4784
         6         4         4         6   100.875   16.2822
         6         4         4         7   106.221   18.1845
         6         4         4         8     118.4   22.0042
         6         4         4         9   121.432   15.5543
         6         4         4        10   126.869   10.9654
         6         4         4        11   103.188   9.15074
         6         4         4        12   107.283   12.9331
         6         4         4        13   100.094   12.6031
         6         4         4        14   137.975   15.0181
         6         4         4        15   117.122    17.542
         6         4         4        16   116.502   43.2408
         6         4         4        17       149   1.11048
         6         4         4        18   143.889   19.9747
         6         4         4        19   134.066   32.4479
         6         4         4        20   121.037   51.4704
         6         4         4        21   110.867    1.3019
         6         4         4        22   106.715   1.16234
         6         4         4        23   165.925   1.32716
         6         4         4        24   104.288   25.0888
         6         4         4        25   107.766   17.8106
         6         4         4        26   102.228   11.4157
         6         4         4        27   141.978    13.023
         6         4         4        28   137.286   21.1622
         6         4         4        29   112.748   17.0188
         6         4         4        30   89.1651   12.8171
         6         4         4        31   102.604   17.6457
         6         4         5         0   144.993   4.11047
         6         4         5         1   162.168   5.34936
         6         4         5         2   121.986  0.796991
         6         4         5         3   115.595   6.77873
         6         4         5         4   131.106  0.948032
         6         4         5         5   145.845   5.64542
         6         4         5         6   151.042   5.85967
         6         4         5         7   96.9242   4.96908
         6         4         5         8   113.967   12.1162
         6         4         5         9   145.222   7.15722
         6         4         5        10   152.934    4.0323
         6         4         5        11   159.708   4.18135
         6         4         5        12   141.101  0.854664
         6         4         5        13   133.747   6.13209
         6         4         5        14   114.125   6.71762
         6         4         5        15    127.66   9.60288
         6         4         5        16   104.358   3.75541
         6         4         5        17   115.941   2.85145
         6         4         5        18   128.493   3.79902
         6         4         5        19   71.1938   5.43547
         6         4         5        20    107.45   6.11652
         6         4         5        21    153.28   7.31345
         6         4         5        22    128.25   10.0794
         6         4         5        23    96.807  0.864024
         6         4         5        24   112.281    3.5524
         6         4         5        25   177.489   4.49492
         6         4         5        26   102.509   4.05555
         6         4         5        27     102.5   4.06724
         6         4         5        28   95.6951   4.19529
         6         4         5        29    148.79   4.43383
         6         4         5        30    139.71   4.37764
         6         4         5        31   168.084   4.19781
         6         5         0         0   98.8159  0.908017
         6         5         0         1    106.44  0.767671
         6         5         0         2   105.906    0.6999
         6         5         0         3   107.582  0.959015
         6         5         0         4   114.346   0.86346
         6         5         0         5   140.201  0.897873
         6         5         0         6   120.414  0.996877
         6         5         0         7    86.674  0.923239
         6         5         0         8   129.266   2.70306
         6         5         0         9   96.2235   2.75927
         6         5         0        10   133.891   2.75957
         6         5         0        11   133.108   2.79143
         6         5         0        12   148.322   2.50798
         6         5         0        13   128.285   2.41637
         6         5         0        14   127.945   2.76213
         6         5         0        15   124.764   3.74045
         6         5         0        16   146.492   4.87951
         6         5         0        17   114.896   3.13101
         6         5         0        18   136.678   2.51638
         6         5         0        19   133.795   2.44524
         6         5         0        20    125.61   2.75825
         6         5         0        21   103.167   3.25044
         6         5         0        22   73.5749   3.20069
         6         5         0        23   127.092   3.90313
         6         5         0        24   125.613   3.61065
         6         5         0        25    132.56   2.65944
         6         5         0        26   131.357   2.67387
         6         5         0        27   121.554   2.80084
         6         5         0        28   132.064   3.22538
         6         5         0        29   192.849   2.55326
         6         5         0        30   116.652   2.63771
         6         5         0        31   123.432   2.76988
         6         5         1         0   137.396  0.767842
         6         5         1         1   124.361  0.977293
         6         5         1         2   172.771  0.874334
         6         5         1         3   128.882  0.834689
         6         5         1         4   142.832   1.17887
         6         5         1         5   107.355   1.00127
         6         5         1         6    132.78  0.761588
         6         5         1         7   139.083  0.931719
         6         5         1         8   117.579  0.827093
         6         5         1         9   128.126  0.911638
         6         5         1        10   125.165  0.881834
         6         5         1        11   144.806   1.05216
         6         5         1        12   172.721   28.9774
         6         5         1        13    141.65  0.963065
         6         5         1        14   125.892  0.965421
         6         5         1        15   128.195   28.5011
         6         5         1        16   116.927   8.16559
         6         5         1        17    132.41   7.45864
         6         5         1        18   161.874   9.87639
         6         5         1        19   126.853   7.25207
         6         5         1        20   159.842   8.18587
         6         5         1        21   117.192   5.77502
         6         5         1        22   79.2622   7.59043
         6         5         1        23   137.401   8.87216
         6         5         1        24   154.242   31.1374
         6         5         1        25   128.664   14.8141
         6         5         1        26   158.916   8.63881
         6         5         1        27   111.874   12.6033
         6         5         1        28    159.99    7.0966
         6         5         1        29   150.335    8.0871
         6         5         1        30    146.42   7.86752
         6         5         1        31   132.277   6.77459
         6         5         2         0   144.189   3.34996
         6         5         2         1   148.001   3.47153
         6         5         2         2   121.299    3.6047
         6         5         2         3   113.883   3.70815
         6         5         2         4   138.139    3.4802
         6         5         2         5   139.802   3.38133
         6         5         2         6   142.098   3.82791
         6         5         2         7   159.033   3.73798
         6         5         2         8   123.154   4.20678
         6         5         2         9   89.2811   3.07694
         6         5         2        10   115.232   2.75821
         6         5         2        11   107.592   3.32858
         6         5         2        12   57.9092   4.61509
         6         5         2        13   122.211   6.84013
         6         5         2        14   116.039   8.70446
         6         5         2        15   178.943   6.57534
         6         5         2        16   133.446   10.2528
         6         5         2        17   112.722   11.0684
         6         5         2        18   105.026   10.2712
         6         5         2        19   117.985   9.04458
         6         5         2        20   110.314    9.0439
         6         5         2        21   128.487   10.6361
         6         5         2        22   138.944   22.7214
         6         5         2        23   117.212    25.888
         6         5         2        24   115.787   6.31011
         6         5         2        25   174.778   6.47275
         6         5         2        26   126.135   5.45482
         6         5         2        27    139.13   5.38104
         6         5         2        28   76.5972   4.53695
         6         5         2        29   113.045   4.85572
         6         5         2        30   147.113   4.57014
         6         5         2        31   122.508   4.48383
         6         5         3         0   141.879   2.86791
         6         5         3         1   97.8045   2.78087
         6         5         3         2   157.963   3.53464
         6         5         3         3    127.61    3.0785
         6         5         3         4   96.7494   2.61368
         6         5         3         5   140.376   2.78985
         6         5         3         6   115.645   2.99089
         6         5         3         7   111.473   2.94073
         6         5         3         8   128.434   2.75395
         6         5         3         9   106.136   2.68546
         6         5         3        10   133.304   2.77354
         6         5         3        11   108.924   2.53667
         6         5         3        12   129.088    2.5097
         6         5         3        13   116.995   2.71884
         6         5         3        14   147.206   2.91621
         6         5         3        15   150.644   3.41684
         6         5         3        16   196.224   3.73806
         6         5         3        17   183.139   3.24907
         6         5         3        18   166.932    2.8261
         6         5         3        19   159.375   3.35258
         6         5         3        20   152.161   3.10236
         6         5         3        21   147.273   3.08244
         6         5         3        22    188.07   3.76988
         6         5         3        23    156.82   5.57251
         6         5         3        24   138.162   3.28948
         6         5         3        25   137.526   3.66283
         6         5         3        26   165.829   3.90837
         6         5         3        27   166.379   4.53065
         6         5         3        28    135.79   4.32594
         6         5         3        29   157.522   3.62371
         6         5         3        30   145.058   2.60735
         6         5         3        31   130.578   2.83174
         6         5         4         0   122.299   3.03281
         6         5         4         1   129.857   3.86228
         6         5         4         2   129.821   3.75362
         6         5         4         3   135.313   4.70703
         6         5         4         4   117.602   4.37108
         6         5         4         5   146.166   3.46157
         6         5         4         6   144.337   2.75258
         6         5         4         7   141.307   3.22932
         6         5         4         8   89.1848   3.18867
         6         5         4         9   116.156   3.22344
         6         5         4        10   149.172   2.96387
         6         5         4        11   94.3862   2.92717
         6         5         4        12   132.046   2.95943
         6         5         4        13   102.775   3.23742
         6         5         4        14   156.235   3.46968
         6         5         4        15    132.54   3.91735
         6         5         4        16   139.841   6.49237
         6         5         4        17   98.6809   7.23473
         6         5         4        18   191.526   7.59045
         6         5         4        19    157.86   6.42658
         6         5         4        20   192.446   7.34591
         6         5         4        21   159.204   6.04219
         6         5         4        22    105.28   6.80114
         6         5         4        23   134.952   13.9684
         6         5         4        24   123.105   35.7896
         6         5         4        25   129.765    22.386
         6         5         4        26   123.064    14.639
         6         5         4        27   148.695   11.4239
         6         5         4        28   130.097   10.9548
         6         5         4        29   110.145   11.9027
         6         5         4        30   115.537   12.6207
         6         5         4        31   115.275   10.3224
         6         5         5         0   163.808   3.09361
         6         5         5         1     142.7   3.11914
         6         5         5         2   154.332   3.13577
         6         5         5         3   147.991   3.29698
         6         5         5         4    163.32   3.48495
         6         5         5         5   167.154   3.53875
         6         5         5         6   164.681   3.52788
         6         5         5         7   136.458   3.78629
         6         5         5         8   111.329   3.25826
         6         5         5         9   136.865   2.89371
         6         5         5        10   172.988   2.81006
         6         5         5        11   129.647   2.67004
         6         5         5        12   121.887   2.98771
         6         5         5        13   150.326   4.05668
         6         5         5        14   127.149    6.2346
         6         5         5        15   132.087   8.27282
         6         5         5        16   151.868   3.22029
         6         5         5        17   140.047    2.9563
         6         5         5        18   134.219   2.96713
         6         5         5        19   151.265   2.64787
         6         5         5        20   116.864   3.04641
         6         5         5        21   118.951   4.76233
         6         5         5        22   151.195   7.37638
         6         5         5        23     173.9   10.0646
         6         5         5        24    122.52   3.31367
         6         5         5        25   152.383   3.26393
         6         5         5        26   153.718   3.21138
         6         5         5        27   159.514   3.18024
         6         5         5        28   143.027   2.87548
         6         5         5        29   140.027   2.86001
         6         5         5        30   93.5575   2.81861
         6         5         5        31   159.676   3.31199