Filename : /home/kelsey/simulations/simdat/v.2.1.2/*.root
Beta Cut : 0.800000
Total Entries : 4222034
Layer 	 Row 	 Mod 	 Det 	 Strip 	 MPV 	 Sigma 	 NEntries
0 	 0 	 0 	 0 	 0.706425 	 10093.501339 	 168 
0 	 0 	 0 	 1 	 0.782620 	 944.965503 	 142 
0 	 0 	 0 	 2 	 0.744968 	 24364.753093 	 171 
0 	 0 	 0 	 3 	 0.720592 	 12490.063337 	 179 
0 	 0 	 0 	 4 	 0.719775 	 5066.987084 	 182 
0 	 0 	 0 	 5 	 0.711292 	 8060.469344 	 213 
0 	 0 	 0 	 6 	 0.716877 	 8920.015883 	 189 
0 	 0 	 0 	 7 	 0.724044 	 11793.934953 	 181 
0 	 0 	 0 	 8 	 0.714796 	 14399.486413 	 213 
0 	 0 	 0 	 9 	 0.720995 	 27669.170576 	 175 
0 	 0 	 0 	 10 	 0.701968 	 7124.079818 	 165 
0 	 0 	 0 	 11 	 0.722854 	 18568.105815 	 173 
0 	 0 	 0 	 12 	 0.000000 	 1000.000000 	 0 
0 	 0 	 0 	 13 	 0.000000 	 1000.000000 	 0 
0 	 0 	 0 	 14 	 0.727799 	 4648.975848 	 178 
0 	 0 	 0 	 15 	 0.714277 	 4818.668892 	 134 
0 	 0 	 0 	 16 	 0.724789 	 3047.456988 	 95 
0 	 0 	 0 	 17 	 0.710751 	 8596.369046 	 92 
0 	 0 	 0 	 18 	 0.687224 	 13784.669870 	 73 
0 	 0 	 0 	 19 	 0.709236 	 2403.180999 	 68 
0 	 0 	 0 	 20 	 0.000000 	 1000.000000 	 0 
0 	 0 	 0 	 21 	 0.654189 	 1847.713927 	 60 
0 	 0 	 0 	 22 	 0.716267 	 2335.216362 	 63 
0 	 0 	 0 	 23 	 0.628929 	 1010.053051 	 59 
0 	 0 	 0 	 24 	 0.750546 	 3214.715961 	 74 
0 	 0 	 0 	 25 	 0.716963 	 11657.421916 	 66 
0 	 0 	 0 	 26 	 0.734645 	 7462.706118 	 83 
0 	 0 	 0 	 27 	 0.000000 	 1000.000000 	 0 
0 	 0 	 0 	 28 	 0.676048 	 1729.056362 	 76 
0 	 0 	 0 	 29 	 0.714740 	 5879.610861 	 75 
0 	 0 	 0 	 30 	 0.740186 	 111749.530965 	 93 
0 	 0 	 0 	 31 	 0.738839 	 5869.544055 	 97 
0 	 0 	 1 	 0 	 0.711140 	 5194.521643 	 151 
0 	 0 	 1 	 1 	 0.715930 	 17392.892466 	 163 
0 	 0 	 1 	 2 	 0.718032 	 11800.777811 	 195 
0 	 0 	 1 	 3 	 0.000000 	 1000.000000 	 0 
0 	 0 	 1 	 4 	 0.607507 	 1050.754328 	 179 
0 	 0 	 1 	 5 	 0.677786 	 8655.820530 	 192 
0 	 0 	 1 	 6 	 0.708326 	 21416.588314 	 181 
0 	 0 	 1 	 7 	 0.724747 	 24369.677398 	 194 
0 	 0 	 1 	 8 	 0.711579 	 15529.748525 	 183 
0 	 0 	 1 	 9 	 0.725519 	 16488.200728 	 202 
0 	 0 	 1 	 10 	 0.716086 	 10121.530153 	 208 
0 	 0 	 1 	 11 	 0.710700 	 12721.404261 	 173 
0 	 0 	 1 	 12 	 0.826564 	 1125.431582 	 180 
0 	 0 	 1 	 13 	 0.699574 	 7721.964090 	 166 
0 	 0 	 1 	 14 	 0.722903 	 7919.288330 	 166 
0 	 0 	 1 	 15 	 0.703082 	 5609.745619 	 137 
0 	 0 	 1 	 16 	 0.726747 	 2149.271481 	 97 
0 	 0 	 1 	 17 	 0.747452 	 5771.041957 	 79 
0 	 0 	 1 	 18 	 0.000000 	 1000.000000 	 0 
0 	 0 	 1 	 19 	 0.725565 	 4179.720663 	 69 
0 	 0 	 1 	 20 	 0.689190 	 5217.046522 	 69 
0 	 0 	 1 	 21 	 0.655441 	 3636.104385 	 89 
0 	 0 	 1 	 22 	 0.678142 	 9318.369471 	 78 
0 	 0 	 1 	 23 	 0.000000 	 1000.000000 	 0 
0 	 0 	 1 	 24 	 0.697135 	 6300.600210 	 70 
0 	 0 	 1 	 25 	 0.616137 	 4522.483168 	 69 
0 	 0 	 1 	 26 	 0.669772 	 2540.576666 	 75 
0 	 0 	 1 	 27 	 0.720638 	 28783.682035 	 76 
0 	 0 	 1 	 28 	 0.666185 	 4002.464357 	 79 
0 	 0 	 1 	 29 	 0.660256 	 5721.195965 	 66 
0 	 0 	 1 	 30 	 0.710962 	 6642.404484 	 87 
0 	 0 	 1 	 31 	 0.754642 	 86190.789599 	 95 
0 	 0 	 2 	 0 	 0.705984 	 5891.555709 	 164 
0 	 0 	 2 	 1 	 0.722527 	 9689.353919 	 179 
0 	 0 	 2 	 2 	 0.694647 	 9056.541769 	 188 
0 	 0 	 2 	 3 	 0.704162 	 11121.545230 	 192 
0 	 0 	 2 	 4 	 0.718732 	 10123.238518 	 183 
0 	 0 	 2 	 5 	 0.702704 	 8006.061845 	 193 
0 	 0 	 2 	 6 	 0.000000 	 1000.000000 	 0 
0 	 0 	 2 	 7 	 0.722613 	 8373.235560 	 192 
0 	 0 	 2 	 8 	 0.000000 	 1000.000000 	 0 
0 	 0 	 2 	 9 	 0.000000 	 1000.000000 	 0 
0 	 0 	 2 	 10 	 0.000000 	 1000.000000 	 0 
0 	 0 	 2 	 11 	 0.000000 	 1000.000000 	 0 
0 	 0 	 2 	 12 	 0.000000 	 1000.000000 	 0 
0 	 0 	 2 	 13 	 0.000000 	 1000.000000 	 0 
0 	 0 	 2 	 14 	 0.000000 	 1000.000000 	 0 
0 	 0 	 2 	 15 	 0.000000 	 1000.000000 	 0 
0 	 0 	 2 	 16 	 0.727757 	 2116.932743 	 73 
0 	 0 	 2 	 17 	 0.732709 	 6688.233221 	 84 
0 	 0 	 2 	 18 	 0.692920 	 4292.197854 	 82 
0 	 0 	 2 	 19 	 0.719833 	 7609.232551 	 82 
0 	 0 	 2 	 20 	 0.645219 	 582.418545 	 68 
0 	 0 	 2 	 21 	 0.720938 	 12395.423315 	 89 
0 	 0 	 2 	 22 	 0.673264 	 3310.697233 	 92 
0 	 0 	 2 	 23 	 0.709999 	 4057.560940 	 80 
0 	 0 	 2 	 24 	 0.722234 	 6853.297887 	 85 
0 	 0 	 2 	 25 	 0.702047 	 2571.949843 	 82 
0 	 0 	 2 	 26 	 0.557678 	 723.177185 	 73 
0 	 0 	 2 	 27 	 0.692977 	 5827.821182 	 76 
0 	 0 	 2 	 28 	 0.691788 	 7568.458844 	 81 
0 	 0 	 2 	 29 	 0.694562 	 1745.014235 	 91 
0 	 0 	 2 	 30 	 0.000000 	 1000.000000 	 0 
0 	 0 	 2 	 31 	 0.673051 	 2576.779351 	 79 
0 	 0 	 3 	 0 	 0.725447 	 14815.666178 	 163 
0 	 0 	 3 	 1 	 0.714328 	 8964.270666 	 165 
0 	 0 	 3 	 2 	 0.716371 	 11216.500101 	 185 
0 	 0 	 3 	 3 	 0.707673 	 11507.248119 	 196 
0 	 0 	 3 	 4 	 0.634565 	 962.372689 	 177 
0 	 0 	 3 	 5 	 0.715783 	 10375.549057 	 184 
0 	 0 	 3 	 6 	 0.714286 	 12202.643141 	 208 
0 	 0 	 3 	 7 	 0.713149 	 9138.895517 	 193 
0 	 0 	 3 	 8 	 0.708201 	 6850.638391 	 191 
0 	 0 	 3 	 9 	 0.000000 	 1000.000000 	 0 
0 	 0 	 3 	 10 	 0.722711 	 18673.384863 	 197 
0 	 0 	 3 	 11 	 0.713294 	 18107.937439 	 213 
0 	 0 	 3 	 12 	 0.698884 	 8611.140506 	 201 
0 	 0 	 3 	 13 	 0.709687 	 7740.188714 	 164 
0 	 0 	 3 	 14 	 0.000000 	 1000.000000 	 0 
0 	 0 	 3 	 15 	 0.707405 	 7577.057313 	 173 
0 	 0 	 3 	 16 	 0.706830 	 2835.835468 	 104 
0 	 0 	 3 	 17 	 0.701048 	 3429.272378 	 98 
0 	 0 	 3 	 18 	 0.630831 	 3297.242955 	 67 
0 	 0 	 3 	 19 	 0.716091 	 4057.901313 	 70 
0 	 0 	 3 	 20 	 0.705103 	 1223.507348 	 74 
0 	 0 	 3 	 21 	 0.719569 	 9028.941243 	 90 
0 	 0 	 3 	 22 	 0.684109 	 3678.567638 	 73 
0 	 0 	 3 	 23 	 0.707073 	 2824.111054 	 84 
0 	 0 	 3 	 24 	 0.713452 	 2141.754842 	 78 
0 	 0 	 3 	 25 	 0.000000 	 1000.000000 	 0 
0 	 0 	 3 	 26 	 0.688893 	 8519.663719 	 67 
0 	 0 	 3 	 27 	 0.719091 	 3793.120323 	 78 
0 	 0 	 3 	 28 	 0.666062 	 757.229403 	 69 
0 	 0 	 3 	 29 	 0.482092 	 676.582854 	 73 
0 	 0 	 3 	 30 	 0.711718 	 1986.955817 	 66 
0 	 0 	 3 	 31 	 0.715395 	 6977.115844 	 73 
0 	 0 	 4 	 0 	 0.706355 	 4246.486950 	 149 
0 	 0 	 4 	 1 	 0.704597 	 9200.504387 	 168 
0 	 0 	 4 	 2 	 0.691859 	 10943.380013 	 186 
0 	 0 	 4 	 3 	 0.720067 	 11206.879783 	 172 
0 	 0 	 4 	 4 	 0.694431 	 10873.205761 	 178 
0 	 0 	 4 	 5 	 0.711654 	 62584.246305 	 174 
0 	 0 	 4 	 6 	 0.725503 	 12076.752803 	 184 
0 	 0 	 4 	 7 	 0.700198 	 11003.215374 	 191 
0 	 0 	 4 	 8 	 0.702501 	 10976.673252 	 183 
0 	 0 	 4 	 9 	 0.723298 	 9123.705542 	 189 
0 	 0 	 4 	 10 	 0.710849 	 6406.576765 	 180 
0 	 0 	 4 	 11 	 0.711988 	 13316.886191 	 192 
0 	 0 	 4 	 12 	 0.697841 	 12092.166806 	 165 
0 	 0 	 4 	 13 	 0.730509 	 11626.165547 	 168 
0 	 0 	 4 	 14 	 0.712376 	 16585.416173 	 173 
0 	 0 	 4 	 15 	 0.721543 	 5195.664546 	 146 
0 	 0 	 4 	 16 	 0.744339 	 9379.797152 	 102 
0 	 0 	 4 	 17 	 0.727288 	 5760.129460 	 83 
0 	 0 	 4 	 18 	 0.658906 	 3110.577548 	 77 
0 	 0 	 4 	 19 	 0.654837 	 3291.842408 	 74 
0 	 0 	 4 	 20 	 0.680014 	 2044.798113 	 73 
0 	 0 	 4 	 21 	 0.697624 	 5194.922153 	 75 
0 	 0 	 4 	 22 	 0.700166 	 2401.373419 	 52 
0 	 0 	 4 	 23 	 0.657166 	 1780.408031 	 78 
0 	 0 	 4 	 24 	 0.728111 	 833.585139 	 71 
0 	 0 	 4 	 25 	 0.609680 	 501.464746 	 71 
0 	 0 	 4 	 26 	 0.749596 	 634.973346 	 54 
0 	 0 	 4 	 27 	 0.717185 	 1521.395359 	 71 
0 	 0 	 4 	 28 	 0.701118 	 3846.285853 	 76 
0 	 0 	 4 	 29 	 0.705300 	 9537.307613 	 78 
0 	 0 	 4 	 30 	 0.702319 	 13605.782076 	 84 
0 	 0 	 4 	 31 	 0.708897 	 1905.420216 	 91 
0 	 0 	 5 	 0 	 0.000000 	 1000.000000 	 0 
0 	 0 	 5 	 1 	 0.000000 	 1000.000000 	 0 
0 	 0 	 5 	 2 	 0.000000 	 1000.000000 	 0 
0 	 0 	 5 	 3 	 0.000000 	 1000.000000 	 0 
0 	 0 	 5 	 4 	 0.000000 	 1000.000000 	 0 
0 	 0 	 5 	 5 	 0.000000 	 1000.000000 	 0 
0 	 0 	 5 	 6 	 0.000000 	 1000.000000 	 0 
0 	 0 	 5 	 7 	 0.000000 	 1000.000000 	 0 
0 	 0 	 5 	 8 	 0.000000 	 1000.000000 	 0 
0 	 0 	 5 	 9 	 0.000000 	 1000.000000 	 0 
0 	 0 	 5 	 10 	 0.000000 	 1000.000000 	 0 
0 	 0 	 5 	 11 	 0.000000 	 1000.000000 	 0 
0 	 0 	 5 	 12 	 0.000000 	 1000.000000 	 0 
0 	 0 	 5 	 13 	 0.000000 	 1000.000000 	 0 
0 	 0 	 5 	 14 	 0.000000 	 1000.000000 	 0 
0 	 0 	 5 	 15 	 0.000000 	 1000.000000 	 0 
0 	 0 	 5 	 16 	 0.000000 	 1000.000000 	 0 
0 	 0 	 5 	 17 	 0.000000 	 1000.000000 	 0 
0 	 0 	 5 	 18 	 0.000000 	 1000.000000 	 0 
0 	 0 	 5 	 19 	 0.000000 	 1000.000000 	 0 
0 	 0 	 5 	 20 	 0.000000 	 1000.000000 	 0 
0 	 0 	 5 	 21 	 0.000000 	 1000.000000 	 0 
0 	 0 	 5 	 22 	 0.000000 	 1000.000000 	 0 
0 	 0 	 5 	 23 	 0.000000 	 1000.000000 	 0 
0 	 0 	 5 	 24 	 0.000000 	 1000.000000 	 0 
0 	 0 	 5 	 25 	 0.000000 	 1000.000000 	 0 
0 	 0 	 5 	 26 	 0.000000 	 1000.000000 	 0 
0 	 0 	 5 	 27 	 0.000000 	 1000.000000 	 0 
0 	 0 	 5 	 28 	 0.000000 	 1000.000000 	 0 
0 	 0 	 5 	 29 	 0.000000 	 1000.000000 	 0 
0 	 0 	 5 	 30 	 0.000000 	 1000.000000 	 0 
0 	 0 	 5 	 31 	 0.000000 	 1000.000000 	 0 
0 	 1 	 0 	 0 	 0.742160 	 53671.562435 	 72 
0 	 1 	 0 	 1 	 0.707263 	 4806.467008 	 88 
0 	 1 	 0 	 2 	 0.705708 	 6763.486242 	 133 
0 	 1 	 0 	 3 	 0.670168 	 5564.717589 	 109 
0 	 1 	 0 	 4 	 0.698897 	 6431.029807 	 146 
0 	 1 	 0 	 5 	 0.707360 	 31711.355672 	 126 
0 	 1 	 0 	 6 	 0.710935 	 6690.855148 	 166 
0 	 1 	 0 	 7 	 0.714556 	 9937.919460 	 187 
0 	 1 	 0 	 8 	 0.710011 	 5011.517619 	 158 
0 	 1 	 0 	 9 	 0.694222 	 9319.639931 	 152 
0 	 1 	 0 	 10 	 0.733443 	 17037.289456 	 159 
0 	 1 	 0 	 11 	 0.695873 	 12499.518142 	 145 
0 	 1 	 0 	 12 	 0.731539 	 30627.430311 	 133 
0 	 1 	 0 	 13 	 0.713842 	 9046.505690 	 130 
0 	 1 	 0 	 14 	 0.692966 	 5230.791210 	 105 
0 	 1 	 0 	 15 	 0.700689 	 7970.884591 	 74 
0 	 1 	 0 	 16 	 0.708049 	 15299.234490 	 72 
0 	 1 	 0 	 17 	 0.732773 	 12649.922439 	 91 
0 	 1 	 0 	 18 	 0.736063 	 8943.874426 	 78 
0 	 1 	 0 	 19 	 0.671325 	 2987.933290 	 80 
0 	 1 	 0 	 20 	 0.646514 	 6374.925216 	 109 
0 	 1 	 0 	 21 	 0.740208 	 2420.464891 	 103 
0 	 1 	 0 	 22 	 0.701260 	 7127.654520 	 125 
0 	 1 	 0 	 23 	 0.000000 	 1000.000000 	 0 
0 	 1 	 0 	 24 	 0.726564 	 11372.898506 	 136 
0 	 1 	 0 	 25 	 0.000000 	 1000.000000 	 0 
0 	 1 	 0 	 26 	 0.710938 	 5162.182626 	 89 
0 	 1 	 0 	 27 	 0.707548 	 8728.073453 	 101 
0 	 1 	 0 	 28 	 0.661457 	 2099.379454 	 72 
0 	 1 	 0 	 29 	 0.746532 	 40434.886880 	 84 
0 	 1 	 0 	 30 	 0.694904 	 3389.216862 	 87 
0 	 1 	 0 	 31 	 0.726098 	 3077.104186 	 71 
0 	 1 	 1 	 0 	 0.702597 	 4574.993923 	 89 
0 	 1 	 1 	 1 	 0.701061 	 3254.713264 	 101 
0 	 1 	 1 	 2 	 0.709012 	 17108.343930 	 122 
0 	 1 	 1 	 3 	 0.706506 	 4125.469096 	 126 
0 	 1 	 1 	 4 	 0.719037 	 6279.637307 	 134 
0 	 1 	 1 	 5 	 0.708151 	 1078.038701 	 159 
0 	 1 	 1 	 6 	 0.000000 	 1000.000000 	 0 
0 	 1 	 1 	 7 	 0.722050 	 35446.650908 	 163 
0 	 1 	 1 	 8 	 0.722356 	 9911.937565 	 182 
0 	 1 	 1 	 9 	 0.717172 	 12016.034928 	 137 
0 	 1 	 1 	 10 	 0.712839 	 9183.182159 	 127 
0 	 1 	 1 	 11 	 0.735266 	 8193.406629 	 138 
0 	 1 	 1 	 12 	 0.710519 	 6441.612794 	 140 
0 	 1 	 1 	 13 	 0.665204 	 863.144232 	 114 
0 	 1 	 1 	 14 	 0.732338 	 20605.874961 	 101 
0 	 1 	 1 	 15 	 0.715549 	 5503.628517 	 91 
0 	 1 	 1 	 16 	 0.688510 	 2167.670956 	 68 
0 	 1 	 1 	 17 	 0.725881 	 2538.413747 	 87 
0 	 1 	 1 	 18 	 0.600269 	 682.406467 	 78 
0 	 1 	 1 	 19 	 0.691770 	 8105.831100 	 88 
0 	 1 	 1 	 20 	 0.000000 	 1000.000000 	 0 
0 	 1 	 1 	 21 	 0.720121 	 4235.844613 	 107 
0 	 1 	 1 	 22 	 0.699591 	 3134.494933 	 110 
0 	 1 	 1 	 23 	 0.703668 	 8920.092001 	 158 
0 	 1 	 1 	 24 	 0.705078 	 7291.147075 	 141 
0 	 1 	 1 	 25 	 0.706332 	 6169.056864 	 142 
0 	 1 	 1 	 26 	 0.709681 	 7853.086904 	 103 
0 	 1 	 1 	 27 	 0.727700 	 30954.133058 	 92 
0 	 1 	 1 	 28 	 0.716603 	 8190.387652 	 88 
0 	 1 	 1 	 29 	 0.645698 	 2376.747850 	 75 
0 	 1 	 1 	 30 	 0.707890 	 2765.452095 	 97 
0 	 1 	 1 	 31 	 0.820807 	 768.558087 	 70 
0 	 1 	 2 	 0 	 0.685148 	 946.277222 	 103 
0 	 1 	 2 	 1 	 0.703084 	 7920.229586 	 107 
0 	 1 	 2 	 2 	 0.724283 	 5814.717843 	 103 
0 	 1 	 2 	 3 	 0.731220 	 12106.720456 	 132 
0 	 1 	 2 	 4 	 0.697380 	 8785.788310 	 144 
0 	 1 	 2 	 5 	 0.709725 	 14525.836057 	 162 
0 	 1 	 2 	 6 	 0.701741 	 10861.590355 	 156 
0 	 1 	 2 	 7 	 0.721894 	 16030.215820 	 147 
0 	 1 	 2 	 8 	 0.697311 	 1097.670614 	 186 
0 	 1 	 2 	 9 	 0.718693 	 862.362365 	 150 
0 	 1 	 2 	 10 	 0.702224 	 9354.607309 	 157 
0 	 1 	 2 	 11 	 0.707057 	 4666.301486 	 132 
0 	 1 	 2 	 12 	 0.706031 	 13602.816568 	 126 
0 	 1 	 2 	 13 	 0.727138 	 6408.568222 	 122 
0 	 1 	 2 	 14 	 0.676346 	 2695.452622 	 103 
0 	 1 	 2 	 15 	 0.719447 	 6696.533964 	 92 
0 	 1 	 2 	 16 	 0.707406 	 3450.977390 	 81 
0 	 1 	 2 	 17 	 0.699093 	 8725.085730 	 67 
0 	 1 	 2 	 18 	 0.692792 	 2567.954705 	 90 
0 	 1 	 2 	 19 	 0.726627 	 4643.400632 	 103 
0 	 1 	 2 	 20 	 0.711795 	 4954.103959 	 113 
0 	 1 	 2 	 21 	 0.710249 	 14296.150936 	 99 
0 	 1 	 2 	 22 	 0.716169 	 5332.263039 	 143 
0 	 1 	 2 	 23 	 0.560862 	 1268.873152 	 127 
0 	 1 	 2 	 24 	 0.695404 	 9084.332627 	 173 
0 	 1 	 2 	 25 	 0.677835 	 4920.961765 	 121 
0 	 1 	 2 	 26 	 0.700312 	 6689.944230 	 120 
0 	 1 	 2 	 27 	 0.721842 	 27043.933200 	 89 
0 	 1 	 2 	 28 	 0.700786 	 1121.904578 	 77 
0 	 1 	 2 	 29 	 0.738180 	 29895.685579 	 90 
0 	 1 	 2 	 30 	 0.694232 	 43366.547364 	 76 
0 	 1 	 2 	 31 	 0.689405 	 2873.584027 	 78 
0 	 1 	 3 	 0 	 0.690148 	 7378.339742 	 95 
0 	 1 	 3 	 1 	 0.692540 	 3575.995004 	 112 
0 	 1 	 3 	 2 	 0.000000 	 1000.000000 	 0 
0 	 1 	 3 	 3 	 0.708429 	 5504.285899 	 130 
0 	 1 	 3 	 4 	 0.683172 	 7176.683537 	 122 
0 	 1 	 3 	 5 	 0.717637 	 6250.936170 	 144 
0 	 1 	 3 	 6 	 0.000000 	 1000.000000 	 0 
0 	 1 	 3 	 7 	 0.712864 	 11688.320780 	 160 
0 	 1 	 3 	 8 	 0.690692 	 1015.259954 	 157 
0 	 1 	 3 	 9 	 0.720831 	 13995.944349 	 153 
0 	 1 	 3 	 10 	 0.704478 	 11236.862859 	 130 
0 	 1 	 3 	 11 	 0.697465 	 5175.144146 	 152 
0 	 1 	 3 	 12 	 0.707966 	 10183.568465 	 113 
0 	 1 	 3 	 13 	 0.000000 	 1000.000000 	 0 
0 	 1 	 3 	 14 	 0.000000 	 1000.000000 	 0 
0 	 1 	 3 	 15 	 0.719751 	 2063.974566 	 88 
0 	 1 	 3 	 16 	 0.728516 	 1636.176900 	 59 
0 	 1 	 3 	 17 	 0.727015 	 25796.747555 	 89 
0 	 1 	 3 	 18 	 0.721498 	 4808.319746 	 72 
0 	 1 	 3 	 19 	 0.716129 	 12951.077200 	 83 
0 	 1 	 3 	 20 	 0.695067 	 5860.878026 	 104 
0 	 1 	 3 	 21 	 0.669077 	 1062.090421 	 120 
0 	 1 	 3 	 22 	 0.720413 	 113530.170984 	 134 
0 	 1 	 3 	 23 	 0.713111 	 9951.290302 	 165 
0 	 1 	 3 	 24 	 0.749791 	 100037.820725 	 139 
0 	 1 	 3 	 25 	 0.688623 	 6218.494318 	 107 
0 	 1 	 3 	 26 	 0.714387 	 11033.840090 	 110 
0 	 1 	 3 	 27 	 0.689336 	 6869.345969 	 102 
0 	 1 	 3 	 28 	 0.719448 	 941.829691 	 102 
0 	 1 	 3 	 29 	 0.711575 	 2221.228401 	 73 
0 	 1 	 3 	 30 	 0.704865 	 5028.647636 	 83 
0 	 1 	 3 	 31 	 0.718958 	 18647.162584 	 68 
0 	 1 	 4 	 0 	 0.714834 	 7500.921334 	 95 
0 	 1 	 4 	 1 	 0.688280 	 5413.510192 	 101 
0 	 1 	 4 	 2 	 0.629001 	 870.143038 	 107 
0 	 1 	 4 	 3 	 0.691984 	 4606.185582 	 126 
0 	 1 	 4 	 4 	 0.728717 	 62364.597090 	 121 
0 	 1 	 4 	 5 	 0.719174 	 9416.090584 	 164 
0 	 1 	 4 	 6 	 0.717862 	 11896.127764 	 163 
0 	 1 	 4 	 7 	 0.740962 	 10845.818392 	 171 
0 	 1 	 4 	 8 	 0.689322 	 4968.361575 	 151 
0 	 1 	 4 	 9 	 0.704127 	 6947.332402 	 163 
0 	 1 	 4 	 10 	 0.721516 	 3600.976343 	 111 
0 	 1 	 4 	 11 	 0.695230 	 7371.105200 	 130 
0 	 1 	 4 	 12 	 0.000000 	 1000.000000 	 0 
0 	 1 	 4 	 13 	 0.691116 	 3700.259232 	 103 
0 	 1 	 4 	 14 	 0.688367 	 5029.639034 	 99 
0 	 1 	 4 	 15 	 0.709932 	 2895.851335 	 64 
0 	 1 	 4 	 16 	 0.706670 	 11792.487018 	 83 
0 	 1 	 4 	 17 	 0.708642 	 117188.500795 	 88 
0 	 1 	 4 	 18 	 0.743133 	 678.802824 	 93 
0 	 1 	 4 	 19 	 0.647740 	 3441.777650 	 88 
0 	 1 	 4 	 20 	 0.711844 	 38968.859092 	 111 
0 	 1 	 4 	 21 	 0.708890 	 4496.725982 	 132 
0 	 1 	 4 	 22 	 0.722043 	 5789.660262 	 124 
0 	 1 	 4 	 23 	 0.687852 	 5570.344576 	 124 
0 	 1 	 4 	 24 	 0.694438 	 5987.468025 	 140 
0 	 1 	 4 	 25 	 0.646862 	 886.682236 	 115 
0 	 1 	 4 	 26 	 0.690804 	 18994.210926 	 118 
0 	 1 	 4 	 27 	 0.686946 	 832.696345 	 79 
0 	 1 	 4 	 28 	 0.714711 	 15328.989818 	 91 
0 	 1 	 4 	 29 	 0.664646 	 7782.310427 	 81 
0 	 1 	 4 	 30 	 0.753778 	 789.958277 	 67 
0 	 1 	 4 	 31 	 0.698925 	 7256.628468 	 70 
0 	 1 	 5 	 0 	 0.000000 	 1000.000000 	 0 
0 	 1 	 5 	 1 	 0.000000 	 1000.000000 	 0 
0 	 1 	 5 	 2 	 0.000000 	 1000.000000 	 0 
0 	 1 	 5 	 3 	 0.000000 	 1000.000000 	 0 
0 	 1 	 5 	 4 	 0.000000 	 1000.000000 	 0 
0 	 1 	 5 	 5 	 0.000000 	 1000.000000 	 0 
0 	 1 	 5 	 6 	 0.000000 	 1000.000000 	 0 
0 	 1 	 5 	 7 	 0.000000 	 1000.000000 	 0 
0 	 1 	 5 	 8 	 0.000000 	 1000.000000 	 0 
0 	 1 	 5 	 9 	 0.000000 	 1000.000000 	 0 
0 	 1 	 5 	 10 	 0.000000 	 1000.000000 	 0 
0 	 1 	 5 	 11 	 0.000000 	 1000.000000 	 0 
0 	 1 	 5 	 12 	 0.000000 	 1000.000000 	 0 
0 	 1 	 5 	 13 	 0.000000 	 1000.000000 	 0 
0 	 1 	 5 	 14 	 0.000000 	 1000.000000 	 0 
0 	 1 	 5 	 15 	 0.000000 	 1000.000000 	 0 
0 	 1 	 5 	 16 	 0.000000 	 1000.000000 	 0 
0 	 1 	 5 	 17 	 0.000000 	 1000.000000 	 0 
0 	 1 	 5 	 18 	 0.000000 	 1000.000000 	 0 
0 	 1 	 5 	 19 	 0.000000 	 1000.000000 	 0 
0 	 1 	 5 	 20 	 0.000000 	 1000.000000 	 0 
0 	 1 	 5 	 21 	 0.000000 	 1000.000000 	 0 
0 	 1 	 5 	 22 	 0.000000 	 1000.000000 	 0 
0 	 1 	 5 	 23 	 0.000000 	 1000.000000 	 0 
0 	 1 	 5 	 24 	 0.000000 	 1000.000000 	 0 
0 	 1 	 5 	 25 	 0.000000 	 1000.000000 	 0 
0 	 1 	 5 	 26 	 0.000000 	 1000.000000 	 0 
0 	 1 	 5 	 27 	 0.000000 	 1000.000000 	 0 
0 	 1 	 5 	 28 	 0.000000 	 1000.000000 	 0 
0 	 1 	 5 	 29 	 0.000000 	 1000.000000 	 0 
0 	 1 	 5 	 30 	 0.000000 	 1000.000000 	 0 
0 	 1 	 5 	 31 	 0.000000 	 1000.000000 	 0 
0 	 2 	 0 	 0 	 0.000000 	 1000.000000 	 0 
0 	 2 	 0 	 1 	 0.000000 	 1000.000000 	 0 
0 	 2 	 0 	 2 	 0.000000 	 1000.000000 	 0 
0 	 2 	 0 	 3 	 0.000000 	 1000.000000 	 0 
0 	 2 	 0 	 4 	 0.000000 	 1000.000000 	 0 
0 	 2 	 0 	 5 	 0.000000 	 1000.000000 	 0 
0 	 2 	 0 	 6 	 0.000000 	 1000.000000 	 0 
0 	 2 	 0 	 7 	 0.000000 	 1000.000000 	 0 
0 	 2 	 0 	 8 	 0.000000 	 1000.000000 	 0 
0 	 2 	 0 	 9 	 0.000000 	 1000.000000 	 0 
0 	 2 	 0 	 10 	 0.000000 	 1000.000000 	 0 
0 	 2 	 0 	 11 	 0.000000 	 1000.000000 	 0 
0 	 2 	 0 	 12 	 0.000000 	 1000.000000 	 0 
0 	 2 	 0 	 13 	 0.000000 	 1000.000000 	 0 
0 	 2 	 0 	 14 	 0.000000 	 1000.000000 	 0 
0 	 2 	 0 	 15 	 0.000000 	 1000.000000 	 0 
0 	 2 	 0 	 16 	 0.000000 	 1000.000000 	 0 
0 	 2 	 0 	 17 	 0.000000 	 1000.000000 	 0 
0 	 2 	 0 	 18 	 0.000000 	 1000.000000 	 0 
0 	 2 	 0 	 19 	 0.000000 	 1000.000000 	 0 
0 	 2 	 0 	 20 	 0.000000 	 1000.000000 	 0 
0 	 2 	 0 	 21 	 0.000000 	 1000.000000 	 0 
0 	 2 	 0 	 22 	 0.000000 	 1000.000000 	 0 
0 	 2 	 0 	 23 	 0.000000 	 1000.000000 	 0 
0 	 2 	 0 	 24 	 0.000000 	 1000.000000 	 0 
0 	 2 	 0 	 25 	 0.000000 	 1000.000000 	 0 
0 	 2 	 0 	 26 	 0.000000 	 1000.000000 	 0 
0 	 2 	 0 	 27 	 0.000000 	 1000.000000 	 0 
0 	 2 	 0 	 28 	 0.000000 	 1000.000000 	 0 
0 	 2 	 0 	 29 	 0.000000 	 1000.000000 	 0 
0 	 2 	 0 	 30 	 0.000000 	 1000.000000 	 0 
0 	 2 	 0 	 31 	 0.000000 	 1000.000000 	 0 
0 	 2 	 1 	 0 	 0.000000 	 1000.000000 	 0 
0 	 2 	 1 	 1 	 0.000000 	 1000.000000 	 0 
0 	 2 	 1 	 2 	 0.000000 	 1000.000000 	 0 
0 	 2 	 1 	 3 	 0.000000 	 1000.000000 	 0 
0 	 2 	 1 	 4 	 0.000000 	 1000.000000 	 0 
0 	 2 	 1 	 5 	 0.000000 	 1000.000000 	 0 
0 	 2 	 1 	 6 	 0.000000 	 1000.000000 	 0 
0 	 2 	 1 	 7 	 0.000000 	 1000.000000 	 0 
0 	 2 	 1 	 8 	 0.000000 	 1000.000000 	 0 
0 	 2 	 1 	 9 	 0.000000 	 1000.000000 	 0 
0 	 2 	 1 	 10 	 0.000000 	 1000.000000 	 0 
0 	 2 	 1 	 11 	 0.000000 	 1000.000000 	 0 
0 	 2 	 1 	 12 	 0.000000 	 1000.000000 	 0 
0 	 2 	 1 	 13 	 0.000000 	 1000.000000 	 0 
0 	 2 	 1 	 14 	 0.000000 	 1000.000000 	 0 
0 	 2 	 1 	 15 	 0.000000 	 1000.000000 	 0 
0 	 2 	 1 	 16 	 0.000000 	 1000.000000 	 0 
0 	 2 	 1 	 17 	 0.000000 	 1000.000000 	 0 
0 	 2 	 1 	 18 	 0.000000 	 1000.000000 	 0 
0 	 2 	 1 	 19 	 0.000000 	 1000.000000 	 0 
0 	 2 	 1 	 20 	 0.000000 	 1000.000000 	 0 
0 	 2 	 1 	 21 	 0.000000 	 1000.000000 	 0 
0 	 2 	 1 	 22 	 0.000000 	 1000.000000 	 0 
0 	 2 	 1 	 23 	 0.000000 	 1000.000000 	 0 
0 	 2 	 1 	 24 	 0.000000 	 1000.000000 	 0 
0 	 2 	 1 	 25 	 0.000000 	 1000.000000 	 0 
0 	 2 	 1 	 26 	 0.000000 	 1000.000000 	 0 
0 	 2 	 1 	 27 	 0.000000 	 1000.000000 	 0 
0 	 2 	 1 	 28 	 0.000000 	 1000.000000 	 0 
0 	 2 	 1 	 29 	 0.000000 	 1000.000000 	 0 
0 	 2 	 1 	 30 	 0.000000 	 1000.000000 	 0 
0 	 2 	 1 	 31 	 0.000000 	 1000.000000 	 0 
0 	 2 	 2 	 0 	 0.000000 	 1000.000000 	 0 
0 	 2 	 2 	 1 	 0.000000 	 1000.000000 	 0 
0 	 2 	 2 	 2 	 0.000000 	 1000.000000 	 0 
0 	 2 	 2 	 3 	 0.000000 	 1000.000000 	 0 
0 	 2 	 2 	 4 	 0.000000 	 1000.000000 	 0 
0 	 2 	 2 	 5 	 0.000000 	 1000.000000 	 0 
0 	 2 	 2 	 6 	 0.000000 	 1000.000000 	 0 
0 	 2 	 2 	 7 	 0.000000 	 1000.000000 	 0 
0 	 2 	 2 	 8 	 0.000000 	 1000.000000 	 0 
0 	 2 	 2 	 9 	 0.000000 	 1000.000000 	 0 
0 	 2 	 2 	 10 	 0.000000 	 1000.000000 	 0 
0 	 2 	 2 	 11 	 0.000000 	 1000.000000 	 0 
0 	 2 	 2 	 12 	 0.000000 	 1000.000000 	 0 
0 	 2 	 2 	 13 	 0.000000 	 1000.000000 	 0 
0 	 2 	 2 	 14 	 0.000000 	 1000.000000 	 0 
0 	 2 	 2 	 15 	 0.000000 	 1000.000000 	 0 
0 	 2 	 2 	 16 	 0.000000 	 1000.000000 	 0 
0 	 2 	 2 	 17 	 0.000000 	 1000.000000 	 0 
0 	 2 	 2 	 18 	 0.000000 	 1000.000000 	 0 
0 	 2 	 2 	 19 	 0.000000 	 1000.000000 	 0 
0 	 2 	 2 	 20 	 0.000000 	 1000.000000 	 0 
0 	 2 	 2 	 21 	 0.000000 	 1000.000000 	 0 
0 	 2 	 2 	 22 	 0.000000 	 1000.000000 	 0 
0 	 2 	 2 	 23 	 0.000000 	 1000.000000 	 0 
0 	 2 	 2 	 24 	 0.000000 	 1000.000000 	 0 
0 	 2 	 2 	 25 	 0.000000 	 1000.000000 	 0 
0 	 2 	 2 	 26 	 0.000000 	 1000.000000 	 0 
0 	 2 	 2 	 27 	 0.000000 	 1000.000000 	 0 
0 	 2 	 2 	 28 	 0.000000 	 1000.000000 	 0 
0 	 2 	 2 	 29 	 0.000000 	 1000.000000 	 0 
0 	 2 	 2 	 30 	 0.000000 	 1000.000000 	 0 
0 	 2 	 2 	 31 	 0.000000 	 1000.000000 	 0 
0 	 2 	 3 	 0 	 0.000000 	 1000.000000 	 0 
0 	 2 	 3 	 1 	 0.000000 	 1000.000000 	 0 
0 	 2 	 3 	 2 	 0.000000 	 1000.000000 	 0 
0 	 2 	 3 	 3 	 0.000000 	 1000.000000 	 0 
0 	 2 	 3 	 4 	 0.000000 	 1000.000000 	 0 
0 	 2 	 3 	 5 	 0.000000 	 1000.000000 	 0 
0 	 2 	 3 	 6 	 0.000000 	 1000.000000 	 0 
0 	 2 	 3 	 7 	 0.000000 	 1000.000000 	 0 
0 	 2 	 3 	 8 	 0.000000 	 1000.000000 	 0 
0 	 2 	 3 	 9 	 0.000000 	 1000.000000 	 0 
0 	 2 	 3 	 10 	 0.000000 	 1000.000000 	 0 
0 	 2 	 3 	 11 	 0.000000 	 1000.000000 	 0 
0 	 2 	 3 	 12 	 0.000000 	 1000.000000 	 0 
0 	 2 	 3 	 13 	 0.000000 	 1000.000000 	 0 
0 	 2 	 3 	 14 	 0.000000 	 1000.000000 	 0 
0 	 2 	 3 	 15 	 0.000000 	 1000.000000 	 0 
0 	 2 	 3 	 16 	 0.000000 	 1000.000000 	 0 
0 	 2 	 3 	 17 	 0.000000 	 1000.000000 	 0 
0 	 2 	 3 	 18 	 0.000000 	 1000.000000 	 0 
0 	 2 	 3 	 19 	 0.000000 	 1000.000000 	 0 
0 	 2 	 3 	 20 	 0.000000 	 1000.000000 	 0 
0 	 2 	 3 	 21 	 0.000000 	 1000.000000 	 0 
0 	 2 	 3 	 22 	 0.000000 	 1000.000000 	 0 
0 	 2 	 3 	 23 	 0.000000 	 1000.000000 	 0 
0 	 2 	 3 	 24 	 0.000000 	 1000.000000 	 0 
0 	 2 	 3 	 25 	 0.000000 	 1000.000000 	 0 
0 	 2 	 3 	 26 	 0.000000 	 1000.000000 	 0 
0 	 2 	 3 	 27 	 0.000000 	 1000.000000 	 0 
0 	 2 	 3 	 28 	 0.000000 	 1000.000000 	 0 
0 	 2 	 3 	 29 	 0.000000 	 1000.000000 	 0 
0 	 2 	 3 	 30 	 0.000000 	 1000.000000 	 0 
0 	 2 	 3 	 31 	 0.000000 	 1000.000000 	 0 
0 	 2 	 4 	 0 	 0.000000 	 1000.000000 	 0 
0 	 2 	 4 	 1 	 0.000000 	 1000.000000 	 0 
0 	 2 	 4 	 2 	 0.000000 	 1000.000000 	 0 
0 	 2 	 4 	 3 	 0.000000 	 1000.000000 	 0 
0 	 2 	 4 	 4 	 0.000000 	 1000.000000 	 0 
0 	 2 	 4 	 5 	 0.000000 	 1000.000000 	 0 
0 	 2 	 4 	 6 	 0.000000 	 1000.000000 	 0 
0 	 2 	 4 	 7 	 0.000000 	 1000.000000 	 0 
0 	 2 	 4 	 8 	 0.000000 	 1000.000000 	 0 
0 	 2 	 4 	 9 	 0.000000 	 1000.000000 	 0 
0 	 2 	 4 	 10 	 0.000000 	 1000.000000 	 0 
0 	 2 	 4 	 11 	 0.000000 	 1000.000000 	 0 
0 	 2 	 4 	 12 	 0.000000 	 1000.000000 	 0 
0 	 2 	 4 	 13 	 0.000000 	 1000.000000 	 0 
0 	 2 	 4 	 14 	 0.000000 	 1000.000000 	 0 
0 	 2 	 4 	 15 	 0.000000 	 1000.000000 	 0 
0 	 2 	 4 	 16 	 0.000000 	 1000.000000 	 0 
0 	 2 	 4 	 17 	 0.000000 	 1000.000000 	 0 
0 	 2 	 4 	 18 	 0.000000 	 1000.000000 	 0 
0 	 2 	 4 	 19 	 0.000000 	 1000.000000 	 0 
0 	 2 	 4 	 20 	 0.000000 	 1000.000000 	 0 
0 	 2 	 4 	 21 	 0.000000 	 1000.000000 	 0 
0 	 2 	 4 	 22 	 0.000000 	 1000.000000 	 0 
0 	 2 	 4 	 23 	 0.000000 	 1000.000000 	 0 
0 	 2 	 4 	 24 	 0.000000 	 1000.000000 	 0 
0 	 2 	 4 	 25 	 0.000000 	 1000.000000 	 0 
0 	 2 	 4 	 26 	 0.000000 	 1000.000000 	 0 
0 	 2 	 4 	 27 	 0.000000 	 1000.000000 	 0 
0 	 2 	 4 	 28 	 0.000000 	 1000.000000 	 0 
0 	 2 	 4 	 29 	 0.000000 	 1000.000000 	 0 
0 	 2 	 4 	 30 	 0.000000 	 1000.000000 	 0 
0 	 2 	 4 	 31 	 0.000000 	 1000.000000 	 0 
0 	 2 	 5 	 0 	 0.000000 	 1000.000000 	 0 
0 	 2 	 5 	 1 	 0.000000 	 1000.000000 	 0 
0 	 2 	 5 	 2 	 0.000000 	 1000.000000 	 0 
0 	 2 	 5 	 3 	 0.000000 	 1000.000000 	 0 
0 	 2 	 5 	 4 	 0.000000 	 1000.000000 	 0 
0 	 2 	 5 	 5 	 0.000000 	 1000.000000 	 0 
0 	 2 	 5 	 6 	 0.000000 	 1000.000000 	 0 
0 	 2 	 5 	 7 	 0.000000 	 1000.000000 	 0 
0 	 2 	 5 	 8 	 0.000000 	 1000.000000 	 0 
0 	 2 	 5 	 9 	 0.000000 	 1000.000000 	 0 
0 	 2 	 5 	 10 	 0.000000 	 1000.000000 	 0 
0 	 2 	 5 	 11 	 0.000000 	 1000.000000 	 0 
0 	 2 	 5 	 12 	 0.000000 	 1000.000000 	 0 
0 	 2 	 5 	 13 	 0.000000 	 1000.000000 	 0 
0 	 2 	 5 	 14 	 0.000000 	 1000.000000 	 0 
0 	 2 	 5 	 15 	 0.000000 	 1000.000000 	 0 
0 	 2 	 5 	 16 	 0.000000 	 1000.000000 	 0 
0 	 2 	 5 	 17 	 0.000000 	 1000.000000 	 0 
0 	 2 	 5 	 18 	 0.000000 	 1000.000000 	 0 
0 	 2 	 5 	 19 	 0.000000 	 1000.000000 	 0 
0 	 2 	 5 	 20 	 0.000000 	 1000.000000 	 0 
0 	 2 	 5 	 21 	 0.000000 	 1000.000000 	 0 
0 	 2 	 5 	 22 	 0.000000 	 1000.000000 	 0 
0 	 2 	 5 	 23 	 0.000000 	 1000.000000 	 0 
0 	 2 	 5 	 24 	 0.000000 	 1000.000000 	 0 
0 	 2 	 5 	 25 	 0.000000 	 1000.000000 	 0 
0 	 2 	 5 	 26 	 0.000000 	 1000.000000 	 0 
0 	 2 	 5 	 27 	 0.000000 	 1000.000000 	 0 
0 	 2 	 5 	 28 	 0.000000 	 1000.000000 	 0 
0 	 2 	 5 	 29 	 0.000000 	 1000.000000 	 0 
0 	 2 	 5 	 30 	 0.000000 	 1000.000000 	 0 
0 	 2 	 5 	 31 	 0.000000 	 1000.000000 	 0 
0 	 3 	 0 	 0 	 0.715347 	 18679.163905 	 220 
0 	 3 	 0 	 1 	 0.683971 	 1218.494519 	 246 
0 	 3 	 0 	 2 	 0.688972 	 8897.094712 	 224 
0 	 3 	 0 	 3 	 0.714379 	 13913.843837 	 256 
0 	 3 	 0 	 4 	 0.713713 	 21127.964736 	 262 
0 	 3 	 0 	 5 	 0.714463 	 23657.136500 	 242 
0 	 3 	 0 	 6 	 0.698698 	 13657.208528 	 269 
0 	 3 	 0 	 7 	 0.716872 	 15730.643448 	 260 
0 	 3 	 0 	 8 	 0.714502 	 12200.122366 	 251 
0 	 3 	 0 	 9 	 0.704155 	 17208.745711 	 246 
0 	 3 	 0 	 10 	 0.000000 	 1000.000000 	 0 
0 	 3 	 0 	 11 	 0.709005 	 21396.593320 	 294 
0 	 3 	 0 	 12 	 0.701028 	 16019.452147 	 273 
0 	 3 	 0 	 13 	 0.720970 	 19079.365601 	 253 
0 	 3 	 0 	 14 	 0.709951 	 9625.578416 	 254 
0 	 3 	 0 	 15 	 0.707194 	 9439.811054 	 254 
0 	 3 	 0 	 16 	 0.736684 	 22356.148560 	 258 
0 	 3 	 0 	 17 	 0.716545 	 26729.178336 	 238 
0 	 3 	 0 	 18 	 0.708463 	 18543.838735 	 210 
0 	 3 	 0 	 19 	 0.704663 	 11721.445885 	 221 
0 	 3 	 0 	 20 	 0.717911 	 17713.363546 	 221 
0 	 3 	 0 	 21 	 0.717625 	 14976.268658 	 220 
0 	 3 	 0 	 22 	 0.704052 	 8417.195193 	 188 
0 	 3 	 0 	 23 	 0.709899 	 9282.011474 	 160 
0 	 3 	 0 	 24 	 0.717289 	 7559.414295 	 150 
0 	 3 	 0 	 25 	 0.000000 	 1000.000000 	 0 
0 	 3 	 0 	 26 	 0.712554 	 13857.774411 	 198 
0 	 3 	 0 	 27 	 0.717826 	 9110.807456 	 198 
0 	 3 	 0 	 28 	 0.641501 	 1348.712151 	 235 
0 	 3 	 0 	 29 	 0.617498 	 1240.891195 	 253 
0 	 3 	 0 	 30 	 0.709417 	 20187.426052 	 225 
0 	 3 	 0 	 31 	 0.715728 	 27176.338987 	 241 
0 	 3 	 1 	 0 	 0.697851 	 15067.212266 	 282 
0 	 3 	 1 	 1 	 0.713482 	 9636.132942 	 271 
0 	 3 	 1 	 2 	 0.696306 	 11839.781276 	 274 
0 	 3 	 1 	 3 	 0.712006 	 11582.076954 	 257 
0 	 3 	 1 	 4 	 0.702449 	 15011.567237 	 267 
0 	 3 	 1 	 5 	 0.703458 	 15645.391634 	 246 
0 	 3 	 1 	 6 	 0.713223 	 20165.432375 	 258 
0 	 3 	 1 	 7 	 0.720000 	 9599.318254 	 255 
0 	 3 	 1 	 8 	 0.710362 	 19965.379933 	 269 
0 	 3 	 1 	 9 	 0.732814 	 30211.557946 	 254 
0 	 3 	 1 	 10 	 0.707008 	 26034.023646 	 258 
0 	 3 	 1 	 11 	 0.721940 	 14893.916235 	 247 
0 	 3 	 1 	 12 	 0.749081 	 19166.826160 	 277 
0 	 3 	 1 	 13 	 0.718585 	 27198.241716 	 277 
0 	 3 	 1 	 14 	 0.707572 	 17378.018400 	 288 
0 	 3 	 1 	 15 	 0.709071 	 10597.137164 	 276 
0 	 3 	 1 	 16 	 0.718129 	 34311.144991 	 284 
0 	 3 	 1 	 17 	 0.732507 	 30018.116574 	 221 
0 	 3 	 1 	 18 	 0.698795 	 15496.543209 	 226 
0 	 3 	 1 	 19 	 0.714662 	 13174.462679 	 203 
0 	 3 	 1 	 20 	 0.706415 	 11511.646868 	 231 
0 	 3 	 1 	 21 	 0.671187 	 1321.397723 	 191 
0 	 3 	 1 	 22 	 0.703462 	 9454.658170 	 162 
0 	 3 	 1 	 23 	 0.718400 	 9620.602245 	 177 
0 	 3 	 1 	 24 	 0.720723 	 7026.834302 	 157 
0 	 3 	 1 	 25 	 0.700607 	 8362.175112 	 200 
0 	 3 	 1 	 26 	 0.700411 	 5992.921221 	 201 
0 	 3 	 1 	 27 	 0.731327 	 13723.632169 	 222 
0 	 3 	 1 	 28 	 0.711981 	 19158.916756 	 215 
0 	 3 	 1 	 29 	 0.735663 	 55361.082694 	 206 
0 	 3 	 1 	 30 	 0.709470 	 10273.244699 	 231 
0 	 3 	 1 	 31 	 0.701824 	 18123.100442 	 257 
0 	 3 	 2 	 0 	 0.000000 	 1000.000000 	 0 
0 	 3 	 2 	 1 	 0.715071 	 29427.941316 	 269 
0 	 3 	 2 	 2 	 0.709721 	 28048.317199 	 234 
0 	 3 	 2 	 3 	 0.703095 	 11648.968274 	 250 
0 	 3 	 2 	 4 	 0.730143 	 49022.443134 	 254 
0 	 3 	 2 	 5 	 0.697761 	 13429.544289 	 245 
0 	 3 	 2 	 6 	 0.702111 	 25442.432274 	 270 
0 	 3 	 2 	 7 	 0.707316 	 9700.497367 	 263 
0 	 3 	 2 	 8 	 0.720417 	 19898.737811 	 257 
0 	 3 	 2 	 9 	 0.703370 	 13671.765100 	 226 
0 	 3 	 2 	 10 	 0.000000 	 1000.000000 	 0 
0 	 3 	 2 	 11 	 0.723834 	 12515.272148 	 250 
0 	 3 	 2 	 12 	 0.710415 	 21740.115633 	 288 
0 	 3 	 2 	 13 	 0.721665 	 29841.134626 	 255 
0 	 3 	 2 	 14 	 0.717239 	 18163.333650 	 274 
0 	 3 	 2 	 15 	 0.704758 	 14294.187816 	 260 
0 	 3 	 2 	 16 	 0.708740 	 16658.377345 	 233 
0 	 3 	 2 	 17 	 0.717149 	 20131.637577 	 237 
0 	 3 	 2 	 18 	 0.708206 	 21777.430724 	 239 
0 	 3 	 2 	 19 	 0.708020 	 1049.500600 	 198 
0 	 3 	 2 	 20 	 0.717354 	 8373.502454 	 209 
0 	 3 	 2 	 21 	 0.586235 	 1148.775800 	 210 
0 	 3 	 2 	 22 	 0.706152 	 627.142391 	 185 
0 	 3 	 2 	 23 	 0.707611 	 12540.408531 	 171 
0 	 3 	 2 	 24 	 0.708111 	 6056.343168 	 171 
0 	 3 	 2 	 25 	 0.713814 	 14972.323787 	 216 
0 	 3 	 2 	 26 	 0.698852 	 9475.277840 	 185 
0 	 3 	 2 	 27 	 0.727950 	 15606.054949 	 205 
0 	 3 	 2 	 28 	 0.724818 	 15859.586663 	 215 
0 	 3 	 2 	 29 	 0.708247 	 12439.304311 	 234 
0 	 3 	 2 	 30 	 0.711565 	 8355.046951 	 208 
0 	 3 	 2 	 31 	 0.716721 	 32188.473719 	 236 
0 	 3 	 3 	 0 	 0.000000 	 1000.000000 	 0 
0 	 3 	 3 	 1 	 0.000000 	 1000.000000 	 0 
0 	 3 	 3 	 2 	 0.000000 	 1000.000000 	 0 
0 	 3 	 3 	 3 	 0.000000 	 1000.000000 	 0 
0 	 3 	 3 	 4 	 0.000000 	 1000.000000 	 0 
0 	 3 	 3 	 5 	 0.000000 	 1000.000000 	 0 
0 	 3 	 3 	 6 	 0.000000 	 1000.000000 	 0 
0 	 3 	 3 	 7 	 0.000000 	 1000.000000 	 0 
0 	 3 	 3 	 8 	 0.000000 	 1000.000000 	 0 
0 	 3 	 3 	 9 	 0.000000 	 1000.000000 	 0 
0 	 3 	 3 	 10 	 0.000000 	 1000.000000 	 0 
0 	 3 	 3 	 11 	 0.000000 	 1000.000000 	 0 
0 	 3 	 3 	 12 	 0.000000 	 1000.000000 	 0 
0 	 3 	 3 	 13 	 0.000000 	 1000.000000 	 0 
0 	 3 	 3 	 14 	 0.000000 	 1000.000000 	 0 
0 	 3 	 3 	 15 	 0.000000 	 1000.000000 	 0 
0 	 3 	 3 	 16 	 0.000000 	 1000.000000 	 0 
0 	 3 	 3 	 17 	 0.000000 	 1000.000000 	 0 
0 	 3 	 3 	 18 	 0.000000 	 1000.000000 	 0 
0 	 3 	 3 	 19 	 0.000000 	 1000.000000 	 0 
0 	 3 	 3 	 20 	 0.000000 	 1000.000000 	 0 
0 	 3 	 3 	 21 	 0.000000 	 1000.000000 	 0 
0 	 3 	 3 	 22 	 0.000000 	 1000.000000 	 0 
0 	 3 	 3 	 23 	 0.000000 	 1000.000000 	 0 
0 	 3 	 3 	 24 	 0.000000 	 1000.000000 	 0 
0 	 3 	 3 	 25 	 0.000000 	 1000.000000 	 0 
0 	 3 	 3 	 26 	 0.000000 	 1000.000000 	 0 
0 	 3 	 3 	 27 	 0.000000 	 1000.000000 	 0 
0 	 3 	 3 	 28 	 0.000000 	 1000.000000 	 0 
0 	 3 	 3 	 29 	 0.000000 	 1000.000000 	 0 
0 	 3 	 3 	 30 	 0.000000 	 1000.000000 	 0 
0 	 3 	 3 	 31 	 0.000000 	 1000.000000 	 0 
0 	 3 	 4 	 0 	 0.715262 	 12196.280276 	 237 
0 	 3 	 4 	 1 	 0.711971 	 13386.326795 	 271 
0 	 3 	 4 	 2 	 0.701775 	 22186.000674 	 258 
0 	 3 	 4 	 3 	 0.714602 	 7468.066483 	 257 
0 	 3 	 4 	 4 	 0.000000 	 1000.000000 	 0 
0 	 3 	 4 	 5 	 0.723841 	 29961.793279 	 270 
0 	 3 	 4 	 6 	 0.711835 	 11261.184345 	 254 
0 	 3 	 4 	 7 	 0.711698 	 11644.792276 	 219 
0 	 3 	 4 	 8 	 0.709963 	 50042.542967 	 269 
0 	 3 	 4 	 9 	 0.715724 	 14601.406009 	 274 
0 	 3 	 4 	 10 	 0.709249 	 14986.683807 	 251 
0 	 3 	 4 	 11 	 0.723831 	 20528.237632 	 223 
0 	 3 	 4 	 12 	 0.699983 	 14997.175702 	 258 
0 	 3 	 4 	 13 	 0.697792 	 18089.223913 	 244 
0 	 3 	 4 	 14 	 0.718770 	 10099.074955 	 230 
0 	 3 	 4 	 15 	 0.701503 	 9312.121822 	 249 
0 	 3 	 4 	 16 	 0.716849 	 13449.975483 	 225 
0 	 3 	 4 	 17 	 0.710492 	 13928.505704 	 241 
0 	 3 	 4 	 18 	 0.713238 	 12795.305815 	 212 
0 	 3 	 4 	 19 	 0.704944 	 9886.043567 	 228 
0 	 3 	 4 	 20 	 0.701010 	 12336.118383 	 195 
0 	 3 	 4 	 21 	 0.710587 	 9513.772832 	 213 
0 	 3 	 4 	 22 	 0.685242 	 12709.550120 	 192 
0 	 3 	 4 	 23 	 0.723555 	 17174.341112 	 190 
0 	 3 	 4 	 24 	 0.677315 	 816.590941 	 167 
0 	 3 	 4 	 25 	 0.000000 	 1000.000000 	 0 
0 	 3 	 4 	 26 	 0.648738 	 1049.596311 	 207 
0 	 3 	 4 	 27 	 0.726333 	 93459.294247 	 216 
0 	 3 	 4 	 28 	 0.708642 	 12614.213841 	 209 
0 	 3 	 4 	 29 	 0.712597 	 19065.151974 	 214 
0 	 3 	 4 	 30 	 0.720741 	 20966.926814 	 229 
0 	 3 	 4 	 31 	 0.719849 	 26707.098742 	 225 
0 	 3 	 5 	 0 	 0.653889 	 1030.058708 	 206 
0 	 3 	 5 	 1 	 0.700935 	 13967.766702 	 255 
0 	 3 	 5 	 2 	 0.702207 	 12244.050619 	 216 
0 	 3 	 5 	 3 	 0.721315 	 18594.621108 	 257 
0 	 3 	 5 	 4 	 0.712681 	 11066.370218 	 213 
0 	 3 	 5 	 5 	 0.713614 	 13942.503003 	 242 
0 	 3 	 5 	 6 	 0.714107 	 16416.201373 	 260 
0 	 3 	 5 	 7 	 0.696606 	 1727.146039 	 261 
0 	 3 	 5 	 8 	 0.000000 	 1000.000000 	 0 
0 	 3 	 5 	 9 	 0.706779 	 9133.309075 	 211 
0 	 3 	 5 	 10 	 0.713304 	 11650.110703 	 208 
0 	 3 	 5 	 11 	 0.697330 	 15616.763631 	 251 
0 	 3 	 5 	 12 	 0.700534 	 34421.382932 	 232 
0 	 3 	 5 	 13 	 0.728483 	 41251.374679 	 233 
0 	 3 	 5 	 14 	 0.703794 	 10632.412017 	 236 
0 	 3 	 5 	 15 	 0.000000 	 1000.000000 	 0 
0 	 3 	 5 	 16 	 0.714761 	 27952.818724 	 236 
0 	 3 	 5 	 17 	 0.709755 	 10225.944665 	 216 
0 	 3 	 5 	 18 	 0.710660 	 17687.819055 	 245 
0 	 3 	 5 	 19 	 0.703911 	 6097.054594 	 207 
0 	 3 	 5 	 20 	 0.703871 	 12108.498771 	 216 
0 	 3 	 5 	 21 	 0.714793 	 7398.718141 	 173 
0 	 3 	 5 	 22 	 0.748496 	 19875.810969 	 181 
0 	 3 	 5 	 23 	 0.722145 	 38578.502476 	 164 
0 	 3 	 5 	 24 	 0.708025 	 6287.492262 	 161 
0 	 3 	 5 	 25 	 0.729620 	 18019.101144 	 150 
0 	 3 	 5 	 26 	 0.715360 	 11050.364061 	 188 
0 	 3 	 5 	 27 	 0.734312 	 24556.379527 	 205 
0 	 3 	 5 	 28 	 0.706360 	 18010.272694 	 210 
0 	 3 	 5 	 29 	 0.714946 	 12076.883694 	 199 
0 	 3 	 5 	 30 	 0.710479 	 6780.595404 	 199 
0 	 3 	 5 	 31 	 0.718472 	 17434.035698 	 229 
0 	 4 	 0 	 0 	 0.000000 	 1000.000000 	 0 
0 	 4 	 0 	 1 	 0.000000 	 1000.000000 	 0 
0 	 4 	 0 	 2 	 0.000000 	 1000.000000 	 0 
0 	 4 	 0 	 3 	 0.000000 	 1000.000000 	 0 
0 	 4 	 0 	 4 	 0.000000 	 1000.000000 	 0 
0 	 4 	 0 	 5 	 0.000000 	 1000.000000 	 0 
0 	 4 	 0 	 6 	 0.000000 	 1000.000000 	 0 
0 	 4 	 0 	 7 	 0.000000 	 1000.000000 	 0 
0 	 4 	 0 	 8 	 0.000000 	 1000.000000 	 0 
0 	 4 	 0 	 9 	 0.000000 	 1000.000000 	 0 
0 	 4 	 0 	 10 	 0.000000 	 1000.000000 	 0 
0 	 4 	 0 	 11 	 0.000000 	 1000.000000 	 0 
0 	 4 	 0 	 12 	 0.000000 	 1000.000000 	 0 
0 	 4 	 0 	 13 	 0.000000 	 1000.000000 	 0 
0 	 4 	 0 	 14 	 0.000000 	 1000.000000 	 0 
0 	 4 	 0 	 15 	 0.000000 	 1000.000000 	 0 
0 	 4 	 0 	 16 	 0.000000 	 1000.000000 	 0 
0 	 4 	 0 	 17 	 0.000000 	 1000.000000 	 0 
0 	 4 	 0 	 18 	 0.000000 	 1000.000000 	 0 
0 	 4 	 0 	 19 	 0.000000 	 1000.000000 	 0 
0 	 4 	 0 	 20 	 0.000000 	 1000.000000 	 0 
0 	 4 	 0 	 21 	 0.000000 	 1000.000000 	 0 
0 	 4 	 0 	 22 	 0.000000 	 1000.000000 	 0 
0 	 4 	 0 	 23 	 0.000000 	 1000.000000 	 0 
0 	 4 	 0 	 24 	 0.000000 	 1000.000000 	 0 
0 	 4 	 0 	 25 	 0.000000 	 1000.000000 	 0 
0 	 4 	 0 	 26 	 0.000000 	 1000.000000 	 0 
0 	 4 	 0 	 27 	 0.000000 	 1000.000000 	 0 
0 	 4 	 0 	 28 	 0.000000 	 1000.000000 	 0 
0 	 4 	 0 	 29 	 0.000000 	 1000.000000 	 0 
0 	 4 	 0 	 30 	 0.000000 	 1000.000000 	 0 
0 	 4 	 0 	 31 	 0.000000 	 1000.000000 	 0 
0 	 4 	 1 	 0 	 0.720449 	 13342.415019 	 251 
0 	 4 	 1 	 1 	 0.714286 	 20645.018103 	 259 
0 	 4 	 1 	 2 	 0.000000 	 1000.000000 	 0 
0 	 4 	 1 	 3 	 0.704946 	 12492.785008 	 301 
0 	 4 	 1 	 4 	 0.698346 	 15795.230386 	 264 
0 	 4 	 1 	 5 	 0.000000 	 1000.000000 	 0 
0 	 4 	 1 	 6 	 0.713663 	 9324.713580 	 247 
0 	 4 	 1 	 7 	 0.691348 	 18699.259773 	 274 
0 	 4 	 1 	 8 	 0.718864 	 17558.325677 	 262 
0 	 4 	 1 	 9 	 0.726829 	 40013.719664 	 279 
0 	 4 	 1 	 10 	 0.709367 	 15864.991445 	 260 
0 	 4 	 1 	 11 	 0.715167 	 9998.324283 	 248 
0 	 4 	 1 	 12 	 0.735605 	 15635.906389 	 249 
0 	 4 	 1 	 13 	 0.695659 	 16578.464208 	 236 
0 	 4 	 1 	 14 	 0.723910 	 15958.625337 	 273 
0 	 4 	 1 	 15 	 0.746201 	 1630.835705 	 242 
0 	 4 	 1 	 16 	 0.714996 	 17862.270225 	 248 
0 	 4 	 1 	 17 	 0.706945 	 14076.116896 	 261 
0 	 4 	 1 	 18 	 0.717059 	 21911.307866 	 264 
0 	 4 	 1 	 19 	 0.711870 	 19431.416114 	 259 
0 	 4 	 1 	 20 	 0.704438 	 9848.149897 	 256 
0 	 4 	 1 	 21 	 0.706437 	 14757.676069 	 244 
0 	 4 	 1 	 22 	 0.723593 	 37016.090714 	 265 
0 	 4 	 1 	 23 	 0.707757 	 13497.600486 	 272 
0 	 4 	 1 	 24 	 0.730628 	 39667.778302 	 225 
0 	 4 	 1 	 25 	 0.721147 	 19881.498302 	 263 
0 	 4 	 1 	 26 	 0.697615 	 11886.343721 	 252 
0 	 4 	 1 	 27 	 0.704529 	 12113.360783 	 253 
0 	 4 	 1 	 28 	 0.714929 	 16902.095377 	 262 
0 	 4 	 1 	 29 	 0.681774 	 1060.637847 	 270 
0 	 4 	 1 	 30 	 0.722041 	 21692.680082 	 241 
0 	 4 	 1 	 31 	 0.711474 	 18644.270010 	 265 
0 	 4 	 2 	 0 	 0.706807 	 10171.598390 	 264 
0 	 4 	 2 	 1 	 0.730375 	 29699.494449 	 251 
0 	 4 	 2 	 2 	 0.686251 	 25185.239775 	 230 
0 	 4 	 2 	 3 	 0.704339 	 26775.402013 	 260 
0 	 4 	 2 	 4 	 0.715625 	 29204.780581 	 274 
0 	 4 	 2 	 5 	 0.725310 	 16787.860832 	 255 
0 	 4 	 2 	 6 	 0.722860 	 59544.160125 	 265 
0 	 4 	 2 	 7 	 0.707326 	 11449.953471 	 254 
0 	 4 	 2 	 8 	 0.710642 	 12782.476360 	 240 
0 	 4 	 2 	 9 	 0.711744 	 21129.563104 	 262 
0 	 4 	 2 	 10 	 0.712435 	 19480.374942 	 267 
0 	 4 	 2 	 11 	 0.719476 	 18163.777252 	 257 
0 	 4 	 2 	 12 	 0.000000 	 1000.000000 	 0 
0 	 4 	 2 	 13 	 0.714177 	 15213.342040 	 252 
0 	 4 	 2 	 14 	 0.709973 	 26713.819311 	 268 
0 	 4 	 2 	 15 	 0.718867 	 12313.511492 	 282 
0 	 4 	 2 	 16 	 0.712315 	 25781.222097 	 284 
0 	 4 	 2 	 17 	 0.697632 	 15503.003340 	 237 
0 	 4 	 2 	 18 	 0.715059 	 13524.493975 	 248 
0 	 4 	 2 	 19 	 0.510227 	 1295.358030 	 253 
0 	 4 	 2 	 20 	 0.708257 	 18986.408802 	 257 
0 	 4 	 2 	 21 	 0.712996 	 30529.377007 	 269 
0 	 4 	 2 	 22 	 0.712136 	 1150.625465 	 230 
0 	 4 	 2 	 23 	 0.716460 	 23668.232929 	 249 
0 	 4 	 2 	 24 	 0.707033 	 13660.847784 	 255 
0 	 4 	 2 	 25 	 0.710076 	 9910.190643 	 217 
0 	 4 	 2 	 26 	 0.000000 	 1000.000000 	 0 
0 	 4 	 2 	 27 	 0.719316 	 27090.389114 	 235 
0 	 4 	 2 	 28 	 0.698217 	 20673.990625 	 275 
0 	 4 	 2 	 29 	 -0.105990 	 1281.710334 	 257 
0 	 4 	 2 	 30 	 0.699967 	 16393.003345 	 231 
0 	 4 	 2 	 31 	 0.710315 	 14726.199047 	 245 
0 	 4 	 3 	 0 	 0.711610 	 23593.144781 	 237 
0 	 4 	 3 	 1 	 0.714975 	 15314.544891 	 257 
0 	 4 	 3 	 2 	 0.705865 	 14555.531554 	 260 
0 	 4 	 3 	 3 	 0.718998 	 19830.903747 	 242 
0 	 4 	 3 	 4 	 0.734066 	 45574.389299 	 249 
0 	 4 	 3 	 5 	 0.718940 	 9902.687747 	 246 
0 	 4 	 3 	 6 	 0.705416 	 18875.195214 	 282 
0 	 4 	 3 	 7 	 0.714114 	 20036.150161 	 241 
0 	 4 	 3 	 8 	 0.720835 	 18097.294505 	 244 
0 	 4 	 3 	 9 	 0.696049 	 8745.121474 	 253 
0 	 4 	 3 	 10 	 0.702947 	 15122.648226 	 288 
0 	 4 	 3 	 11 	 0.674073 	 1330.047736 	 260 
0 	 4 	 3 	 12 	 0.707904 	 14075.345835 	 262 
0 	 4 	 3 	 13 	 0.718106 	 36763.508841 	 265 
0 	 4 	 3 	 14 	 0.719994 	 25904.962630 	 239 
0 	 4 	 3 	 15 	 0.703449 	 14029.627928 	 275 
0 	 4 	 3 	 16 	 0.697416 	 9702.833445 	 264 
0 	 4 	 3 	 17 	 0.711497 	 19874.645919 	 246 
0 	 4 	 3 	 18 	 0.000000 	 1000.000000 	 0 
0 	 4 	 3 	 19 	 0.715695 	 1204.046612 	 269 
0 	 4 	 3 	 20 	 0.711668 	 35138.711802 	 235 
0 	 4 	 3 	 21 	 0.713790 	 31547.231257 	 245 
0 	 4 	 3 	 22 	 0.707915 	 2494.035497 	 244 
0 	 4 	 3 	 23 	 0.707635 	 15869.794244 	 253 
0 	 4 	 3 	 24 	 0.712743 	 23252.288430 	 244 
0 	 4 	 3 	 25 	 0.721087 	 20423.901863 	 248 
0 	 4 	 3 	 26 	 0.707874 	 25855.769255 	 227 
0 	 4 	 3 	 27 	 0.698605 	 12933.224144 	 266 
0 	 4 	 3 	 28 	 0.715123 	 21075.239554 	 247 
0 	 4 	 3 	 29 	 0.711479 	 11022.988008 	 250 
0 	 4 	 3 	 30 	 0.722755 	 8881.651627 	 286 
0 	 4 	 3 	 31 	 0.702483 	 17155.914421 	 296 
0 	 4 	 4 	 0 	 0.000000 	 1000.000000 	 0 
0 	 4 	 4 	 1 	 0.000000 	 1000.000000 	 0 
0 	 4 	 4 	 2 	 0.000000 	 1000.000000 	 0 
0 	 4 	 4 	 3 	 0.000000 	 1000.000000 	 0 
0 	 4 	 4 	 4 	 0.000000 	 1000.000000 	 0 
0 	 4 	 4 	 5 	 0.000000 	 1000.000000 	 0 
0 	 4 	 4 	 6 	 0.000000 	 1000.000000 	 0 
0 	 4 	 4 	 7 	 0.000000 	 1000.000000 	 0 
0 	 4 	 4 	 8 	 0.000000 	 1000.000000 	 0 
0 	 4 	 4 	 9 	 0.000000 	 1000.000000 	 0 
0 	 4 	 4 	 10 	 0.000000 	 1000.000000 	 0 
0 	 4 	 4 	 11 	 0.000000 	 1000.000000 	 0 
0 	 4 	 4 	 12 	 0.000000 	 1000.000000 	 0 
0 	 4 	 4 	 13 	 0.000000 	 1000.000000 	 0 
0 	 4 	 4 	 14 	 0.000000 	 1000.000000 	 0 
0 	 4 	 4 	 15 	 0.000000 	 1000.000000 	 0 
0 	 4 	 4 	 16 	 0.000000 	 1000.000000 	 0 
0 	 4 	 4 	 17 	 0.000000 	 1000.000000 	 0 
0 	 4 	 4 	 18 	 0.000000 	 1000.000000 	 0 
0 	 4 	 4 	 19 	 0.000000 	 1000.000000 	 0 
0 	 4 	 4 	 20 	 0.000000 	 1000.000000 	 0 
0 	 4 	 4 	 21 	 0.000000 	 1000.000000 	 0 
0 	 4 	 4 	 22 	 0.000000 	 1000.000000 	 0 
0 	 4 	 4 	 23 	 0.000000 	 1000.000000 	 0 
0 	 4 	 4 	 24 	 0.000000 	 1000.000000 	 0 
0 	 4 	 4 	 25 	 0.000000 	 1000.000000 	 0 
0 	 4 	 4 	 26 	 0.000000 	 1000.000000 	 0 
0 	 4 	 4 	 27 	 0.000000 	 1000.000000 	 0 
0 	 4 	 4 	 28 	 0.000000 	 1000.000000 	 0 
0 	 4 	 4 	 29 	 0.000000 	 1000.000000 	 0 
0 	 4 	 4 	 30 	 0.000000 	 1000.000000 	 0 
0 	 4 	 4 	 31 	 0.000000 	 1000.000000 	 0 
0 	 4 	 5 	 0 	 0.000000 	 1000.000000 	 0 
0 	 4 	 5 	 1 	 0.000000 	 1000.000000 	 0 
0 	 4 	 5 	 2 	 0.000000 	 1000.000000 	 0 
0 	 4 	 5 	 3 	 0.000000 	 1000.000000 	 0 
0 	 4 	 5 	 4 	 0.000000 	 1000.000000 	 0 
0 	 4 	 5 	 5 	 0.000000 	 1000.000000 	 0 
0 	 4 	 5 	 6 	 0.000000 	 1000.000000 	 0 
0 	 4 	 5 	 7 	 0.000000 	 1000.000000 	 0 
0 	 4 	 5 	 8 	 0.000000 	 1000.000000 	 0 
0 	 4 	 5 	 9 	 0.000000 	 1000.000000 	 0 
0 	 4 	 5 	 10 	 0.000000 	 1000.000000 	 0 
0 	 4 	 5 	 11 	 0.000000 	 1000.000000 	 0 
0 	 4 	 5 	 12 	 0.000000 	 1000.000000 	 0 
0 	 4 	 5 	 13 	 0.000000 	 1000.000000 	 0 
0 	 4 	 5 	 14 	 0.000000 	 1000.000000 	 0 
0 	 4 	 5 	 15 	 0.000000 	 1000.000000 	 0 
0 	 4 	 5 	 16 	 0.000000 	 1000.000000 	 0 
0 	 4 	 5 	 17 	 0.000000 	 1000.000000 	 0 
0 	 4 	 5 	 18 	 0.000000 	 1000.000000 	 0 
0 	 4 	 5 	 19 	 0.000000 	 1000.000000 	 0 
0 	 4 	 5 	 20 	 0.000000 	 1000.000000 	 0 
0 	 4 	 5 	 21 	 0.000000 	 1000.000000 	 0 
0 	 4 	 5 	 22 	 0.000000 	 1000.000000 	 0 
0 	 4 	 5 	 23 	 0.000000 	 1000.000000 	 0 
0 	 4 	 5 	 24 	 0.000000 	 1000.000000 	 0 
0 	 4 	 5 	 25 	 0.000000 	 1000.000000 	 0 
0 	 4 	 5 	 26 	 0.000000 	 1000.000000 	 0 
0 	 4 	 5 	 27 	 0.000000 	 1000.000000 	 0 
0 	 4 	 5 	 28 	 0.000000 	 1000.000000 	 0 
0 	 4 	 5 	 29 	 0.000000 	 1000.000000 	 0 
0 	 4 	 5 	 30 	 0.000000 	 1000.000000 	 0 
0 	 4 	 5 	 31 	 0.000000 	 1000.000000 	 0 
0 	 5 	 0 	 0 	 0.000000 	 1000.000000 	 0 
0 	 5 	 0 	 1 	 0.000000 	 1000.000000 	 0 
0 	 5 	 0 	 2 	 0.000000 	 1000.000000 	 0 
0 	 5 	 0 	 3 	 0.000000 	 1000.000000 	 0 
0 	 5 	 0 	 4 	 0.000000 	 1000.000000 	 0 
0 	 5 	 0 	 5 	 0.000000 	 1000.000000 	 0 
0 	 5 	 0 	 6 	 0.000000 	 1000.000000 	 0 
0 	 5 	 0 	 7 	 0.000000 	 1000.000000 	 0 
0 	 5 	 0 	 8 	 0.000000 	 1000.000000 	 0 
0 	 5 	 0 	 9 	 0.000000 	 1000.000000 	 0 
0 	 5 	 0 	 10 	 0.000000 	 1000.000000 	 0 
0 	 5 	 0 	 11 	 0.000000 	 1000.000000 	 0 
0 	 5 	 0 	 12 	 0.000000 	 1000.000000 	 0 
0 	 5 	 0 	 13 	 0.000000 	 1000.000000 	 0 
0 	 5 	 0 	 14 	 0.000000 	 1000.000000 	 0 
0 	 5 	 0 	 15 	 0.000000 	 1000.000000 	 0 
0 	 5 	 0 	 16 	 0.000000 	 1000.000000 	 0 
0 	 5 	 0 	 17 	 0.000000 	 1000.000000 	 0 
0 	 5 	 0 	 18 	 0.000000 	 1000.000000 	 0 
0 	 5 	 0 	 19 	 0.000000 	 1000.000000 	 0 
0 	 5 	 0 	 20 	 0.000000 	 1000.000000 	 0 
0 	 5 	 0 	 21 	 0.000000 	 1000.000000 	 0 
0 	 5 	 0 	 22 	 0.000000 	 1000.000000 	 0 
0 	 5 	 0 	 23 	 0.000000 	 1000.000000 	 0 
0 	 5 	 0 	 24 	 0.000000 	 1000.000000 	 0 
0 	 5 	 0 	 25 	 0.000000 	 1000.000000 	 0 
0 	 5 	 0 	 26 	 0.000000 	 1000.000000 	 0 
0 	 5 	 0 	 27 	 0.000000 	 1000.000000 	 0 
0 	 5 	 0 	 28 	 0.000000 	 1000.000000 	 0 
0 	 5 	 0 	 29 	 0.000000 	 1000.000000 	 0 
0 	 5 	 0 	 30 	 0.000000 	 1000.000000 	 0 
0 	 5 	 0 	 31 	 0.000000 	 1000.000000 	 0 
0 	 5 	 1 	 0 	 0.720845 	 9009.952059 	 239 
0 	 5 	 1 	 1 	 0.566131 	 1180.682183 	 250 
0 	 5 	 1 	 2 	 0.718938 	 13245.148291 	 236 
0 	 5 	 1 	 3 	 0.719064 	 11144.195954 	 243 
0 	 5 	 1 	 4 	 0.706981 	 9712.671209 	 236 
0 	 5 	 1 	 5 	 0.704757 	 920.494749 	 240 
0 	 5 	 1 	 6 	 0.693370 	 19874.326942 	 236 
0 	 5 	 1 	 7 	 0.702727 	 9460.973115 	 231 
0 	 5 	 1 	 8 	 0.713654 	 16605.749604 	 268 
0 	 5 	 1 	 9 	 0.716416 	 14342.442132 	 231 
0 	 5 	 1 	 10 	 0.708243 	 16761.397434 	 258 
0 	 5 	 1 	 11 	 0.722687 	 12631.919443 	 258 
0 	 5 	 1 	 12 	 0.704882 	 13230.491268 	 263 
0 	 5 	 1 	 13 	 0.705975 	 13499.802995 	 245 
0 	 5 	 1 	 14 	 0.713751 	 12912.194953 	 269 
0 	 5 	 1 	 15 	 0.717617 	 10686.512801 	 247 
0 	 5 	 1 	 16 	 0.705088 	 12814.287397 	 276 
0 	 5 	 1 	 17 	 0.719755 	 13327.195796 	 237 
0 	 5 	 1 	 18 	 0.717390 	 24077.807135 	 252 
0 	 5 	 1 	 19 	 0.673867 	 1250.630273 	 239 
0 	 5 	 1 	 20 	 0.731982 	 16775.306497 	 296 
0 	 5 	 1 	 21 	 0.712758 	 22532.035618 	 265 
0 	 5 	 1 	 22 	 0.705278 	 22670.856016 	 243 
0 	 5 	 1 	 23 	 0.704191 	 17290.523324 	 265 
0 	 5 	 1 	 24 	 0.713869 	 14347.305365 	 254 
0 	 5 	 1 	 25 	 0.714293 	 20818.019135 	 275 
0 	 5 	 1 	 26 	 0.704857 	 36366.200465 	 282 
0 	 5 	 1 	 27 	 0.700691 	 12210.683058 	 244 
0 	 5 	 1 	 28 	 0.000000 	 1000.000000 	 0 
0 	 5 	 1 	 29 	 0.706545 	 7125.353427 	 242 
0 	 5 	 1 	 30 	 0.707236 	 13461.388465 	 251 
0 	 5 	 1 	 31 	 0.727348 	 17543.065439 	 253 
0 	 5 	 2 	 0 	 0.702438 	 8587.194473 	 244 
0 	 5 	 2 	 1 	 0.711496 	 16684.925910 	 251 
0 	 5 	 2 	 2 	 0.722754 	 17332.580911 	 234 
0 	 5 	 2 	 3 	 0.715727 	 10314.943718 	 258 
0 	 5 	 2 	 4 	 0.708875 	 16422.467857 	 253 
0 	 5 	 2 	 5 	 0.702012 	 14043.939264 	 247 
0 	 5 	 2 	 6 	 0.723226 	 26412.573105 	 271 
0 	 5 	 2 	 7 	 0.699513 	 14010.364500 	 243 
0 	 5 	 2 	 8 	 0.707989 	 14696.619689 	 208 
0 	 5 	 2 	 9 	 0.702402 	 21639.019525 	 238 
0 	 5 	 2 	 10 	 0.706047 	 16971.772654 	 223 
0 	 5 	 2 	 11 	 0.000000 	 1000.000000 	 0 
0 	 5 	 2 	 12 	 0.727514 	 18762.541621 	 271 
0 	 5 	 2 	 13 	 0.718095 	 8318.166446 	 261 
0 	 5 	 2 	 14 	 0.714327 	 13748.284395 	 238 
0 	 5 	 2 	 15 	 0.687769 	 1154.003315 	 243 
0 	 5 	 2 	 16 	 0.721309 	 24626.619653 	 277 
0 	 5 	 2 	 17 	 0.702571 	 7895.224978 	 237 
0 	 5 	 2 	 18 	 0.714877 	 14438.534321 	 249 
0 	 5 	 2 	 19 	 0.733061 	 1161.198453 	 244 
0 	 5 	 2 	 20 	 0.716094 	 22688.304053 	 229 
0 	 5 	 2 	 21 	 0.722382 	 11074.054947 	 230 
0 	 5 	 2 	 22 	 0.712429 	 19277.005499 	 242 
0 	 5 	 2 	 23 	 0.616667 	 1161.776502 	 234 
0 	 5 	 2 	 24 	 0.715455 	 21275.423361 	 278 
0 	 5 	 2 	 25 	 0.713184 	 9438.904840 	 243 
0 	 5 	 2 	 26 	 0.703598 	 21269.264659 	 256 
0 	 5 	 2 	 27 	 0.000000 	 1000.000000 	 0 
0 	 5 	 2 	 28 	 0.722443 	 24782.038091 	 243 
0 	 5 	 2 	 29 	 0.724692 	 7378.392334 	 239 
0 	 5 	 2 	 30 	 0.727353 	 32262.367771 	 219 
0 	 5 	 2 	 31 	 0.725210 	 14008.376258 	 293 
0 	 5 	 3 	 0 	 0.701169 	 11653.639882 	 235 
0 	 5 	 3 	 1 	 0.722002 	 1151.933371 	 243 
0 	 5 	 3 	 2 	 0.710271 	 12912.438411 	 254 
0 	 5 	 3 	 3 	 0.718135 	 22768.908523 	 241 
0 	 5 	 3 	 4 	 0.719473 	 21615.597445 	 234 
0 	 5 	 3 	 5 	 0.711695 	 13729.996550 	 248 
0 	 5 	 3 	 6 	 0.699465 	 24096.290068 	 224 
0 	 5 	 3 	 7 	 0.717436 	 16067.364601 	 271 
0 	 5 	 3 	 8 	 0.709840 	 8911.159309 	 254 
0 	 5 	 3 	 9 	 0.000000 	 1000.000000 	 0 
0 	 5 	 3 	 10 	 0.709354 	 14894.795854 	 223 
0 	 5 	 3 	 11 	 0.712608 	 1131.186352 	 257 
0 	 5 	 3 	 12 	 0.696067 	 14943.217275 	 250 
0 	 5 	 3 	 13 	 0.707581 	 10185.879033 	 265 
0 	 5 	 3 	 14 	 0.704643 	 15671.817460 	 276 
0 	 5 	 3 	 15 	 0.717274 	 6888.652140 	 238 
0 	 5 	 3 	 16 	 0.000000 	 1000.000000 	 0 
0 	 5 	 3 	 17 	 0.711647 	 23046.494031 	 244 
0 	 5 	 3 	 18 	 0.717067 	 34107.731294 	 260 
0 	 5 	 3 	 19 	 0.691976 	 18264.519954 	 243 
0 	 5 	 3 	 20 	 0.696984 	 12274.421902 	 240 
0 	 5 	 3 	 21 	 0.705129 	 11926.090017 	 223 
0 	 5 	 3 	 22 	 0.745957 	 1267.186379 	 275 
0 	 5 	 3 	 23 	 0.722118 	 23864.613772 	 267 
0 	 5 	 3 	 24 	 0.732549 	 91814.947064 	 240 
0 	 5 	 3 	 25 	 0.713397 	 17633.991131 	 243 
0 	 5 	 3 	 26 	 0.709441 	 16675.734792 	 248 
0 	 5 	 3 	 27 	 0.698378 	 17058.854192 	 270 
0 	 5 	 3 	 28 	 0.687430 	 16336.566562 	 253 
0 	 5 	 3 	 29 	 0.712924 	 12615.632945 	 240 
0 	 5 	 3 	 30 	 0.716619 	 19125.200873 	 252 
0 	 5 	 3 	 31 	 0.712109 	 12803.634165 	 241 
0 	 5 	 4 	 0 	 0.000000 	 1000.000000 	 0 
0 	 5 	 4 	 1 	 0.000000 	 1000.000000 	 0 
0 	 5 	 4 	 2 	 0.000000 	 1000.000000 	 0 
0 	 5 	 4 	 3 	 0.000000 	 1000.000000 	 0 
0 	 5 	 4 	 4 	 0.000000 	 1000.000000 	 0 
0 	 5 	 4 	 5 	 0.000000 	 1000.000000 	 0 
0 	 5 	 4 	 6 	 0.000000 	 1000.000000 	 0 
0 	 5 	 4 	 7 	 0.000000 	 1000.000000 	 0 
0 	 5 	 4 	 8 	 0.000000 	 1000.000000 	 0 
0 	 5 	 4 	 9 	 0.000000 	 1000.000000 	 0 
0 	 5 	 4 	 10 	 0.000000 	 1000.000000 	 0 
0 	 5 	 4 	 11 	 0.000000 	 1000.000000 	 0 
0 	 5 	 4 	 12 	 0.000000 	 1000.000000 	 0 
0 	 5 	 4 	 13 	 0.000000 	 1000.000000 	 0 
0 	 5 	 4 	 14 	 0.000000 	 1000.000000 	 0 
0 	 5 	 4 	 15 	 0.000000 	 1000.000000 	 0 
0 	 5 	 4 	 16 	 0.000000 	 1000.000000 	 0 
0 	 5 	 4 	 17 	 0.000000 	 1000.000000 	 0 
0 	 5 	 4 	 18 	 0.000000 	 1000.000000 	 0 
0 	 5 	 4 	 19 	 0.000000 	 1000.000000 	 0 
0 	 5 	 4 	 20 	 0.000000 	 1000.000000 	 0 
0 	 5 	 4 	 21 	 0.000000 	 1000.000000 	 0 
0 	 5 	 4 	 22 	 0.000000 	 1000.000000 	 0 
0 	 5 	 4 	 23 	 0.000000 	 1000.000000 	 0 
0 	 5 	 4 	 24 	 0.000000 	 1000.000000 	 0 
0 	 5 	 4 	 25 	 0.000000 	 1000.000000 	 0 
0 	 5 	 4 	 26 	 0.000000 	 1000.000000 	 0 
0 	 5 	 4 	 27 	 0.000000 	 1000.000000 	 0 
0 	 5 	 4 	 28 	 0.000000 	 1000.000000 	 0 
0 	 5 	 4 	 29 	 0.000000 	 1000.000000 	 0 
0 	 5 	 4 	 30 	 0.000000 	 1000.000000 	 0 
0 	 5 	 4 	 31 	 0.000000 	 1000.000000 	 0 
0 	 5 	 5 	 0 	 0.000000 	 1000.000000 	 0 
0 	 5 	 5 	 1 	 0.000000 	 1000.000000 	 0 
0 	 5 	 5 	 2 	 0.000000 	 1000.000000 	 0 
0 	 5 	 5 	 3 	 0.000000 	 1000.000000 	 0 
0 	 5 	 5 	 4 	 0.000000 	 1000.000000 	 0 
0 	 5 	 5 	 5 	 0.000000 	 1000.000000 	 0 
0 	 5 	 5 	 6 	 0.000000 	 1000.000000 	 0 
0 	 5 	 5 	 7 	 0.000000 	 1000.000000 	 0 
0 	 5 	 5 	 8 	 0.000000 	 1000.000000 	 0 
0 	 5 	 5 	 9 	 0.000000 	 1000.000000 	 0 
0 	 5 	 5 	 10 	 0.000000 	 1000.000000 	 0 
0 	 5 	 5 	 11 	 0.000000 	 1000.000000 	 0 
0 	 5 	 5 	 12 	 0.000000 	 1000.000000 	 0 
0 	 5 	 5 	 13 	 0.000000 	 1000.000000 	 0 
0 	 5 	 5 	 14 	 0.000000 	 1000.000000 	 0 
0 	 5 	 5 	 15 	 0.000000 	 1000.000000 	 0 
0 	 5 	 5 	 16 	 0.000000 	 1000.000000 	 0 
0 	 5 	 5 	 17 	 0.000000 	 1000.000000 	 0 
0 	 5 	 5 	 18 	 0.000000 	 1000.000000 	 0 
0 	 5 	 5 	 19 	 0.000000 	 1000.000000 	 0 
0 	 5 	 5 	 20 	 0.000000 	 1000.000000 	 0 
0 	 5 	 5 	 21 	 0.000000 	 1000.000000 	 0 
0 	 5 	 5 	 22 	 0.000000 	 1000.000000 	 0 
0 	 5 	 5 	 23 	 0.000000 	 1000.000000 	 0 
0 	 5 	 5 	 24 	 0.000000 	 1000.000000 	 0 
0 	 5 	 5 	 25 	 0.000000 	 1000.000000 	 0 
0 	 5 	 5 	 26 	 0.000000 	 1000.000000 	 0 
0 	 5 	 5 	 27 	 0.000000 	 1000.000000 	 0 
0 	 5 	 5 	 28 	 0.000000 	 1000.000000 	 0 
0 	 5 	 5 	 29 	 0.000000 	 1000.000000 	 0 
0 	 5 	 5 	 30 	 0.000000 	 1000.000000 	 0 
0 	 5 	 5 	 31 	 0.000000 	 1000.000000 	 0 
1 	 0 	 0 	 0 	 0.000000 	 1000.000000 	 0 
1 	 0 	 0 	 1 	 0.000000 	 1000.000000 	 0 
1 	 0 	 0 	 2 	 0.000000 	 1000.000000 	 0 
1 	 0 	 0 	 3 	 0.000000 	 1000.000000 	 0 
1 	 0 	 0 	 4 	 0.000000 	 1000.000000 	 0 
1 	 0 	 0 	 5 	 0.000000 	 1000.000000 	 0 
1 	 0 	 0 	 6 	 0.000000 	 1000.000000 	 0 
1 	 0 	 0 	 7 	 0.000000 	 1000.000000 	 0 
1 	 0 	 0 	 8 	 0.000000 	 1000.000000 	 0 
1 	 0 	 0 	 9 	 0.000000 	 1000.000000 	 0 
1 	 0 	 0 	 10 	 0.000000 	 1000.000000 	 0 
1 	 0 	 0 	 11 	 0.000000 	 1000.000000 	 0 
1 	 0 	 0 	 12 	 0.000000 	 1000.000000 	 0 
1 	 0 	 0 	 13 	 0.000000 	 1000.000000 	 0 
1 	 0 	 0 	 14 	 0.000000 	 1000.000000 	 0 
1 	 0 	 0 	 15 	 0.000000 	 1000.000000 	 0 
1 	 0 	 0 	 16 	 0.000000 	 1000.000000 	 0 
1 	 0 	 0 	 17 	 0.000000 	 1000.000000 	 0 
1 	 0 	 0 	 18 	 0.000000 	 1000.000000 	 0 
1 	 0 	 0 	 19 	 0.000000 	 1000.000000 	 0 
1 	 0 	 0 	 20 	 0.000000 	 1000.000000 	 0 
1 	 0 	 0 	 21 	 0.000000 	 1000.000000 	 0 
1 	 0 	 0 	 22 	 0.000000 	 1000.000000 	 0 
1 	 0 	 0 	 23 	 0.000000 	 1000.000000 	 0 
1 	 0 	 0 	 24 	 0.000000 	 1000.000000 	 0 
1 	 0 	 0 	 25 	 0.000000 	 1000.000000 	 0 
1 	 0 	 0 	 26 	 0.000000 	 1000.000000 	 0 
1 	 0 	 0 	 27 	 0.000000 	 1000.000000 	 0 
1 	 0 	 0 	 28 	 0.000000 	 1000.000000 	 0 
1 	 0 	 0 	 29 	 0.000000 	 1000.000000 	 0 
1 	 0 	 0 	 30 	 0.000000 	 1000.000000 	 0 
1 	 0 	 0 	 31 	 0.000000 	 1000.000000 	 0 
1 	 0 	 1 	 0 	 0.711309 	 12728.835436 	 246 
1 	 0 	 1 	 1 	 0.691162 	 1214.487989 	 228 
1 	 0 	 1 	 2 	 0.000000 	 1000.000000 	 0 
1 	 0 	 1 	 3 	 0.717442 	 59116.816640 	 231 
1 	 0 	 1 	 4 	 0.712193 	 16263.565520 	 212 
1 	 0 	 1 	 5 	 0.716774 	 36382.722407 	 227 
1 	 0 	 1 	 6 	 0.704731 	 11312.958537 	 246 
1 	 0 	 1 	 7 	 0.710438 	 17773.342321 	 214 
1 	 0 	 1 	 8 	 0.701395 	 11725.545081 	 212 
1 	 0 	 1 	 9 	 0.695024 	 938.468744 	 223 
1 	 0 	 1 	 10 	 0.726941 	 25709.611010 	 216 
1 	 0 	 1 	 11 	 0.717286 	 18646.348383 	 224 
1 	 0 	 1 	 12 	 0.707985 	 9605.896660 	 199 
1 	 0 	 1 	 13 	 0.703512 	 12159.678944 	 223 
1 	 0 	 1 	 14 	 0.719743 	 9474.672925 	 206 
1 	 0 	 1 	 15 	 0.070351 	 1029.522067 	 226 
1 	 0 	 1 	 16 	 0.000000 	 1000.000000 	 0 
1 	 0 	 1 	 17 	 0.713457 	 9944.281822 	 256 
1 	 0 	 1 	 18 	 0.718065 	 18047.071149 	 225 
1 	 0 	 1 	 19 	 0.721946 	 11829.548876 	 225 
1 	 0 	 1 	 20 	 0.708297 	 23342.741112 	 232 
1 	 0 	 1 	 21 	 0.706675 	 12405.665700 	 239 
1 	 0 	 1 	 22 	 0.705658 	 9819.078860 	 248 
1 	 0 	 1 	 23 	 0.708560 	 11714.038378 	 214 
1 	 0 	 1 	 24 	 0.721157 	 22340.808846 	 235 
1 	 0 	 1 	 25 	 0.718717 	 20411.001186 	 233 
1 	 0 	 1 	 26 	 0.702384 	 24669.053820 	 226 
1 	 0 	 1 	 27 	 0.716941 	 35523.815049 	 225 
1 	 0 	 1 	 28 	 0.712530 	 11235.008229 	 248 
1 	 0 	 1 	 29 	 0.698996 	 14865.890375 	 235 
1 	 0 	 1 	 30 	 0.698875 	 11407.338743 	 252 
1 	 0 	 1 	 31 	 0.705586 	 12048.069206 	 224 
1 	 0 	 2 	 0 	 0.724760 	 8252.703456 	 150 
1 	 0 	 2 	 1 	 0.711446 	 8883.219376 	 165 
1 	 0 	 2 	 2 	 0.710804 	 12689.573708 	 160 
1 	 0 	 2 	 3 	 0.693602 	 5711.377138 	 148 
1 	 0 	 2 	 4 	 0.706518 	 5473.055748 	 171 
1 	 0 	 2 	 5 	 0.726186 	 1033.116614 	 181 
1 	 0 	 2 	 6 	 0.711261 	 8893.949145 	 197 
1 	 0 	 2 	 7 	 0.705625 	 6777.269553 	 174 
1 	 0 	 2 	 8 	 0.710861 	 18364.920529 	 199 
1 	 0 	 2 	 9 	 0.710104 	 12772.248661 	 201 
1 	 0 	 2 	 10 	 0.722038 	 22438.808680 	 223 
1 	 0 	 2 	 11 	 0.724380 	 10063.470709 	 225 
1 	 0 	 2 	 12 	 0.700509 	 10370.020555 	 233 
1 	 0 	 2 	 13 	 0.701405 	 6072.751503 	 223 
1 	 0 	 2 	 14 	 0.713007 	 12817.104905 	 209 
1 	 0 	 2 	 15 	 0.000000 	 1000.000000 	 0 
1 	 0 	 2 	 16 	 0.709186 	 25438.098291 	 226 
1 	 0 	 2 	 17 	 0.728138 	 19276.165473 	 215 
1 	 0 	 2 	 18 	 0.717945 	 16920.599027 	 221 
1 	 0 	 2 	 19 	 0.700454 	 15630.639739 	 199 
1 	 0 	 2 	 20 	 0.707494 	 8051.176879 	 206 
1 	 0 	 2 	 21 	 0.714891 	 10358.686830 	 217 
1 	 0 	 2 	 22 	 0.707409 	 22590.698865 	 239 
1 	 0 	 2 	 23 	 0.714721 	 16524.970053 	 238 
1 	 0 	 2 	 24 	 0.718196 	 17765.944403 	 181 
1 	 0 	 2 	 25 	 0.708252 	 9615.004914 	 181 
1 	 0 	 2 	 26 	 0.698564 	 8642.122934 	 179 
1 	 0 	 2 	 27 	 0.695778 	 8854.420021 	 174 
1 	 0 	 2 	 28 	 0.688383 	 13516.321608 	 194 
1 	 0 	 2 	 29 	 0.710077 	 1079.270693 	 165 
1 	 0 	 2 	 30 	 0.706811 	 5907.711862 	 174 
1 	 0 	 2 	 31 	 0.716932 	 1135.401166 	 173 
1 	 0 	 3 	 0 	 0.700186 	 5672.498427 	 120 
1 	 0 	 3 	 1 	 0.725309 	 19376.766746 	 131 
1 	 0 	 3 	 2 	 0.702385 	 10572.954832 	 122 
1 	 0 	 3 	 3 	 0.728004 	 1019.505320 	 130 
1 	 0 	 3 	 4 	 0.698640 	 1109.065074 	 137 
1 	 0 	 3 	 5 	 0.710653 	 5968.347059 	 114 
1 	 0 	 3 	 6 	 0.718113 	 7218.909676 	 120 
1 	 0 	 3 	 7 	 0.724333 	 25487.760158 	 130 
1 	 0 	 3 	 8 	 0.706033 	 4493.004517 	 105 
1 	 0 	 3 	 9 	 0.703093 	 5282.285213 	 123 
1 	 0 	 3 	 10 	 0.727235 	 14379.322474 	 130 
1 	 0 	 3 	 11 	 0.733316 	 11348.281247 	 132 
1 	 0 	 3 	 12 	 0.723103 	 8799.503835 	 120 
1 	 0 	 3 	 13 	 0.695831 	 13650.120785 	 106 
1 	 0 	 3 	 14 	 0.709391 	 26648.699583 	 131 
1 	 0 	 3 	 15 	 0.718697 	 9908.047747 	 129 
1 	 0 	 3 	 16 	 0.717821 	 4363.179920 	 128 
1 	 0 	 3 	 17 	 0.704903 	 10852.304557 	 131 
1 	 0 	 3 	 18 	 0.708440 	 5175.815834 	 138 
1 	 0 	 3 	 19 	 0.717146 	 19155.441629 	 109 
1 	 0 	 3 	 20 	 0.732053 	 7424.039438 	 134 
1 	 0 	 3 	 21 	 0.000000 	 1000.000000 	 0 
1 	 0 	 3 	 22 	 0.746293 	 66005.102394 	 124 
1 	 0 	 3 	 23 	 0.783721 	 1028.566883 	 139 
1 	 0 	 3 	 24 	 0.724834 	 9379.062853 	 131 
1 	 0 	 3 	 25 	 0.712180 	 7346.367175 	 124 
1 	 0 	 3 	 26 	 0.695151 	 3482.578954 	 119 
1 	 0 	 3 	 27 	 0.693349 	 6410.728503 	 147 
1 	 0 	 3 	 28 	 0.714706 	 12887.576828 	 137 
1 	 0 	 3 	 29 	 0.728189 	 858.546994 	 121 
1 	 0 	 3 	 30 	 0.686184 	 3877.827099 	 111 
1 	 0 	 3 	 31 	 0.707418 	 8531.002776 	 143 
1 	 0 	 4 	 0 	 0.727577 	 3805.927300 	 102 
1 	 0 	 4 	 1 	 0.712632 	 25421.028424 	 118 
1 	 0 	 4 	 2 	 0.712487 	 6597.858484 	 119 
1 	 0 	 4 	 3 	 0.000000 	 1000.000000 	 0 
1 	 0 	 4 	 4 	 0.720334 	 8706.400278 	 111 
1 	 0 	 4 	 5 	 0.696191 	 7395.999257 	 110 
1 	 0 	 4 	 6 	 0.725560 	 5700.117199 	 120 
1 	 0 	 4 	 7 	 0.702700 	 7390.705290 	 100 
1 	 0 	 4 	 8 	 0.724116 	 3868.862706 	 122 
1 	 0 	 4 	 9 	 0.000000 	 1000.000000 	 0 
1 	 0 	 4 	 10 	 0.710541 	 6860.464930 	 121 
1 	 0 	 4 	 11 	 0.666573 	 1150.680360 	 116 
1 	 0 	 4 	 12 	 0.736860 	 928.053095 	 122 
1 	 0 	 4 	 13 	 0.709845 	 4586.077960 	 116 
1 	 0 	 4 	 14 	 0.731870 	 13220.620571 	 128 
1 	 0 	 4 	 15 	 0.697105 	 5965.282104 	 126 
1 	 0 	 4 	 16 	 0.723224 	 11429.551439 	 133 
1 	 0 	 4 	 17 	 0.712257 	 17551.815478 	 145 
1 	 0 	 4 	 18 	 0.712383 	 10911.517083 	 131 
1 	 0 	 4 	 19 	 0.721373 	 25377.811219 	 105 
1 	 0 	 4 	 20 	 0.708040 	 10189.327510 	 136 
1 	 0 	 4 	 21 	 0.000000 	 1000.000000 	 0 
1 	 0 	 4 	 22 	 0.000000 	 1000.000000 	 0 
1 	 0 	 4 	 23 	 0.723858 	 7440.877304 	 119 
1 	 0 	 4 	 24 	 0.714828 	 5323.973964 	 127 
1 	 0 	 4 	 25 	 0.704874 	 21299.607414 	 114 
1 	 0 	 4 	 26 	 0.683831 	 5080.937270 	 121 
1 	 0 	 4 	 27 	 0.727692 	 13637.864400 	 121 
1 	 0 	 4 	 28 	 0.716229 	 16596.539692 	 112 
1 	 0 	 4 	 29 	 0.698152 	 4081.214262 	 114 
1 	 0 	 4 	 30 	 0.697908 	 6640.894232 	 131 
1 	 0 	 4 	 31 	 0.691312 	 2855.130213 	 105 
1 	 0 	 5 	 0 	 0.706446 	 9909.837267 	 136 
1 	 0 	 5 	 1 	 0.701595 	 16024.754476 	 127 
1 	 0 	 5 	 2 	 0.719839 	 9141.017939 	 132 
1 	 0 	 5 	 3 	 0.725253 	 1179.626873 	 136 
1 	 0 	 5 	 4 	 0.704225 	 6440.250144 	 113 
1 	 0 	 5 	 5 	 0.703446 	 8304.121588 	 119 
1 	 0 	 5 	 6 	 0.693872 	 6342.379704 	 117 
1 	 0 	 5 	 7 	 0.691540 	 8430.877782 	 115 
1 	 0 	 5 	 8 	 0.713235 	 5284.582942 	 121 
1 	 0 	 5 	 9 	 0.704905 	 1088.338807 	 125 
1 	 0 	 5 	 10 	 0.724960 	 910.987747 	 140 
1 	 0 	 5 	 11 	 0.696981 	 9877.172179 	 124 
1 	 0 	 5 	 12 	 0.706926 	 11424.114805 	 133 
1 	 0 	 5 	 13 	 0.000000 	 1000.000000 	 0 
1 	 0 	 5 	 14 	 0.697441 	 7020.085167 	 138 
1 	 0 	 5 	 15 	 0.751430 	 1146.870718 	 123 
1 	 0 	 5 	 16 	 0.716459 	 7761.862134 	 139 
1 	 0 	 5 	 17 	 0.700424 	 22823.897826 	 139 
1 	 0 	 5 	 18 	 0.726269 	 22684.062766 	 126 
1 	 0 	 5 	 19 	 0.713818 	 12085.076014 	 148 
1 	 0 	 5 	 20 	 0.701254 	 6348.721737 	 114 
1 	 0 	 5 	 21 	 0.000000 	 1000.000000 	 0 
1 	 0 	 5 	 22 	 0.706838 	 5275.617695 	 122 
1 	 0 	 5 	 23 	 0.717624 	 11514.224077 	 150 
1 	 0 	 5 	 24 	 0.727172 	 3565.054505 	 108 
1 	 0 	 5 	 25 	 0.736337 	 1017.549831 	 112 
1 	 0 	 5 	 26 	 0.690032 	 6840.305258 	 102 
1 	 0 	 5 	 27 	 0.710581 	 6422.981451 	 110 
1 	 0 	 5 	 28 	 0.685874 	 5468.895446 	 116 
1 	 0 	 5 	 29 	 0.708656 	 27070.465976 	 118 
1 	 0 	 5 	 30 	 0.733719 	 3949.467634 	 122 
1 	 0 	 5 	 31 	 0.708254 	 4522.199569 	 118 
1 	 1 	 0 	 0 	 0.000000 	 1000.000000 	 0 
1 	 1 	 0 	 1 	 0.000000 	 1000.000000 	 0 
1 	 1 	 0 	 2 	 0.000000 	 1000.000000 	 0 
1 	 1 	 0 	 3 	 0.000000 	 1000.000000 	 0 
1 	 1 	 0 	 4 	 0.000000 	 1000.000000 	 0 
1 	 1 	 0 	 5 	 0.000000 	 1000.000000 	 0 
1 	 1 	 0 	 6 	 0.000000 	 1000.000000 	 0 
1 	 1 	 0 	 7 	 0.000000 	 1000.000000 	 0 
1 	 1 	 0 	 8 	 0.000000 	 1000.000000 	 0 
1 	 1 	 0 	 9 	 0.000000 	 1000.000000 	 0 
1 	 1 	 0 	 10 	 0.000000 	 1000.000000 	 0 
1 	 1 	 0 	 11 	 0.000000 	 1000.000000 	 0 
1 	 1 	 0 	 12 	 0.000000 	 1000.000000 	 0 
1 	 1 	 0 	 13 	 0.000000 	 1000.000000 	 0 
1 	 1 	 0 	 14 	 0.000000 	 1000.000000 	 0 
1 	 1 	 0 	 15 	 0.000000 	 1000.000000 	 0 
1 	 1 	 0 	 16 	 0.000000 	 1000.000000 	 0 
1 	 1 	 0 	 17 	 0.000000 	 1000.000000 	 0 
1 	 1 	 0 	 18 	 0.000000 	 1000.000000 	 0 
1 	 1 	 0 	 19 	 0.000000 	 1000.000000 	 0 
1 	 1 	 0 	 20 	 0.000000 	 1000.000000 	 0 
1 	 1 	 0 	 21 	 0.000000 	 1000.000000 	 0 
1 	 1 	 0 	 22 	 0.000000 	 1000.000000 	 0 
1 	 1 	 0 	 23 	 0.000000 	 1000.000000 	 0 
1 	 1 	 0 	 24 	 0.000000 	 1000.000000 	 0 
1 	 1 	 0 	 25 	 0.000000 	 1000.000000 	 0 
1 	 1 	 0 	 26 	 0.000000 	 1000.000000 	 0 
1 	 1 	 0 	 27 	 0.000000 	 1000.000000 	 0 
1 	 1 	 0 	 28 	 0.000000 	 1000.000000 	 0 
1 	 1 	 0 	 29 	 0.000000 	 1000.000000 	 0 
1 	 1 	 0 	 30 	 0.000000 	 1000.000000 	 0 
1 	 1 	 0 	 31 	 0.000000 	 1000.000000 	 0 
1 	 1 	 1 	 0 	 0.724417 	 39032.099344 	 264 
1 	 1 	 1 	 1 	 0.710643 	 10872.036263 	 245 
1 	 1 	 1 	 2 	 0.710057 	 24059.270215 	 220 
1 	 1 	 1 	 3 	 0.408883 	 1127.740746 	 242 
1 	 1 	 1 	 4 	 0.707365 	 9271.645013 	 242 
1 	 1 	 1 	 5 	 0.726785 	 44701.677354 	 241 
1 	 1 	 1 	 6 	 0.706040 	 11524.249387 	 244 
1 	 1 	 1 	 7 	 0.727280 	 9923.055840 	 247 
1 	 1 	 1 	 8 	 0.709093 	 12774.617995 	 237 
1 	 1 	 1 	 9 	 0.706995 	 17550.639118 	 249 
1 	 1 	 1 	 10 	 0.706668 	 14569.526797 	 241 
1 	 1 	 1 	 11 	 0.720984 	 14937.277569 	 233 
1 	 1 	 1 	 12 	 0.722227 	 27179.996494 	 249 
1 	 1 	 1 	 13 	 0.716248 	 10921.070422 	 249 
1 	 1 	 1 	 14 	 0.718739 	 13347.339424 	 240 
1 	 1 	 1 	 15 	 0.710960 	 9679.918278 	 222 
1 	 1 	 1 	 16 	 0.718468 	 16497.295646 	 234 
1 	 1 	 1 	 17 	 0.698413 	 13601.150216 	 246 
1 	 1 	 1 	 18 	 0.715347 	 6833.494719 	 226 
1 	 1 	 1 	 19 	 0.714711 	 22770.581573 	 261 
1 	 1 	 1 	 20 	 0.715584 	 11075.875084 	 270 
1 	 1 	 1 	 21 	 0.724527 	 32831.312855 	 233 
1 	 1 	 1 	 22 	 0.645238 	 1121.575226 	 239 
1 	 1 	 1 	 23 	 0.709783 	 8980.833747 	 223 
1 	 1 	 1 	 24 	 0.707174 	 9745.515509 	 256 
1 	 1 	 1 	 25 	 0.711562 	 23445.539002 	 237 
1 	 1 	 1 	 26 	 0.700516 	 21630.858594 	 252 
1 	 1 	 1 	 27 	 0.705753 	 20919.122308 	 257 
1 	 1 	 1 	 28 	 0.715682 	 33463.157612 	 258 
1 	 1 	 1 	 29 	 0.709065 	 24167.278273 	 238 
1 	 1 	 1 	 30 	 0.701556 	 7049.650432 	 213 
1 	 1 	 1 	 31 	 0.775797 	 1075.076842 	 239 
1 	 1 	 2 	 0 	 0.693542 	 912.045501 	 152 
1 	 1 	 2 	 1 	 0.702059 	 9461.739892 	 193 
1 	 1 	 2 	 2 	 0.718267 	 1246.775328 	 167 
1 	 1 	 2 	 3 	 0.000000 	 1000.000000 	 0 
1 	 1 	 2 	 4 	 0.718921 	 7114.208888 	 192 
1 	 1 	 2 	 5 	 0.713980 	 7402.168850 	 187 
1 	 1 	 2 	 6 	 0.696927 	 13623.104083 	 192 
1 	 1 	 2 	 7 	 0.705121 	 7236.803062 	 167 
1 	 1 	 2 	 8 	 0.707628 	 6059.084224 	 216 
1 	 1 	 2 	 9 	 0.710359 	 18508.885719 	 223 
1 	 1 	 2 	 10 	 0.704749 	 9338.034813 	 226 
1 	 1 	 2 	 11 	 0.707193 	 32049.454051 	 230 
1 	 1 	 2 	 12 	 0.724147 	 11430.671806 	 233 
1 	 1 	 2 	 13 	 0.713355 	 8923.953319 	 229 
1 	 1 	 2 	 14 	 0.707528 	 18658.900107 	 236 
1 	 1 	 2 	 15 	 0.709204 	 15801.044175 	 222 
1 	 1 	 2 	 16 	 0.000000 	 1000.000000 	 0 
1 	 1 	 2 	 17 	 0.710910 	 13043.582947 	 226 
1 	 1 	 2 	 18 	 0.702570 	 10278.393073 	 250 
1 	 1 	 2 	 19 	 0.716671 	 62504.730357 	 250 
1 	 1 	 2 	 20 	 0.703624 	 13687.585281 	 231 
1 	 1 	 2 	 21 	 0.714314 	 1257.433642 	 204 
1 	 1 	 2 	 22 	 0.715928 	 9531.377983 	 247 
1 	 1 	 2 	 23 	 0.716410 	 12221.548089 	 225 
1 	 1 	 2 	 24 	 0.708507 	 14073.079426 	 148 
1 	 1 	 2 	 25 	 0.661288 	 1162.612504 	 188 
1 	 1 	 2 	 26 	 0.718467 	 25463.600478 	 212 
1 	 1 	 2 	 27 	 0.685784 	 12352.479361 	 214 
1 	 1 	 2 	 28 	 0.712378 	 20117.587745 	 191 
1 	 1 	 2 	 29 	 0.714668 	 10090.404003 	 198 
1 	 1 	 2 	 30 	 0.000000 	 1000.000000 	 0 
1 	 1 	 2 	 31 	 0.720573 	 9334.719852 	 184 
1 	 1 	 3 	 0 	 0.725224 	 3742.170412 	 116 
1 	 1 	 3 	 1 	 0.707548 	 5244.365389 	 131 
1 	 1 	 3 	 2 	 0.706615 	 12610.637737 	 128 
1 	 1 	 3 	 3 	 0.719086 	 4033.270667 	 119 
1 	 1 	 3 	 4 	 0.726381 	 15115.284347 	 117 
1 	 1 	 3 	 5 	 0.725635 	 12338.721809 	 139 
1 	 1 	 3 	 6 	 0.710595 	 5662.680894 	 142 
1 	 1 	 3 	 7 	 0.696007 	 6448.091824 	 120 
1 	 1 	 3 	 8 	 0.752450 	 937.058277 	 141 
1 	 1 	 3 	 9 	 0.000000 	 1000.000000 	 0 
1 	 1 	 3 	 10 	 0.720205 	 16463.946276 	 138 
1 	 1 	 3 	 11 	 0.711998 	 8965.706729 	 130 
1 	 1 	 3 	 12 	 0.718267 	 5062.027931 	 148 
1 	 1 	 3 	 13 	 0.738552 	 34237.533869 	 143 
1 	 1 	 3 	 14 	 0.702673 	 9525.844461 	 168 
1 	 1 	 3 	 15 	 0.713221 	 5475.855345 	 129 
1 	 1 	 3 	 16 	 0.715814 	 10960.466213 	 121 
1 	 1 	 3 	 17 	 0.702820 	 5113.297490 	 132 
1 	 1 	 3 	 18 	 0.697637 	 7699.860268 	 128 
1 	 1 	 3 	 19 	 0.695249 	 5572.018244 	 134 
1 	 1 	 3 	 20 	 0.728011 	 9628.496144 	 121 
1 	 1 	 3 	 21 	 0.709859 	 4990.912997 	 113 
1 	 1 	 3 	 22 	 0.681260 	 5795.014763 	 138 
1 	 1 	 3 	 23 	 0.717572 	 10621.973842 	 129 
1 	 1 	 3 	 24 	 0.708329 	 7418.430702 	 115 
1 	 1 	 3 	 25 	 0.719038 	 80524.693870 	 127 
1 	 1 	 3 	 26 	 0.000000 	 1000.000000 	 0 
1 	 1 	 3 	 27 	 0.702821 	 7163.123747 	 141 
1 	 1 	 3 	 28 	 0.715443 	 3747.442131 	 136 
1 	 1 	 3 	 29 	 0.728232 	 15803.266871 	 130 
1 	 1 	 3 	 30 	 0.698013 	 8690.177428 	 129 
1 	 1 	 3 	 31 	 0.697079 	 6614.501014 	 125 
1 	 1 	 4 	 0 	 0.684833 	 5507.504785 	 109 
1 	 1 	 4 	 1 	 0.725832 	 6678.982885 	 126 
1 	 1 	 4 	 2 	 0.692584 	 12461.071822 	 131 
1 	 1 	 4 	 3 	 0.718968 	 34192.032144 	 123 
1 	 1 	 4 	 4 	 0.698690 	 3607.244027 	 115 
1 	 1 	 4 	 5 	 0.640129 	 983.670823 	 136 
1 	 1 	 4 	 6 	 0.726272 	 6620.143708 	 119 
1 	 1 	 4 	 7 	 0.708669 	 7736.184609 	 129 
1 	 1 	 4 	 8 	 0.712344 	 5905.107522 	 137 
1 	 1 	 4 	 9 	 0.723000 	 11537.087321 	 121 
1 	 1 	 4 	 10 	 0.710271 	 25361.711658 	 120 
1 	 1 	 4 	 11 	 0.715246 	 3508.854308 	 148 
1 	 1 	 4 	 12 	 0.704692 	 7196.314119 	 129 
1 	 1 	 4 	 13 	 0.729681 	 10079.906247 	 148 
1 	 1 	 4 	 14 	 0.706697 	 11594.702272 	 131 
1 	 1 	 4 	 15 	 0.690827 	 5816.858562 	 122 
1 	 1 	 4 	 16 	 0.703266 	 6586.431447 	 119 
1 	 1 	 4 	 17 	 0.714024 	 28520.779011 	 124 
1 	 1 	 4 	 18 	 0.691034 	 10983.176286 	 130 
1 	 1 	 4 	 19 	 0.718081 	 13551.585435 	 140 
1 	 1 	 4 	 20 	 0.718100 	 9738.441469 	 129 
1 	 1 	 4 	 21 	 0.736870 	 34735.515872 	 131 
1 	 1 	 4 	 22 	 0.707362 	 15666.195104 	 137 
1 	 1 	 4 	 23 	 0.709088 	 5845.068274 	 123 
1 	 1 	 4 	 24 	 0.749551 	 130714.011661 	 111 
1 	 1 	 4 	 25 	 0.000000 	 1000.000000 	 0 
1 	 1 	 4 	 26 	 0.699574 	 5971.065919 	 115 
1 	 1 	 4 	 27 	 0.661346 	 1642.875211 	 129 
1 	 1 	 4 	 28 	 0.709662 	 19266.045069 	 124 
1 	 1 	 4 	 29 	 0.695405 	 4882.558838 	 108 
1 	 1 	 4 	 30 	 0.709980 	 18299.230785 	 121 
1 	 1 	 4 	 31 	 0.698108 	 2838.794480 	 128 
1 	 1 	 5 	 0 	 0.701208 	 5329.352634 	 116 
1 	 1 	 5 	 1 	 0.716270 	 14713.426786 	 125 
1 	 1 	 5 	 2 	 0.000000 	 1000.000000 	 0 
1 	 1 	 5 	 3 	 0.721858 	 9729.871817 	 97 
1 	 1 	 5 	 4 	 0.713675 	 11361.092364 	 144 
1 	 1 	 5 	 5 	 0.726872 	 12503.667546 	 133 
1 	 1 	 5 	 6 	 0.723238 	 11486.455334 	 120 
1 	 1 	 5 	 7 	 0.000000 	 1000.000000 	 0 
1 	 1 	 5 	 8 	 0.701797 	 7647.457347 	 151 
1 	 1 	 5 	 9 	 0.000000 	 1000.000000 	 0 
1 	 1 	 5 	 10 	 0.701548 	 6399.769541 	 136 
1 	 1 	 5 	 11 	 0.723624 	 7431.925583 	 113 
1 	 1 	 5 	 12 	 0.704491 	 12838.118929 	 119 
1 	 1 	 5 	 13 	 0.718962 	 7130.659014 	 152 
1 	 1 	 5 	 14 	 0.714379 	 931.004300 	 127 
1 	 1 	 5 	 15 	 0.730342 	 15077.578074 	 140 
1 	 1 	 5 	 16 	 0.729999 	 10710.379043 	 150 
1 	 1 	 5 	 17 	 0.697256 	 6085.271585 	 137 
1 	 1 	 5 	 18 	 0.701161 	 13786.457077 	 150 
1 	 1 	 5 	 19 	 0.719362 	 11093.347652 	 128 
1 	 1 	 5 	 20 	 0.705902 	 3810.340403 	 126 
1 	 1 	 5 	 21 	 0.730387 	 15800.027633 	 142 
1 	 1 	 5 	 22 	 0.699349 	 4122.925753 	 142 
1 	 1 	 5 	 23 	 0.000000 	 1000.000000 	 0 
1 	 1 	 5 	 24 	 0.704660 	 4923.752692 	 118 
1 	 1 	 5 	 25 	 0.703042 	 5753.432837 	 151 
1 	 1 	 5 	 26 	 0.686461 	 4639.856243 	 116 
1 	 1 	 5 	 27 	 0.657953 	 986.982808 	 132 
1 	 1 	 5 	 28 	 0.709761 	 3991.318054 	 118 
1 	 1 	 5 	 29 	 0.711183 	 5902.704467 	 132 
1 	 1 	 5 	 30 	 0.699422 	 2872.524523 	 139 
1 	 1 	 5 	 31 	 0.703967 	 3983.494778 	 122 
1 	 2 	 0 	 0 	 0.711172 	 18416.510356 	 263 
1 	 2 	 0 	 1 	 0.708602 	 12874.055260 	 246 
1 	 2 	 0 	 2 	 0.711693 	 9123.578913 	 240 
1 	 2 	 0 	 3 	 0.717773 	 28343.747154 	 241 
1 	 2 	 0 	 4 	 0.000000 	 1000.000000 	 0 
1 	 2 	 0 	 5 	 0.699930 	 39466.325955 	 289 
1 	 2 	 0 	 6 	 0.710709 	 34490.810714 	 264 
1 	 2 	 0 	 7 	 0.713593 	 15912.875491 	 268 
1 	 2 	 0 	 8 	 0.713105 	 16517.857810 	 266 
1 	 2 	 0 	 9 	 0.709466 	 18788.294542 	 240 
1 	 2 	 0 	 10 	 0.000000 	 1000.000000 	 0 
1 	 2 	 0 	 11 	 0.531637 	 1047.043400 	 252 
1 	 2 	 0 	 12 	 0.689281 	 18175.316251 	 234 
1 	 2 	 0 	 13 	 0.699080 	 14740.123896 	 247 
1 	 2 	 0 	 14 	 0.724808 	 12477.891947 	 235 
1 	 2 	 0 	 15 	 0.672947 	 1134.152178 	 241 
1 	 2 	 0 	 16 	 0.734778 	 19654.770926 	 239 
1 	 2 	 0 	 17 	 0.710327 	 11109.690273 	 277 
1 	 2 	 0 	 18 	 0.713930 	 12620.009683 	 251 
1 	 2 	 0 	 19 	 0.727695 	 12318.403419 	 235 
1 	 2 	 0 	 20 	 0.696546 	 16375.136276 	 225 
1 	 2 	 0 	 21 	 0.000000 	 1000.000000 	 0 
1 	 2 	 0 	 22 	 0.705869 	 18243.140581 	 241 
1 	 2 	 0 	 23 	 0.704669 	 10097.573077 	 266 
1 	 2 	 0 	 24 	 0.715391 	 13310.721773 	 226 
1 	 2 	 0 	 25 	 0.671493 	 1025.888420 	 255 
1 	 2 	 0 	 26 	 0.707879 	 9128.926765 	 251 
1 	 2 	 0 	 27 	 0.734303 	 66794.581292 	 237 
1 	 2 	 0 	 28 	 0.694181 	 7437.646891 	 222 
1 	 2 	 0 	 29 	 0.716478 	 18647.826690 	 229 
1 	 2 	 0 	 30 	 0.716919 	 25315.635362 	 248 
1 	 2 	 0 	 31 	 0.719510 	 10648.477638 	 237 
1 	 2 	 1 	 0 	 0.701021 	 8515.579023 	 255 
1 	 2 	 1 	 1 	 0.704198 	 9455.817882 	 263 
1 	 2 	 1 	 2 	 0.717524 	 21942.421762 	 243 
1 	 2 	 1 	 3 	 0.713811 	 21047.812059 	 247 
1 	 2 	 1 	 4 	 0.705386 	 17532.042967 	 242 
1 	 2 	 1 	 5 	 0.708364 	 15915.698154 	 237 
1 	 2 	 1 	 6 	 0.722712 	 10711.976194 	 244 
1 	 2 	 1 	 7 	 0.718387 	 17401.600667 	 259 
1 	 2 	 1 	 8 	 0.706285 	 21231.532859 	 225 
1 	 2 	 1 	 9 	 0.719344 	 15400.262450 	 246 
1 	 2 	 1 	 10 	 0.728778 	 28761.386634 	 267 
1 	 2 	 1 	 11 	 0.709567 	 38907.513637 	 288 
1 	 2 	 1 	 12 	 0.721824 	 250064.483545 	 264 
1 	 2 	 1 	 13 	 0.709365 	 14499.316647 	 282 
1 	 2 	 1 	 14 	 0.736017 	 40887.092793 	 250 
1 	 2 	 1 	 15 	 0.698013 	 10959.319139 	 252 
1 	 2 	 1 	 16 	 0.710973 	 33669.850248 	 246 
1 	 2 	 1 	 17 	 0.719794 	 21958.933312 	 251 
1 	 2 	 1 	 18 	 0.701755 	 16186.279472 	 254 
1 	 2 	 1 	 19 	 0.713397 	 13078.406824 	 247 
1 	 2 	 1 	 20 	 0.731249 	 43735.937397 	 228 
1 	 2 	 1 	 21 	 0.711944 	 11187.129227 	 289 
1 	 2 	 1 	 22 	 0.000000 	 1000.000000 	 0 
1 	 2 	 1 	 23 	 0.739089 	 1266.315250 	 257 
1 	 2 	 1 	 24 	 0.712775 	 26494.925027 	 258 
1 	 2 	 1 	 25 	 0.712870 	 18001.683164 	 265 
1 	 2 	 1 	 26 	 0.710133 	 16160.475406 	 247 
1 	 2 	 1 	 27 	 0.717554 	 17615.703164 	 226 
1 	 2 	 1 	 28 	 0.701610 	 13171.812943 	 254 
1 	 2 	 1 	 29 	 0.724397 	 16907.948814 	 239 
1 	 2 	 1 	 30 	 0.721529 	 17481.117667 	 226 
1 	 2 	 1 	 31 	 0.707958 	 14760.794154 	 248 
1 	 2 	 2 	 0 	 0.715014 	 11540.976048 	 177 
1 	 2 	 2 	 1 	 0.713626 	 15960.288178 	 186 
1 	 2 	 2 	 2 	 0.724332 	 18709.151607 	 174 
1 	 2 	 2 	 3 	 0.716123 	 14703.244698 	 172 
1 	 2 	 2 	 4 	 0.703299 	 7857.962830 	 170 
1 	 2 	 2 	 5 	 0.707085 	 5796.777201 	 191 
1 	 2 	 2 	 6 	 0.706603 	 12813.683106 	 185 
1 	 2 	 2 	 7 	 0.700912 	 11617.624464 	 195 
1 	 2 	 2 	 8 	 0.723556 	 22500.725675 	 242 
1 	 2 	 2 	 9 	 0.721824 	 27648.101837 	 212 
1 	 2 	 2 	 10 	 0.696722 	 10635.382045 	 245 
1 	 2 	 2 	 11 	 0.702464 	 16631.024731 	 227 
1 	 2 	 2 	 12 	 0.719243 	 15049.110903 	 229 
1 	 2 	 2 	 13 	 0.717354 	 10830.191524 	 216 
1 	 2 	 2 	 14 	 0.717435 	 26704.438909 	 247 
1 	 2 	 2 	 15 	 0.718125 	 1362.876341 	 219 
1 	 2 	 2 	 16 	 0.712162 	 13877.232477 	 226 
1 	 2 	 2 	 17 	 0.734839 	 22896.330543 	 218 
1 	 2 	 2 	 18 	 0.731009 	 9913.284755 	 244 
1 	 2 	 2 	 19 	 0.701687 	 10809.300453 	 226 
1 	 2 	 2 	 20 	 0.701958 	 20922.744140 	 214 
1 	 2 	 2 	 21 	 0.696893 	 10207.793757 	 231 
1 	 2 	 2 	 22 	 0.719134 	 19943.095605 	 239 
1 	 2 	 2 	 23 	 0.707928 	 13233.534308 	 245 
1 	 2 	 2 	 24 	 0.700956 	 13935.386122 	 164 
1 	 2 	 2 	 25 	 0.699432 	 8626.440842 	 188 
1 	 2 	 2 	 26 	 0.711226 	 9247.885558 	 175 
1 	 2 	 2 	 27 	 0.708044 	 19982.517963 	 167 
1 	 2 	 2 	 28 	 0.711777 	 9859.559641 	 190 
1 	 2 	 2 	 29 	 0.712624 	 14566.822151 	 185 
1 	 2 	 2 	 30 	 0.710563 	 9102.248207 	 198 
1 	 2 	 2 	 31 	 0.716625 	 7421.206681 	 175 
1 	 2 	 3 	 0 	 0.651921 	 954.559035 	 141 
1 	 2 	 3 	 1 	 0.725837 	 8513.335934 	 108 
1 	 2 	 3 	 2 	 0.707268 	 31331.411856 	 163 
1 	 2 	 3 	 3 	 0.744308 	 30945.613893 	 148 
1 	 2 	 3 	 4 	 0.707390 	 11978.680513 	 130 
1 	 2 	 3 	 5 	 0.721715 	 10800.010056 	 159 
1 	 2 	 3 	 6 	 0.715149 	 7957.280412 	 126 
1 	 2 	 3 	 7 	 0.720093 	 3717.139078 	 123 
1 	 2 	 3 	 8 	 0.709266 	 7678.877860 	 144 
1 	 2 	 3 	 9 	 0.692049 	 8332.899493 	 125 
1 	 2 	 3 	 10 	 0.000000 	 1000.000000 	 0 
1 	 2 	 3 	 11 	 0.000000 	 1000.000000 	 0 
1 	 2 	 3 	 12 	 0.725827 	 17919.948061 	 175 
1 	 2 	 3 	 13 	 0.725972 	 5248.662086 	 143 
1 	 2 	 3 	 14 	 0.715932 	 7752.917115 	 150 
1 	 2 	 3 	 15 	 0.659459 	 1055.179716 	 155 
1 	 2 	 3 	 16 	 0.697158 	 5190.010267 	 122 
1 	 2 	 3 	 17 	 0.711504 	 6379.687065 	 164 
1 	 2 	 3 	 18 	 0.700036 	 12123.787144 	 138 
1 	 2 	 3 	 19 	 0.000000 	 1000.000000 	 0 
1 	 2 	 3 	 20 	 0.756728 	 19152.733809 	 135 
1 	 2 	 3 	 21 	 0.713283 	 10275.498743 	 150 
1 	 2 	 3 	 22 	 0.709487 	 11874.611957 	 131 
1 	 2 	 3 	 23 	 0.679640 	 6842.536322 	 140 
1 	 2 	 3 	 24 	 0.638073 	 1027.792898 	 139 
1 	 2 	 3 	 25 	 0.706027 	 10114.194332 	 138 
1 	 2 	 3 	 26 	 0.725369 	 6083.289092 	 129 
1 	 2 	 3 	 27 	 0.686380 	 11552.276387 	 130 
1 	 2 	 3 	 28 	 0.706630 	 23001.790922 	 142 
1 	 2 	 3 	 29 	 0.716314 	 8749.213938 	 153 
1 	 2 	 3 	 30 	 0.714835 	 8695.659417 	 162 
1 	 2 	 3 	 31 	 0.706290 	 6170.445068 	 147 
1 	 2 	 4 	 0 	 0.000000 	 1000.000000 	 0 
1 	 2 	 4 	 1 	 0.000000 	 1000.000000 	 0 
1 	 2 	 4 	 2 	 0.000000 	 1000.000000 	 0 
1 	 2 	 4 	 3 	 0.000000 	 1000.000000 	 0 
1 	 2 	 4 	 4 	 0.000000 	 1000.000000 	 0 
1 	 2 	 4 	 5 	 0.000000 	 1000.000000 	 0 
1 	 2 	 4 	 6 	 0.000000 	 1000.000000 	 0 
1 	 2 	 4 	 7 	 0.000000 	 1000.000000 	 0 
1 	 2 	 4 	 8 	 0.000000 	 1000.000000 	 0 
1 	 2 	 4 	 9 	 0.000000 	 1000.000000 	 0 
1 	 2 	 4 	 10 	 0.000000 	 1000.000000 	 0 
1 	 2 	 4 	 11 	 0.000000 	 1000.000000 	 0 
1 	 2 	 4 	 12 	 0.000000 	 1000.000000 	 0 
1 	 2 	 4 	 13 	 0.000000 	 1000.000000 	 0 
1 	 2 	 4 	 14 	 0.000000 	 1000.000000 	 0 
1 	 2 	 4 	 15 	 0.000000 	 1000.000000 	 0 
1 	 2 	 4 	 16 	 0.000000 	 1000.000000 	 0 
1 	 2 	 4 	 17 	 0.000000 	 1000.000000 	 0 
1 	 2 	 4 	 18 	 0.000000 	 1000.000000 	 0 
1 	 2 	 4 	 19 	 0.000000 	 1000.000000 	 0 
1 	 2 	 4 	 20 	 0.000000 	 1000.000000 	 0 
1 	 2 	 4 	 21 	 0.000000 	 1000.000000 	 0 
1 	 2 	 4 	 22 	 0.000000 	 1000.000000 	 0 
1 	 2 	 4 	 23 	 0.000000 	 1000.000000 	 0 
1 	 2 	 4 	 24 	 0.000000 	 1000.000000 	 0 
1 	 2 	 4 	 25 	 0.000000 	 1000.000000 	 0 
1 	 2 	 4 	 26 	 0.000000 	 1000.000000 	 0 
1 	 2 	 4 	 27 	 0.000000 	 1000.000000 	 0 
1 	 2 	 4 	 28 	 0.000000 	 1000.000000 	 0 
1 	 2 	 4 	 29 	 0.000000 	 1000.000000 	 0 
1 	 2 	 4 	 30 	 0.000000 	 1000.000000 	 0 
1 	 2 	 4 	 31 	 0.000000 	 1000.000000 	 0 
1 	 2 	 5 	 0 	 0.729849 	 5520.503995 	 114 
1 	 2 	 5 	 1 	 0.702251 	 6696.873163 	 119 
1 	 2 	 5 	 2 	 0.699006 	 4249.270221 	 136 
1 	 2 	 5 	 3 	 0.700040 	 88874.924394 	 131 
1 	 2 	 5 	 4 	 0.666982 	 5460.215214 	 103 
1 	 2 	 5 	 5 	 0.717712 	 3855.030295 	 135 
1 	 2 	 5 	 6 	 0.717434 	 5300.366734 	 128 
1 	 2 	 5 	 7 	 0.719929 	 14242.308929 	 155 
1 	 2 	 5 	 8 	 0.867486 	 964.077431 	 138 
1 	 2 	 5 	 9 	 0.000000 	 1000.000000 	 0 
1 	 2 	 5 	 10 	 0.711340 	 8039.371511 	 154 
1 	 2 	 5 	 11 	 0.704378 	 6339.289685 	 141 
1 	 2 	 5 	 12 	 0.698842 	 6431.124651 	 136 
1 	 2 	 5 	 13 	 0.710274 	 8260.003946 	 136 
1 	 2 	 5 	 14 	 0.730563 	 794.849112 	 146 
1 	 2 	 5 	 15 	 0.648446 	 1034.320871 	 141 
1 	 2 	 5 	 16 	 0.716346 	 12916.146276 	 164 
1 	 2 	 5 	 17 	 0.708533 	 4443.231966 	 148 
1 	 2 	 5 	 18 	 0.578001 	 1073.498203 	 135 
1 	 2 	 5 	 19 	 0.715147 	 12197.445665 	 142 
1 	 2 	 5 	 20 	 0.639769 	 889.288532 	 129 
1 	 2 	 5 	 21 	 0.709815 	 10413.783937 	 139 
1 	 2 	 5 	 22 	 0.000000 	 1000.000000 	 0 
1 	 2 	 5 	 23 	 0.808523 	 929.336829 	 138 
1 	 2 	 5 	 24 	 0.710755 	 4822.725846 	 124 
1 	 2 	 5 	 25 	 0.712914 	 8877.700170 	 127 
1 	 2 	 5 	 26 	 0.719639 	 4550.468423 	 127 
1 	 2 	 5 	 27 	 0.694911 	 15789.569333 	 130 
1 	 2 	 5 	 28 	 0.727628 	 896.979501 	 127 
1 	 2 	 5 	 29 	 0.727360 	 3958.970300 	 121 
1 	 2 	 5 	 30 	 0.710952 	 14931.456147 	 132 
1 	 2 	 5 	 31 	 0.739061 	 10152.880730 	 103 
1 	 3 	 0 	 0 	 0.731475 	 39311.165852 	 252 
1 	 3 	 0 	 1 	 0.715615 	 15142.521725 	 230 
1 	 3 	 0 	 2 	 0.712652 	 17309.158784 	 268 
1 	 3 	 0 	 3 	 0.723184 	 25408.351507 	 260 
1 	 3 	 0 	 4 	 0.719960 	 19367.928385 	 256 
1 	 3 	 0 	 5 	 0.719064 	 12025.397090 	 237 
1 	 3 	 0 	 6 	 0.727409 	 42901.051379 	 260 
1 	 3 	 0 	 7 	 0.697678 	 7322.721849 	 214 
1 	 3 	 0 	 8 	 0.702931 	 14381.066416 	 256 
1 	 3 	 0 	 9 	 0.723095 	 1022.820581 	 216 
1 	 3 	 0 	 10 	 0.707787 	 21639.084645 	 250 
1 	 3 	 0 	 11 	 0.723401 	 15344.817405 	 228 
1 	 3 	 0 	 12 	 0.714730 	 48588.909935 	 244 
1 	 3 	 0 	 13 	 0.708084 	 10044.893213 	 266 
1 	 3 	 0 	 14 	 0.703601 	 11706.585255 	 237 
1 	 3 	 0 	 15 	 0.733664 	 25162.493828 	 243 
1 	 3 	 0 	 16 	 0.723512 	 13618.506718 	 248 
1 	 3 	 0 	 17 	 0.701199 	 15392.329693 	 232 
1 	 3 	 0 	 18 	 0.706429 	 11161.384747 	 254 
1 	 3 	 0 	 19 	 0.721391 	 1170.399424 	 228 
1 	 3 	 0 	 20 	 0.696327 	 21407.682088 	 235 
1 	 3 	 0 	 21 	 0.726506 	 16742.000255 	 261 
1 	 3 	 0 	 22 	 0.704788 	 12251.674046 	 233 
1 	 3 	 0 	 23 	 0.718468 	 33176.095703 	 237 
1 	 3 	 0 	 24 	 0.726606 	 21865.861867 	 240 
1 	 3 	 0 	 25 	 0.711756 	 10766.063244 	 252 
1 	 3 	 0 	 26 	 0.729967 	 22570.199911 	 232 
1 	 3 	 0 	 27 	 0.710149 	 9104.573019 	 232 
1 	 3 	 0 	 28 	 0.721167 	 10674.309732 	 230 
1 	 3 	 0 	 29 	 0.726246 	 15051.235433 	 254 
1 	 3 	 0 	 30 	 0.697280 	 5998.526568 	 227 
1 	 3 	 0 	 31 	 0.725205 	 8998.696386 	 224 
1 	 3 	 1 	 0 	 0.721134 	 15223.957202 	 242 
1 	 3 	 1 	 1 	 0.709716 	 14166.470625 	 254 
1 	 3 	 1 	 2 	 0.727366 	 19477.848701 	 252 
1 	 3 	 1 	 3 	 0.708478 	 16199.312718 	 243 
1 	 3 	 1 	 4 	 0.701271 	 8045.590531 	 233 
1 	 3 	 1 	 5 	 0.700644 	 15011.707125 	 249 
1 	 3 	 1 	 6 	 0.711443 	 13329.657780 	 226 
1 	 3 	 1 	 7 	 0.724343 	 18808.531523 	 241 
1 	 3 	 1 	 8 	 0.720108 	 7028.845831 	 236 
1 	 3 	 1 	 9 	 0.709360 	 8298.281655 	 242 
1 	 3 	 1 	 10 	 0.699861 	 14420.024469 	 250 
1 	 3 	 1 	 11 	 0.000000 	 1000.000000 	 0 
1 	 3 	 1 	 12 	 0.695362 	 9354.440341 	 257 
1 	 3 	 1 	 13 	 0.721093 	 20437.710426 	 259 
1 	 3 	 1 	 14 	 0.704491 	 10139.488540 	 232 
1 	 3 	 1 	 15 	 0.716552 	 14096.766628 	 256 
1 	 3 	 1 	 16 	 0.704819 	 13809.975432 	 212 
1 	 3 	 1 	 17 	 0.726936 	 18025.585103 	 267 
1 	 3 	 1 	 18 	 0.709907 	 23842.358014 	 264 
1 	 3 	 1 	 19 	 0.702058 	 12786.060157 	 258 
1 	 3 	 1 	 20 	 0.709194 	 14685.248176 	 231 
1 	 3 	 1 	 21 	 0.701340 	 14251.031651 	 264 
1 	 3 	 1 	 22 	 0.704507 	 16453.599074 	 236 
1 	 3 	 1 	 23 	 0.721123 	 15012.473906 	 238 
1 	 3 	 1 	 24 	 0.715207 	 14955.000000 	 273 
1 	 3 	 1 	 25 	 0.709400 	 11543.134143 	 253 
1 	 3 	 1 	 26 	 0.741791 	 8962.681501 	 230 
1 	 3 	 1 	 27 	 0.708115 	 13770.968481 	 255 
1 	 3 	 1 	 28 	 0.702591 	 14625.462607 	 254 
1 	 3 	 1 	 29 	 0.696057 	 5486.763124 	 246 
1 	 3 	 1 	 30 	 0.720051 	 21079.477474 	 258 
1 	 3 	 1 	 31 	 0.717088 	 19208.247695 	 283 
1 	 3 	 2 	 0 	 0.717661 	 7552.964698 	 207 
1 	 3 	 2 	 1 	 0.725898 	 10148.867295 	 177 
1 	 3 	 2 	 2 	 0.718983 	 14622.523740 	 217 
1 	 3 	 2 	 3 	 0.718907 	 8054.995754 	 193 
1 	 3 	 2 	 4 	 0.694815 	 8607.457960 	 191 
1 	 3 	 2 	 5 	 0.707473 	 7667.517478 	 182 
1 	 3 	 2 	 6 	 0.707921 	 8436.786870 	 189 
1 	 3 	 2 	 7 	 0.706947 	 7717.761500 	 183 
1 	 3 	 2 	 8 	 0.712365 	 17199.109699 	 253 
1 	 3 	 2 	 9 	 0.706484 	 12145.740453 	 236 
1 	 3 	 2 	 10 	 0.712030 	 17740.214939 	 237 
1 	 3 	 2 	 11 	 0.730813 	 22109.861330 	 235 
1 	 3 	 2 	 12 	 0.711485 	 12999.546424 	 233 
1 	 3 	 2 	 13 	 0.690358 	 24212.906700 	 248 
1 	 3 	 2 	 14 	 0.551667 	 1073.080178 	 220 
1 	 3 	 2 	 15 	 0.718482 	 14294.481867 	 225 
1 	 3 	 2 	 16 	 0.728124 	 15588.161634 	 223 
1 	 3 	 2 	 17 	 0.704463 	 8870.894816 	 209 
1 	 3 	 2 	 18 	 0.755096 	 1186.868926 	 211 
1 	 3 	 2 	 19 	 0.704973 	 13086.628136 	 231 
1 	 3 	 2 	 20 	 0.727250 	 14179.594412 	 218 
1 	 3 	 2 	 21 	 0.729752 	 23098.291617 	 267 
1 	 3 	 2 	 22 	 0.716766 	 8636.272938 	 218 
1 	 3 	 2 	 23 	 0.710873 	 13290.732184 	 259 
1 	 3 	 2 	 24 	 0.727496 	 10457.055442 	 228 
1 	 3 	 2 	 25 	 0.695049 	 23831.872815 	 194 
1 	 3 	 2 	 26 	 0.774067 	 1177.331316 	 199 
1 	 3 	 2 	 27 	 0.702674 	 6824.468717 	 195 
1 	 3 	 2 	 28 	 0.715036 	 9823.248127 	 193 
1 	 3 	 2 	 29 	 0.708834 	 13352.925936 	 177 
1 	 3 	 2 	 30 	 0.641408 	 1088.758612 	 195 
1 	 3 	 2 	 31 	 0.714251 	 7917.048772 	 179 
1 	 3 	 3 	 0 	 0.000000 	 1000.000000 	 0 
1 	 3 	 3 	 1 	 0.000000 	 1000.000000 	 0 
1 	 3 	 3 	 2 	 0.000000 	 1000.000000 	 0 
1 	 3 	 3 	 3 	 0.000000 	 1000.000000 	 0 
1 	 3 	 3 	 4 	 0.000000 	 1000.000000 	 0 
1 	 3 	 3 	 5 	 0.000000 	 1000.000000 	 0 
1 	 3 	 3 	 6 	 0.000000 	 1000.000000 	 0 
1 	 3 	 3 	 7 	 0.000000 	 1000.000000 	 0 
1 	 3 	 3 	 8 	 0.000000 	 1000.000000 	 0 
1 	 3 	 3 	 9 	 0.000000 	 1000.000000 	 0 
1 	 3 	 3 	 10 	 0.000000 	 1000.000000 	 0 
1 	 3 	 3 	 11 	 0.000000 	 1000.000000 	 0 
1 	 3 	 3 	 12 	 0.000000 	 1000.000000 	 0 
1 	 3 	 3 	 13 	 0.000000 	 1000.000000 	 0 
1 	 3 	 3 	 14 	 0.000000 	 1000.000000 	 0 
1 	 3 	 3 	 15 	 0.000000 	 1000.000000 	 0 
1 	 3 	 3 	 16 	 0.000000 	 1000.000000 	 0 
1 	 3 	 3 	 17 	 0.000000 	 1000.000000 	 0 
1 	 3 	 3 	 18 	 0.000000 	 1000.000000 	 0 
1 	 3 	 3 	 19 	 0.000000 	 1000.000000 	 0 
1 	 3 	 3 	 20 	 0.000000 	 1000.000000 	 0 
1 	 3 	 3 	 21 	 0.000000 	 1000.000000 	 0 
1 	 3 	 3 	 22 	 0.000000 	 1000.000000 	 0 
1 	 3 	 3 	 23 	 0.000000 	 1000.000000 	 0 
1 	 3 	 3 	 24 	 0.000000 	 1000.000000 	 0 
1 	 3 	 3 	 25 	 0.000000 	 1000.000000 	 0 
1 	 3 	 3 	 26 	 0.000000 	 1000.000000 	 0 
1 	 3 	 3 	 27 	 0.000000 	 1000.000000 	 0 
1 	 3 	 3 	 28 	 0.000000 	 1000.000000 	 0 
1 	 3 	 3 	 29 	 0.000000 	 1000.000000 	 0 
1 	 3 	 3 	 30 	 0.000000 	 1000.000000 	 0 
1 	 3 	 3 	 31 	 0.000000 	 1000.000000 	 0 
1 	 3 	 4 	 0 	 0.700732 	 4950.237489 	 125 
1 	 3 	 4 	 1 	 0.702401 	 3253.118677 	 130 
1 	 3 	 4 	 2 	 0.697097 	 3974.811725 	 133 
1 	 3 	 4 	 3 	 0.000000 	 1000.000000 	 0 
1 	 3 	 4 	 4 	 0.688176 	 6573.424534 	 131 
1 	 3 	 4 	 5 	 0.716190 	 9678.369336 	 126 
1 	 3 	 4 	 6 	 0.699152 	 18936.909261 	 117 
1 	 3 	 4 	 7 	 0.713854 	 6325.672675 	 125 
1 	 3 	 4 	 8 	 0.705026 	 8517.390487 	 139 
1 	 3 	 4 	 9 	 0.739312 	 22760.044229 	 145 
1 	 3 	 4 	 10 	 0.706143 	 5084.880017 	 129 
1 	 3 	 4 	 11 	 0.698171 	 15513.197508 	 146 
1 	 3 	 4 	 12 	 0.715859 	 6604.318021 	 137 
1 	 3 	 4 	 13 	 0.714596 	 14248.213723 	 134 
1 	 3 	 4 	 14 	 0.715565 	 12420.729292 	 139 
1 	 3 	 4 	 15 	 0.724221 	 20288.531595 	 140 
1 	 3 	 4 	 16 	 0.000000 	 1000.000000 	 0 
1 	 3 	 4 	 17 	 0.686156 	 948.869022 	 163 
1 	 3 	 4 	 18 	 0.705586 	 2125.864269 	 136 
1 	 3 	 4 	 19 	 0.661840 	 945.138790 	 136 
1 	 3 	 4 	 20 	 0.720365 	 4067.189515 	 123 
1 	 3 	 4 	 21 	 0.703258 	 9663.862899 	 131 
1 	 3 	 4 	 22 	 0.699629 	 4378.765109 	 126 
1 	 3 	 4 	 23 	 0.660522 	 1063.085462 	 150 
1 	 3 	 4 	 24 	 0.551174 	 784.756972 	 101 
1 	 3 	 4 	 25 	 0.710355 	 4560.047475 	 148 
1 	 3 	 4 	 26 	 0.710269 	 7373.774198 	 105 
1 	 3 	 4 	 27 	 0.718146 	 8092.093025 	 143 
1 	 3 	 4 	 28 	 0.702792 	 2630.458199 	 129 
1 	 3 	 4 	 29 	 0.715400 	 8867.579916 	 127 
1 	 3 	 4 	 30 	 0.711510 	 8151.331441 	 138 
1 	 3 	 4 	 31 	 0.697542 	 13362.236748 	 137 
1 	 3 	 5 	 0 	 0.716618 	 5333.715417 	 101 
1 	 3 	 5 	 1 	 0.724038 	 101120.915728 	 115 
1 	 3 	 5 	 2 	 0.721879 	 18450.172030 	 127 
1 	 3 	 5 	 3 	 0.740682 	 29992.604266 	 107 
1 	 3 	 5 	 4 	 0.714630 	 3831.410649 	 126 
1 	 3 	 5 	 5 	 0.709175 	 6001.890980 	 131 
1 	 3 	 5 	 6 	 0.000000 	 1000.000000 	 0 
1 	 3 	 5 	 7 	 0.722678 	 24086.463586 	 110 
1 	 3 	 5 	 8 	 0.728100 	 11183.177151 	 154 
1 	 3 	 5 	 9 	 0.707250 	 4131.072705 	 134 
1 	 3 	 5 	 10 	 0.704217 	 6638.320407 	 144 
1 	 3 	 5 	 11 	 0.685991 	 8473.455956 	 143 
1 	 3 	 5 	 12 	 0.705479 	 9564.547782 	 139 
1 	 3 	 5 	 13 	 0.707276 	 7450.128754 	 120 
1 	 3 	 5 	 14 	 0.696583 	 5974.060838 	 142 
1 	 3 	 5 	 15 	 0.714351 	 6955.187566 	 155 
1 	 3 	 5 	 16 	 0.715405 	 6483.374631 	 137 
1 	 3 	 5 	 17 	 0.631084 	 874.865709 	 116 
1 	 3 	 5 	 18 	 0.000000 	 1000.000000 	 0 
1 	 3 	 5 	 19 	 0.711021 	 9613.131795 	 132 
1 	 3 	 5 	 20 	 0.000000 	 1000.000000 	 0 
1 	 3 	 5 	 21 	 0.647210 	 954.082396 	 138 
1 	 3 	 5 	 22 	 0.730923 	 28408.530146 	 134 
1 	 3 	 5 	 23 	 0.713742 	 6849.120803 	 156 
1 	 3 	 5 	 24 	 0.733363 	 11743.512360 	 131 
1 	 3 	 5 	 25 	 0.705838 	 10646.634837 	 122 
1 	 3 	 5 	 26 	 0.740449 	 11505.016905 	 130 
1 	 3 	 5 	 27 	 0.700636 	 7136.598981 	 112 
1 	 3 	 5 	 28 	 0.700809 	 4544.026156 	 123 
1 	 3 	 5 	 29 	 0.715320 	 6669.102341 	 130 
1 	 3 	 5 	 30 	 0.715243 	 24154.833473 	 126 
1 	 3 	 5 	 31 	 0.699948 	 6310.686372 	 125 
1 	 4 	 0 	 0 	 0.000000 	 1000.000000 	 0 
1 	 4 	 0 	 1 	 0.000000 	 1000.000000 	 0 
1 	 4 	 0 	 2 	 0.000000 	 1000.000000 	 0 
1 	 4 	 0 	 3 	 0.000000 	 1000.000000 	 0 
1 	 4 	 0 	 4 	 0.000000 	 1000.000000 	 0 
1 	 4 	 0 	 5 	 0.000000 	 1000.000000 	 0 
1 	 4 	 0 	 6 	 0.000000 	 1000.000000 	 0 
1 	 4 	 0 	 7 	 0.000000 	 1000.000000 	 0 
1 	 4 	 0 	 8 	 0.000000 	 1000.000000 	 0 
1 	 4 	 0 	 9 	 0.000000 	 1000.000000 	 0 
1 	 4 	 0 	 10 	 0.000000 	 1000.000000 	 0 
1 	 4 	 0 	 11 	 0.000000 	 1000.000000 	 0 
1 	 4 	 0 	 12 	 0.000000 	 1000.000000 	 0 
1 	 4 	 0 	 13 	 0.000000 	 1000.000000 	 0 
1 	 4 	 0 	 14 	 0.000000 	 1000.000000 	 0 
1 	 4 	 0 	 15 	 0.000000 	 1000.000000 	 0 
1 	 4 	 0 	 16 	 0.000000 	 1000.000000 	 0 
1 	 4 	 0 	 17 	 0.000000 	 1000.000000 	 0 
1 	 4 	 0 	 18 	 0.000000 	 1000.000000 	 0 
1 	 4 	 0 	 19 	 0.000000 	 1000.000000 	 0 
1 	 4 	 0 	 20 	 0.000000 	 1000.000000 	 0 
1 	 4 	 0 	 21 	 0.000000 	 1000.000000 	 0 
1 	 4 	 0 	 22 	 0.000000 	 1000.000000 	 0 
1 	 4 	 0 	 23 	 0.000000 	 1000.000000 	 0 
1 	 4 	 0 	 24 	 0.000000 	 1000.000000 	 0 
1 	 4 	 0 	 25 	 0.000000 	 1000.000000 	 0 
1 	 4 	 0 	 26 	 0.000000 	 1000.000000 	 0 
1 	 4 	 0 	 27 	 0.000000 	 1000.000000 	 0 
1 	 4 	 0 	 28 	 0.000000 	 1000.000000 	 0 
1 	 4 	 0 	 29 	 0.000000 	 1000.000000 	 0 
1 	 4 	 0 	 30 	 0.000000 	 1000.000000 	 0 
1 	 4 	 0 	 31 	 0.000000 	 1000.000000 	 0 
1 	 4 	 1 	 0 	 0.728294 	 21240.140420 	 270 
1 	 4 	 1 	 1 	 0.717261 	 13920.166168 	 238 
1 	 4 	 1 	 2 	 0.703944 	 14949.303713 	 242 
1 	 4 	 1 	 3 	 0.707488 	 17092.929279 	 262 
1 	 4 	 1 	 4 	 0.702029 	 13939.335932 	 266 
1 	 4 	 1 	 5 	 0.702752 	 10665.105383 	 250 
1 	 4 	 1 	 6 	 0.715589 	 21156.148397 	 232 
1 	 4 	 1 	 7 	 0.000000 	 1000.000000 	 0 
1 	 4 	 1 	 8 	 0.000000 	 1000.000000 	 0 
1 	 4 	 1 	 9 	 0.738297 	 29856.534902 	 218 
1 	 4 	 1 	 10 	 0.726029 	 16355.869751 	 235 
1 	 4 	 1 	 11 	 0.692284 	 18639.727965 	 270 
1 	 4 	 1 	 12 	 0.728978 	 43624.966002 	 251 
1 	 4 	 1 	 13 	 0.698768 	 1039.852836 	 249 
1 	 4 	 1 	 14 	 0.000000 	 1000.000000 	 0 
1 	 4 	 1 	 15 	 0.787405 	 1067.047577 	 245 
1 	 4 	 1 	 16 	 0.000000 	 1000.000000 	 0 
1 	 4 	 1 	 17 	 0.677606 	 1271.429031 	 242 
1 	 4 	 1 	 18 	 0.715168 	 10368.769990 	 246 
1 	 4 	 1 	 19 	 0.700460 	 12696.929026 	 251 
1 	 4 	 1 	 20 	 0.703568 	 12977.551810 	 239 
1 	 4 	 1 	 21 	 0.706415 	 21055.176345 	 273 
1 	 4 	 1 	 22 	 0.724562 	 7117.536366 	 221 
1 	 4 	 1 	 23 	 0.000000 	 1000.000000 	 0 
1 	 4 	 1 	 24 	 0.704842 	 14456.089633 	 249 
1 	 4 	 1 	 25 	 0.715210 	 22590.779229 	 260 
1 	 4 	 1 	 26 	 0.723181 	 21714.402594 	 249 
1 	 4 	 1 	 27 	 0.715079 	 18206.228935 	 260 
1 	 4 	 1 	 28 	 0.690591 	 13784.471422 	 262 
1 	 4 	 1 	 29 	 0.730046 	 56766.822915 	 234 
1 	 4 	 1 	 30 	 0.702344 	 29554.308105 	 268 
1 	 4 	 1 	 31 	 0.707951 	 11748.954038 	 253 
1 	 4 	 2 	 0 	 0.000000 	 1000.000000 	 0 
1 	 4 	 2 	 1 	 0.000000 	 1000.000000 	 0 
1 	 4 	 2 	 2 	 0.000000 	 1000.000000 	 0 
1 	 4 	 2 	 3 	 0.000000 	 1000.000000 	 0 
1 	 4 	 2 	 4 	 0.000000 	 1000.000000 	 0 
1 	 4 	 2 	 5 	 0.000000 	 1000.000000 	 0 
1 	 4 	 2 	 6 	 0.000000 	 1000.000000 	 0 
1 	 4 	 2 	 7 	 0.000000 	 1000.000000 	 0 
1 	 4 	 2 	 8 	 0.000000 	 1000.000000 	 0 
1 	 4 	 2 	 9 	 0.000000 	 1000.000000 	 0 
1 	 4 	 2 	 10 	 0.000000 	 1000.000000 	 0 
1 	 4 	 2 	 11 	 0.000000 	 1000.000000 	 0 
1 	 4 	 2 	 12 	 0.000000 	 1000.000000 	 0 
1 	 4 	 2 	 13 	 0.000000 	 1000.000000 	 0 
1 	 4 	 2 	 14 	 0.000000 	 1000.000000 	 0 
1 	 4 	 2 	 15 	 0.000000 	 1000.000000 	 0 
1 	 4 	 2 	 16 	 0.000000 	 1000.000000 	 0 
1 	 4 	 2 	 17 	 0.000000 	 1000.000000 	 0 
1 	 4 	 2 	 18 	 0.000000 	 1000.000000 	 0 
1 	 4 	 2 	 19 	 0.000000 	 1000.000000 	 0 
1 	 4 	 2 	 20 	 0.000000 	 1000.000000 	 0 
1 	 4 	 2 	 21 	 0.000000 	 1000.000000 	 0 
1 	 4 	 2 	 22 	 0.000000 	 1000.000000 	 0 
1 	 4 	 2 	 23 	 0.000000 	 1000.000000 	 0 
1 	 4 	 2 	 24 	 0.000000 	 1000.000000 	 0 
1 	 4 	 2 	 25 	 0.000000 	 1000.000000 	 0 
1 	 4 	 2 	 26 	 0.000000 	 1000.000000 	 0 
1 	 4 	 2 	 27 	 0.000000 	 1000.000000 	 0 
1 	 4 	 2 	 28 	 0.000000 	 1000.000000 	 0 
1 	 4 	 2 	 29 	 0.000000 	 1000.000000 	 0 
1 	 4 	 2 	 30 	 0.000000 	 1000.000000 	 0 
1 	 4 	 2 	 31 	 0.000000 	 1000.000000 	 0 
1 	 4 	 3 	 0 	 0.695980 	 8190.596264 	 149 
1 	 4 	 3 	 1 	 0.712847 	 8792.279183 	 131 
1 	 4 	 3 	 2 	 0.701908 	 9084.117976 	 149 
1 	 4 	 3 	 3 	 0.642291 	 1091.098708 	 146 
1 	 4 	 3 	 4 	 0.719506 	 25650.396723 	 146 
1 	 4 	 3 	 5 	 0.679879 	 3390.284276 	 130 
1 	 4 	 3 	 6 	 0.694909 	 8356.018255 	 126 
1 	 4 	 3 	 7 	 0.702485 	 6218.005670 	 130 
1 	 4 	 3 	 8 	 0.769651 	 913.437724 	 153 
1 	 4 	 3 	 9 	 0.689882 	 11582.068410 	 131 
1 	 4 	 3 	 10 	 0.703694 	 5617.230650 	 140 
1 	 4 	 3 	 11 	 0.701468 	 5366.692905 	 138 
1 	 4 	 3 	 12 	 0.784786 	 843.690101 	 122 
1 	 4 	 3 	 13 	 0.695373 	 4722.060432 	 128 
1 	 4 	 3 	 14 	 0.713312 	 11886.211506 	 133 
1 	 4 	 3 	 15 	 0.757070 	 1054.770151 	 158 
1 	 4 	 3 	 16 	 0.797056 	 905.984659 	 146 
1 	 4 	 3 	 17 	 0.743994 	 865.502341 	 130 
1 	 4 	 3 	 18 	 0.723396 	 6521.440798 	 124 
1 	 4 	 3 	 19 	 0.713009 	 3612.797496 	 146 
1 	 4 	 3 	 20 	 0.000000 	 1000.000000 	 0 
1 	 4 	 3 	 21 	 0.718486 	 5973.871114 	 158 
1 	 4 	 3 	 22 	 0.709703 	 11150.267181 	 154 
1 	 4 	 3 	 23 	 0.682888 	 813.980837 	 136 
1 	 4 	 3 	 24 	 0.703996 	 8481.841503 	 129 
1 	 4 	 3 	 25 	 0.712737 	 10442.157677 	 161 
1 	 4 	 3 	 26 	 0.708413 	 2333.911727 	 138 
1 	 4 	 3 	 27 	 0.661280 	 27409.870833 	 118 
1 	 4 	 3 	 28 	 0.709971 	 7380.933799 	 137 
1 	 4 	 3 	 29 	 0.718009 	 6267.523229 	 144 
1 	 4 	 3 	 30 	 0.709777 	 953.421071 	 140 
1 	 4 	 3 	 31 	 0.702362 	 21108.267397 	 164 
1 	 4 	 4 	 0 	 0.730343 	 37535.775046 	 112 
1 	 4 	 4 	 1 	 0.671215 	 3231.582228 	 131 
1 	 4 	 4 	 2 	 0.708538 	 9119.096472 	 119 
1 	 4 	 4 	 3 	 0.727481 	 14302.736243 	 122 
1 	 4 	 4 	 4 	 0.687241 	 1045.316962 	 120 
1 	 4 	 4 	 5 	 0.709847 	 9216.555231 	 134 
1 	 4 	 4 	 6 	 0.710641 	 4944.628377 	 121 
1 	 4 	 4 	 7 	 0.706722 	 7484.633496 	 133 
1 	 4 	 4 	 8 	 0.694376 	 5880.980553 	 129 
1 	 4 	 4 	 9 	 0.453834 	 1005.501230 	 139 
1 	 4 	 4 	 10 	 0.722804 	 52049.544509 	 153 
1 	 4 	 4 	 11 	 0.713510 	 893.346295 	 133 
1 	 4 	 4 	 12 	 0.721142 	 938.693039 	 117 
1 	 4 	 4 	 13 	 0.706583 	 8524.020631 	 131 
1 	 4 	 4 	 14 	 0.717836 	 3900.706681 	 123 
1 	 4 	 4 	 15 	 0.698744 	 5470.253735 	 136 
1 	 4 	 4 	 16 	 0.705340 	 908.391040 	 129 
1 	 4 	 4 	 17 	 0.704247 	 12277.527828 	 138 
1 	 4 	 4 	 18 	 0.716576 	 7320.145029 	 133 
1 	 4 	 4 	 19 	 0.725797 	 3461.315586 	 127 
1 	 4 	 4 	 20 	 0.702759 	 6092.419718 	 159 
1 	 4 	 4 	 21 	 0.684130 	 9929.329013 	 142 
1 	 4 	 4 	 22 	 0.714514 	 5461.815921 	 134 
1 	 4 	 4 	 23 	 0.712206 	 9178.239038 	 158 
1 	 4 	 4 	 24 	 0.692391 	 10927.637653 	 123 
1 	 4 	 4 	 25 	 0.739356 	 3595.861270 	 115 
1 	 4 	 4 	 26 	 0.696752 	 12634.745601 	 123 
1 	 4 	 4 	 27 	 0.715239 	 6797.715396 	 146 
1 	 4 	 4 	 28 	 0.714734 	 8960.043484 	 121 
1 	 4 	 4 	 29 	 0.714447 	 2664.364978 	 109 
1 	 4 	 4 	 30 	 0.712887 	 6930.087068 	 144 
1 	 4 	 4 	 31 	 0.739651 	 8166.152945 	 113 
1 	 4 	 5 	 0 	 0.709650 	 3086.610680 	 130 
1 	 4 	 5 	 1 	 0.717322 	 10815.615109 	 108 
1 	 4 	 5 	 2 	 0.714633 	 12066.564713 	 135 
1 	 4 	 5 	 3 	 0.710109 	 6927.097096 	 139 
1 	 4 	 5 	 4 	 0.723586 	 7646.211638 	 115 
1 	 4 	 5 	 5 	 0.718425 	 5792.364812 	 109 
1 	 4 	 5 	 6 	 0.723468 	 9142.508169 	 117 
1 	 4 	 5 	 7 	 0.723333 	 4281.690454 	 142 
1 	 4 	 5 	 8 	 0.722180 	 9290.658888 	 125 
1 	 4 	 5 	 9 	 0.702432 	 8042.312837 	 142 
1 	 4 	 5 	 10 	 0.706839 	 9844.233676 	 138 
1 	 4 	 5 	 11 	 0.721445 	 8545.278899 	 141 
1 	 4 	 5 	 12 	 0.716516 	 34579.042856 	 144 
1 	 4 	 5 	 13 	 0.721140 	 8361.073506 	 136 
1 	 4 	 5 	 14 	 0.717712 	 6150.949461 	 132 
1 	 4 	 5 	 15 	 0.699970 	 5675.873925 	 115 
1 	 4 	 5 	 16 	 0.697038 	 4386.766542 	 152 
1 	 4 	 5 	 17 	 0.715430 	 7813.441599 	 134 
1 	 4 	 5 	 18 	 0.728466 	 9481.500613 	 142 
1 	 4 	 5 	 19 	 0.718798 	 5401.813161 	 131 
1 	 4 	 5 	 20 	 0.640243 	 1093.743281 	 142 
1 	 4 	 5 	 21 	 0.713641 	 14929.046934 	 158 
1 	 4 	 5 	 22 	 0.711399 	 5792.824464 	 155 
1 	 4 	 5 	 23 	 0.714960 	 6999.674937 	 137 
1 	 4 	 5 	 24 	 0.742943 	 843.698707 	 116 
1 	 4 	 5 	 25 	 0.706507 	 10409.068707 	 130 
1 	 4 	 5 	 26 	 0.449367 	 1150.497966 	 133 
1 	 4 	 5 	 27 	 0.000000 	 1000.000000 	 0 
1 	 4 	 5 	 28 	 0.714836 	 5379.385904 	 122 
1 	 4 	 5 	 29 	 0.000000 	 1000.000000 	 0 
1 	 4 	 5 	 30 	 0.707406 	 8342.993345 	 127 
1 	 4 	 5 	 31 	 0.704052 	 4709.365779 	 133 
1 	 5 	 0 	 0 	 0.000000 	 1000.000000 	 0 
1 	 5 	 0 	 1 	 0.000000 	 1000.000000 	 0 
1 	 5 	 0 	 2 	 0.000000 	 1000.000000 	 0 
1 	 5 	 0 	 3 	 0.000000 	 1000.000000 	 0 
1 	 5 	 0 	 4 	 0.000000 	 1000.000000 	 0 
1 	 5 	 0 	 5 	 0.000000 	 1000.000000 	 0 
1 	 5 	 0 	 6 	 0.000000 	 1000.000000 	 0 
1 	 5 	 0 	 7 	 0.000000 	 1000.000000 	 0 
1 	 5 	 0 	 8 	 0.000000 	 1000.000000 	 0 
1 	 5 	 0 	 9 	 0.000000 	 1000.000000 	 0 
1 	 5 	 0 	 10 	 0.000000 	 1000.000000 	 0 
1 	 5 	 0 	 11 	 0.000000 	 1000.000000 	 0 
1 	 5 	 0 	 12 	 0.000000 	 1000.000000 	 0 
1 	 5 	 0 	 13 	 0.000000 	 1000.000000 	 0 
1 	 5 	 0 	 14 	 0.000000 	 1000.000000 	 0 
1 	 5 	 0 	 15 	 0.000000 	 1000.000000 	 0 
1 	 5 	 0 	 16 	 0.000000 	 1000.000000 	 0 
1 	 5 	 0 	 17 	 0.000000 	 1000.000000 	 0 
1 	 5 	 0 	 18 	 0.000000 	 1000.000000 	 0 
1 	 5 	 0 	 19 	 0.000000 	 1000.000000 	 0 
1 	 5 	 0 	 20 	 0.000000 	 1000.000000 	 0 
1 	 5 	 0 	 21 	 0.000000 	 1000.000000 	 0 
1 	 5 	 0 	 22 	 0.000000 	 1000.000000 	 0 
1 	 5 	 0 	 23 	 0.000000 	 1000.000000 	 0 
1 	 5 	 0 	 24 	 0.000000 	 1000.000000 	 0 
1 	 5 	 0 	 25 	 0.000000 	 1000.000000 	 0 
1 	 5 	 0 	 26 	 0.000000 	 1000.000000 	 0 
1 	 5 	 0 	 27 	 0.000000 	 1000.000000 	 0 
1 	 5 	 0 	 28 	 0.000000 	 1000.000000 	 0 
1 	 5 	 0 	 29 	 0.000000 	 1000.000000 	 0 
1 	 5 	 0 	 30 	 0.000000 	 1000.000000 	 0 
1 	 5 	 0 	 31 	 0.000000 	 1000.000000 	 0 
1 	 5 	 1 	 0 	 0.000000 	 1000.000000 	 0 
1 	 5 	 1 	 1 	 0.000000 	 1000.000000 	 0 
1 	 5 	 1 	 2 	 0.000000 	 1000.000000 	 0 
1 	 5 	 1 	 3 	 0.000000 	 1000.000000 	 0 
1 	 5 	 1 	 4 	 0.000000 	 1000.000000 	 0 
1 	 5 	 1 	 5 	 0.000000 	 1000.000000 	 0 
1 	 5 	 1 	 6 	 0.000000 	 1000.000000 	 0 
1 	 5 	 1 	 7 	 0.000000 	 1000.000000 	 0 
1 	 5 	 1 	 8 	 0.000000 	 1000.000000 	 0 
1 	 5 	 1 	 9 	 0.000000 	 1000.000000 	 0 
1 	 5 	 1 	 10 	 0.000000 	 1000.000000 	 0 
1 	 5 	 1 	 11 	 0.000000 	 1000.000000 	 0 
1 	 5 	 1 	 12 	 0.000000 	 1000.000000 	 0 
1 	 5 	 1 	 13 	 0.000000 	 1000.000000 	 0 
1 	 5 	 1 	 14 	 0.000000 	 1000.000000 	 0 
1 	 5 	 1 	 15 	 0.000000 	 1000.000000 	 0 
1 	 5 	 1 	 16 	 0.000000 	 1000.000000 	 0 
1 	 5 	 1 	 17 	 0.000000 	 1000.000000 	 0 
1 	 5 	 1 	 18 	 0.000000 	 1000.000000 	 0 
1 	 5 	 1 	 19 	 0.000000 	 1000.000000 	 0 
1 	 5 	 1 	 20 	 0.000000 	 1000.000000 	 0 
1 	 5 	 1 	 21 	 0.000000 	 1000.000000 	 0 
1 	 5 	 1 	 22 	 0.000000 	 1000.000000 	 0 
1 	 5 	 1 	 23 	 0.000000 	 1000.000000 	 0 
1 	 5 	 1 	 24 	 0.000000 	 1000.000000 	 0 
1 	 5 	 1 	 25 	 0.000000 	 1000.000000 	 0 
1 	 5 	 1 	 26 	 0.000000 	 1000.000000 	 0 
1 	 5 	 1 	 27 	 0.000000 	 1000.000000 	 0 
1 	 5 	 1 	 28 	 0.000000 	 1000.000000 	 0 
1 	 5 	 1 	 29 	 0.000000 	 1000.000000 	 0 
1 	 5 	 1 	 30 	 0.000000 	 1000.000000 	 0 
1 	 5 	 1 	 31 	 0.000000 	 1000.000000 	 0 
1 	 5 	 2 	 0 	 0.000000 	 1000.000000 	 0 
1 	 5 	 2 	 1 	 0.000000 	 1000.000000 	 0 
1 	 5 	 2 	 2 	 0.000000 	 1000.000000 	 0 
1 	 5 	 2 	 3 	 0.000000 	 1000.000000 	 0 
1 	 5 	 2 	 4 	 0.000000 	 1000.000000 	 0 
1 	 5 	 2 	 5 	 0.000000 	 1000.000000 	 0 
1 	 5 	 2 	 6 	 0.000000 	 1000.000000 	 0 
1 	 5 	 2 	 7 	 0.000000 	 1000.000000 	 0 
1 	 5 	 2 	 8 	 0.000000 	 1000.000000 	 0 
1 	 5 	 2 	 9 	 0.000000 	 1000.000000 	 0 
1 	 5 	 2 	 10 	 0.000000 	 1000.000000 	 0 
1 	 5 	 2 	 11 	 0.000000 	 1000.000000 	 0 
1 	 5 	 2 	 12 	 0.000000 	 1000.000000 	 0 
1 	 5 	 2 	 13 	 0.000000 	 1000.000000 	 0 
1 	 5 	 2 	 14 	 0.000000 	 1000.000000 	 0 
1 	 5 	 2 	 15 	 0.000000 	 1000.000000 	 0 
1 	 5 	 2 	 16 	 0.000000 	 1000.000000 	 0 
1 	 5 	 2 	 17 	 0.000000 	 1000.000000 	 0 
1 	 5 	 2 	 18 	 0.000000 	 1000.000000 	 0 
1 	 5 	 2 	 19 	 0.000000 	 1000.000000 	 0 
1 	 5 	 2 	 20 	 0.000000 	 1000.000000 	 0 
1 	 5 	 2 	 21 	 0.000000 	 1000.000000 	 0 
1 	 5 	 2 	 22 	 0.000000 	 1000.000000 	 0 
1 	 5 	 2 	 23 	 0.000000 	 1000.000000 	 0 
1 	 5 	 2 	 24 	 0.000000 	 1000.000000 	 0 
1 	 5 	 2 	 25 	 0.000000 	 1000.000000 	 0 
1 	 5 	 2 	 26 	 0.000000 	 1000.000000 	 0 
1 	 5 	 2 	 27 	 0.000000 	 1000.000000 	 0 
1 	 5 	 2 	 28 	 0.000000 	 1000.000000 	 0 
1 	 5 	 2 	 29 	 0.000000 	 1000.000000 	 0 
1 	 5 	 2 	 30 	 0.000000 	 1000.000000 	 0 
1 	 5 	 2 	 31 	 0.000000 	 1000.000000 	 0 
1 	 5 	 3 	 0 	 0.000000 	 1000.000000 	 0 
1 	 5 	 3 	 1 	 0.000000 	 1000.000000 	 0 
1 	 5 	 3 	 2 	 0.000000 	 1000.000000 	 0 
1 	 5 	 3 	 3 	 0.000000 	 1000.000000 	 0 
1 	 5 	 3 	 4 	 0.000000 	 1000.000000 	 0 
1 	 5 	 3 	 5 	 0.000000 	 1000.000000 	 0 
1 	 5 	 3 	 6 	 0.000000 	 1000.000000 	 0 
1 	 5 	 3 	 7 	 0.000000 	 1000.000000 	 0 
1 	 5 	 3 	 8 	 0.000000 	 1000.000000 	 0 
1 	 5 	 3 	 9 	 0.000000 	 1000.000000 	 0 
1 	 5 	 3 	 10 	 0.000000 	 1000.000000 	 0 
1 	 5 	 3 	 11 	 0.000000 	 1000.000000 	 0 
1 	 5 	 3 	 12 	 0.000000 	 1000.000000 	 0 
1 	 5 	 3 	 13 	 0.000000 	 1000.000000 	 0 
1 	 5 	 3 	 14 	 0.000000 	 1000.000000 	 0 
1 	 5 	 3 	 15 	 0.000000 	 1000.000000 	 0 
1 	 5 	 3 	 16 	 0.000000 	 1000.000000 	 0 
1 	 5 	 3 	 17 	 0.000000 	 1000.000000 	 0 
1 	 5 	 3 	 18 	 0.000000 	 1000.000000 	 0 
1 	 5 	 3 	 19 	 0.000000 	 1000.000000 	 0 
1 	 5 	 3 	 20 	 0.000000 	 1000.000000 	 0 
1 	 5 	 3 	 21 	 0.000000 	 1000.000000 	 0 
1 	 5 	 3 	 22 	 0.000000 	 1000.000000 	 0 
1 	 5 	 3 	 23 	 0.000000 	 1000.000000 	 0 
1 	 5 	 3 	 24 	 0.000000 	 1000.000000 	 0 
1 	 5 	 3 	 25 	 0.000000 	 1000.000000 	 0 
1 	 5 	 3 	 26 	 0.000000 	 1000.000000 	 0 
1 	 5 	 3 	 27 	 0.000000 	 1000.000000 	 0 
1 	 5 	 3 	 28 	 0.000000 	 1000.000000 	 0 
1 	 5 	 3 	 29 	 0.000000 	 1000.000000 	 0 
1 	 5 	 3 	 30 	 0.000000 	 1000.000000 	 0 
1 	 5 	 3 	 31 	 0.000000 	 1000.000000 	 0 
1 	 5 	 4 	 0 	 0.000000 	 1000.000000 	 0 
1 	 5 	 4 	 1 	 0.000000 	 1000.000000 	 0 
1 	 5 	 4 	 2 	 0.000000 	 1000.000000 	 0 
1 	 5 	 4 	 3 	 0.000000 	 1000.000000 	 0 
1 	 5 	 4 	 4 	 0.000000 	 1000.000000 	 0 
1 	 5 	 4 	 5 	 0.000000 	 1000.000000 	 0 
1 	 5 	 4 	 6 	 0.000000 	 1000.000000 	 0 
1 	 5 	 4 	 7 	 0.000000 	 1000.000000 	 0 
1 	 5 	 4 	 8 	 0.000000 	 1000.000000 	 0 
1 	 5 	 4 	 9 	 0.000000 	 1000.000000 	 0 
1 	 5 	 4 	 10 	 0.000000 	 1000.000000 	 0 
1 	 5 	 4 	 11 	 0.000000 	 1000.000000 	 0 
1 	 5 	 4 	 12 	 0.000000 	 1000.000000 	 0 
1 	 5 	 4 	 13 	 0.000000 	 1000.000000 	 0 
1 	 5 	 4 	 14 	 0.000000 	 1000.000000 	 0 
1 	 5 	 4 	 15 	 0.000000 	 1000.000000 	 0 
1 	 5 	 4 	 16 	 0.000000 	 1000.000000 	 0 
1 	 5 	 4 	 17 	 0.000000 	 1000.000000 	 0 
1 	 5 	 4 	 18 	 0.000000 	 1000.000000 	 0 
1 	 5 	 4 	 19 	 0.000000 	 1000.000000 	 0 
1 	 5 	 4 	 20 	 0.000000 	 1000.000000 	 0 
1 	 5 	 4 	 21 	 0.000000 	 1000.000000 	 0 
1 	 5 	 4 	 22 	 0.000000 	 1000.000000 	 0 
1 	 5 	 4 	 23 	 0.000000 	 1000.000000 	 0 
1 	 5 	 4 	 24 	 0.000000 	 1000.000000 	 0 
1 	 5 	 4 	 25 	 0.000000 	 1000.000000 	 0 
1 	 5 	 4 	 26 	 0.000000 	 1000.000000 	 0 
1 	 5 	 4 	 27 	 0.000000 	 1000.000000 	 0 
1 	 5 	 4 	 28 	 0.000000 	 1000.000000 	 0 
1 	 5 	 4 	 29 	 0.000000 	 1000.000000 	 0 
1 	 5 	 4 	 30 	 0.000000 	 1000.000000 	 0 
1 	 5 	 4 	 31 	 0.000000 	 1000.000000 	 0 
1 	 5 	 5 	 0 	 0.000000 	 1000.000000 	 0 
1 	 5 	 5 	 1 	 0.000000 	 1000.000000 	 0 
1 	 5 	 5 	 2 	 0.000000 	 1000.000000 	 0 
1 	 5 	 5 	 3 	 0.000000 	 1000.000000 	 0 
1 	 5 	 5 	 4 	 0.000000 	 1000.000000 	 0 
1 	 5 	 5 	 5 	 0.000000 	 1000.000000 	 0 
1 	 5 	 5 	 6 	 0.000000 	 1000.000000 	 0 
1 	 5 	 5 	 7 	 0.000000 	 1000.000000 	 0 
1 	 5 	 5 	 8 	 0.000000 	 1000.000000 	 0 
1 	 5 	 5 	 9 	 0.000000 	 1000.000000 	 0 
1 	 5 	 5 	 10 	 0.000000 	 1000.000000 	 0 
1 	 5 	 5 	 11 	 0.000000 	 1000.000000 	 0 
1 	 5 	 5 	 12 	 0.000000 	 1000.000000 	 0 
1 	 5 	 5 	 13 	 0.000000 	 1000.000000 	 0 
1 	 5 	 5 	 14 	 0.000000 	 1000.000000 	 0 
1 	 5 	 5 	 15 	 0.000000 	 1000.000000 	 0 
1 	 5 	 5 	 16 	 0.000000 	 1000.000000 	 0 
1 	 5 	 5 	 17 	 0.000000 	 1000.000000 	 0 
1 	 5 	 5 	 18 	 0.000000 	 1000.000000 	 0 
1 	 5 	 5 	 19 	 0.000000 	 1000.000000 	 0 
1 	 5 	 5 	 20 	 0.000000 	 1000.000000 	 0 
1 	 5 	 5 	 21 	 0.000000 	 1000.000000 	 0 
1 	 5 	 5 	 22 	 0.000000 	 1000.000000 	 0 
1 	 5 	 5 	 23 	 0.000000 	 1000.000000 	 0 
1 	 5 	 5 	 24 	 0.000000 	 1000.000000 	 0 
1 	 5 	 5 	 25 	 0.000000 	 1000.000000 	 0 
1 	 5 	 5 	 26 	 0.000000 	 1000.000000 	 0 
1 	 5 	 5 	 27 	 0.000000 	 1000.000000 	 0 
1 	 5 	 5 	 28 	 0.000000 	 1000.000000 	 0 
1 	 5 	 5 	 29 	 0.000000 	 1000.000000 	 0 
1 	 5 	 5 	 30 	 0.000000 	 1000.000000 	 0 
1 	 5 	 5 	 31 	 0.000000 	 1000.000000 	 0 
2 	 0 	 0 	 0 	 0.711892 	 18152.009951 	 139 
2 	 0 	 0 	 1 	 0.735967 	 24126.615364 	 139 
2 	 0 	 0 	 2 	 0.000000 	 1000.000000 	 0 
2 	 0 	 0 	 3 	 0.738412 	 8771.626945 	 136 
2 	 0 	 0 	 4 	 0.693904 	 6305.322874 	 130 
2 	 0 	 0 	 5 	 0.734641 	 19742.612763 	 139 
2 	 0 	 0 	 6 	 0.000000 	 1000.000000 	 0 
2 	 0 	 0 	 7 	 0.000000 	 1000.000000 	 0 
2 	 0 	 0 	 8 	 0.740216 	 7365.755920 	 110 
2 	 0 	 0 	 9 	 0.720705 	 20172.172194 	 138 
2 	 0 	 0 	 10 	 0.000000 	 1000.000000 	 0 
2 	 0 	 0 	 11 	 0.646323 	 987.961315 	 124 
2 	 0 	 0 	 12 	 0.715765 	 3459.952454 	 101 
2 	 0 	 0 	 13 	 0.678593 	 8227.144742 	 123 
2 	 0 	 0 	 14 	 0.739282 	 6024.336368 	 120 
2 	 0 	 0 	 15 	 0.718821 	 9552.895189 	 128 
2 	 0 	 0 	 16 	 0.717977 	 4842.110167 	 107 
2 	 0 	 0 	 17 	 0.697846 	 3671.219529 	 113 
2 	 0 	 0 	 18 	 0.000000 	 1000.000000 	 0 
2 	 0 	 0 	 19 	 0.703613 	 14305.583581 	 104 
2 	 0 	 0 	 20 	 0.679851 	 936.076323 	 97 
2 	 0 	 0 	 21 	 0.000000 	 1000.000000 	 0 
2 	 0 	 0 	 22 	 0.730152 	 3661.323481 	 87 
2 	 0 	 0 	 23 	 0.708280 	 2191.505914 	 105 
2 	 0 	 0 	 24 	 0.685387 	 9982.828399 	 107 
2 	 0 	 0 	 25 	 0.697448 	 3678.382570 	 123 
2 	 0 	 0 	 26 	 0.706952 	 5704.065330 	 119 
2 	 0 	 0 	 27 	 0.714513 	 3326.414230 	 123 
2 	 0 	 0 	 28 	 0.702708 	 5715.370632 	 141 
2 	 0 	 0 	 29 	 0.705694 	 5866.662573 	 132 
2 	 0 	 0 	 30 	 0.706883 	 6898.152745 	 119 
2 	 0 	 0 	 31 	 0.719631 	 4743.560030 	 138 
2 	 0 	 1 	 0 	 0.708767 	 10775.028697 	 158 
2 	 0 	 1 	 1 	 0.722376 	 11926.657387 	 131 
2 	 0 	 1 	 2 	 0.000000 	 1000.000000 	 0 
2 	 0 	 1 	 3 	 0.711911 	 4574.523767 	 123 
2 	 0 	 1 	 4 	 0.000000 	 1000.000000 	 0 
2 	 0 	 1 	 5 	 0.000000 	 1000.000000 	 0 
2 	 0 	 1 	 6 	 0.710111 	 11187.686633 	 133 
2 	 0 	 1 	 7 	 0.729544 	 9145.810526 	 124 
2 	 0 	 1 	 8 	 0.702374 	 13660.306523 	 145 
2 	 0 	 1 	 9 	 0.714906 	 9781.760919 	 150 
2 	 0 	 1 	 10 	 0.696589 	 4826.550621 	 140 
2 	 0 	 1 	 11 	 0.715069 	 7720.423103 	 141 
2 	 0 	 1 	 12 	 0.719627 	 25187.266077 	 157 
2 	 0 	 1 	 13 	 0.734850 	 21298.590048 	 131 
2 	 0 	 1 	 14 	 0.737336 	 7475.564496 	 124 
2 	 0 	 1 	 15 	 0.700666 	 11036.716651 	 130 
2 	 0 	 1 	 16 	 0.720625 	 5894.030417 	 134 
2 	 0 	 1 	 17 	 0.710769 	 4710.033336 	 110 
2 	 0 	 1 	 18 	 0.721076 	 9850.123413 	 132 
2 	 0 	 1 	 19 	 0.717474 	 7751.080181 	 121 
2 	 0 	 1 	 20 	 0.676762 	 858.994642 	 123 
2 	 0 	 1 	 21 	 0.724261 	 6856.496312 	 139 
2 	 0 	 1 	 22 	 0.737050 	 970.285643 	 128 
2 	 0 	 1 	 23 	 0.715317 	 10700.981664 	 103 
2 	 0 	 1 	 24 	 0.710868 	 7308.543697 	 103 
2 	 0 	 1 	 25 	 0.718688 	 1704.701368 	 106 
2 	 0 	 1 	 26 	 0.704753 	 7969.080388 	 112 
2 	 0 	 1 	 27 	 0.692325 	 7237.245632 	 120 
2 	 0 	 1 	 28 	 0.700967 	 10114.488226 	 128 
2 	 0 	 1 	 29 	 0.702412 	 23377.620086 	 140 
2 	 0 	 1 	 30 	 0.723270 	 7932.387133 	 121 
2 	 0 	 1 	 31 	 0.638358 	 1030.362413 	 154 
2 	 0 	 2 	 0 	 0.711112 	 5446.138992 	 138 
2 	 0 	 2 	 1 	 0.696564 	 7452.841958 	 146 
2 	 0 	 2 	 2 	 0.721846 	 15965.062049 	 145 
2 	 0 	 2 	 3 	 0.710588 	 4351.173070 	 148 
2 	 0 	 2 	 4 	 0.711720 	 7348.210080 	 128 
2 	 0 	 2 	 5 	 0.706507 	 22605.641657 	 139 
2 	 0 	 2 	 6 	 0.639645 	 996.782421 	 129 
2 	 0 	 2 	 7 	 0.713633 	 4966.887855 	 138 
2 	 0 	 2 	 8 	 0.704877 	 6269.333841 	 156 
2 	 0 	 2 	 9 	 0.717720 	 9249.477768 	 154 
2 	 0 	 2 	 10 	 0.689846 	 10739.163855 	 142 
2 	 0 	 2 	 11 	 0.694362 	 1141.498705 	 159 
2 	 0 	 2 	 12 	 0.705649 	 5600.474412 	 139 
2 	 0 	 2 	 13 	 0.000000 	 1000.000000 	 0 
2 	 0 	 2 	 14 	 0.000000 	 1000.000000 	 0 
2 	 0 	 2 	 15 	 0.712627 	 20013.208851 	 115 
2 	 0 	 2 	 16 	 0.000000 	 1000.000000 	 0 
2 	 0 	 2 	 17 	 0.721650 	 5944.560244 	 115 
2 	 0 	 2 	 18 	 0.724831 	 5867.186843 	 126 
2 	 0 	 2 	 19 	 0.711437 	 11793.630073 	 126 
2 	 0 	 2 	 20 	 0.000000 	 1000.000000 	 0 
2 	 0 	 2 	 21 	 0.000000 	 1000.000000 	 0 
2 	 0 	 2 	 22 	 0.000000 	 1000.000000 	 0 
2 	 0 	 2 	 23 	 0.739559 	 11055.215870 	 109 
2 	 0 	 2 	 24 	 0.610056 	 1007.542839 	 119 
2 	 0 	 2 	 25 	 0.714686 	 61305.597956 	 108 
2 	 0 	 2 	 26 	 0.682904 	 8407.007783 	 141 
2 	 0 	 2 	 27 	 0.692303 	 21001.825264 	 107 
2 	 0 	 2 	 28 	 0.727640 	 12209.698643 	 121 
2 	 0 	 2 	 29 	 0.000000 	 1000.000000 	 0 
2 	 0 	 2 	 30 	 0.700922 	 6596.338181 	 132 
2 	 0 	 2 	 31 	 0.728309 	 3713.173409 	 125 
2 	 0 	 3 	 0 	 0.725822 	 4562.785825 	 115 
2 	 0 	 3 	 1 	 0.717211 	 8995.543570 	 141 
2 	 0 	 3 	 2 	 0.716569 	 28659.249056 	 146 
2 	 0 	 3 	 3 	 0.705357 	 10860.415261 	 148 
2 	 0 	 3 	 4 	 0.700880 	 8239.478646 	 135 
2 	 0 	 3 	 5 	 0.000000 	 1000.000000 	 0 
2 	 0 	 3 	 6 	 0.000000 	 1000.000000 	 0 
2 	 0 	 3 	 7 	 0.000000 	 1000.000000 	 0 
2 	 0 	 3 	 8 	 0.000000 	 1000.000000 	 0 
2 	 0 	 3 	 9 	 0.000000 	 1000.000000 	 0 
2 	 0 	 3 	 10 	 0.000000 	 1000.000000 	 0 
2 	 0 	 3 	 11 	 0.000000 	 1000.000000 	 0 
2 	 0 	 3 	 12 	 0.000000 	 1000.000000 	 0 
2 	 0 	 3 	 13 	 0.696023 	 4362.632521 	 137 
2 	 0 	 3 	 14 	 0.679661 	 932.783891 	 148 
2 	 0 	 3 	 15 	 0.745472 	 15748.716974 	 122 
2 	 0 	 3 	 16 	 0.000000 	 1000.000000 	 0 
2 	 0 	 3 	 17 	 0.721686 	 4507.271641 	 131 
2 	 0 	 3 	 18 	 0.710593 	 6485.732046 	 145 
2 	 0 	 3 	 19 	 0.715879 	 4905.432316 	 122 
2 	 0 	 3 	 20 	 0.693625 	 4160.997517 	 122 
2 	 0 	 3 	 21 	 0.677508 	 894.293537 	 121 
2 	 0 	 3 	 22 	 0.683387 	 899.298874 	 119 
2 	 0 	 3 	 23 	 0.719628 	 2006.575705 	 107 
2 	 0 	 3 	 24 	 0.703423 	 6132.176047 	 123 
2 	 0 	 3 	 25 	 0.713791 	 3786.928961 	 112 
2 	 0 	 3 	 26 	 0.708245 	 5192.253201 	 107 
2 	 0 	 3 	 27 	 0.687209 	 6540.447720 	 126 
2 	 0 	 3 	 28 	 0.687431 	 1100.642192 	 119 
2 	 0 	 3 	 29 	 0.697207 	 7310.791749 	 158 
2 	 0 	 3 	 30 	 0.721878 	 3985.750624 	 145 
2 	 0 	 3 	 31 	 0.707303 	 5328.218182 	 123 
2 	 0 	 4 	 0 	 0.712894 	 10007.421453 	 119 
2 	 0 	 4 	 1 	 0.706543 	 8281.268795 	 139 
2 	 0 	 4 	 2 	 0.702404 	 3917.062555 	 162 
2 	 0 	 4 	 3 	 0.696969 	 4106.691256 	 131 
2 	 0 	 4 	 4 	 0.688836 	 1055.660578 	 137 
2 	 0 	 4 	 5 	 0.703037 	 10510.844173 	 117 
2 	 0 	 4 	 6 	 0.716881 	 8683.364742 	 134 
2 	 0 	 4 	 7 	 0.695803 	 9325.374175 	 131 
2 	 0 	 4 	 8 	 0.723604 	 4449.778351 	 144 
2 	 0 	 4 	 9 	 0.725777 	 8461.710224 	 145 
2 	 0 	 4 	 10 	 0.698960 	 7708.096119 	 144 
2 	 0 	 4 	 11 	 0.738273 	 7494.998685 	 118 
2 	 0 	 4 	 12 	 0.705803 	 6770.670268 	 146 
2 	 0 	 4 	 13 	 0.728174 	 877.123626 	 140 
2 	 0 	 4 	 14 	 0.000000 	 1000.000000 	 0 
2 	 0 	 4 	 15 	 0.766742 	 967.742221 	 143 
2 	 0 	 4 	 16 	 0.726195 	 7108.116554 	 134 
2 	 0 	 4 	 17 	 0.728549 	 20477.632887 	 111 
2 	 0 	 4 	 18 	 0.727063 	 261178.340824 	 134 
2 	 0 	 4 	 19 	 0.699500 	 1008.267005 	 129 
2 	 0 	 4 	 20 	 0.726633 	 4345.851441 	 127 
2 	 0 	 4 	 21 	 0.674213 	 4543.186623 	 107 
2 	 0 	 4 	 22 	 0.000000 	 1000.000000 	 0 
2 	 0 	 4 	 23 	 0.722525 	 16976.195210 	 109 
2 	 0 	 4 	 24 	 0.707765 	 4517.283420 	 117 
2 	 0 	 4 	 25 	 0.719745 	 14000.074184 	 101 
2 	 0 	 4 	 26 	 0.712381 	 3749.163291 	 112 
2 	 0 	 4 	 27 	 0.693562 	 2962.008908 	 103 
2 	 0 	 4 	 28 	 0.689830 	 4502.126928 	 116 
2 	 0 	 4 	 29 	 0.808878 	 723.773787 	 110 
2 	 0 	 4 	 30 	 0.000000 	 1000.000000 	 0 
2 	 0 	 4 	 31 	 0.730586 	 5920.419495 	 129 
2 	 0 	 5 	 0 	 0.739532 	 10776.261048 	 117 
2 	 0 	 5 	 1 	 0.714982 	 7301.500287 	 115 
2 	 0 	 5 	 2 	 0.716059 	 9960.401179 	 121 
2 	 0 	 5 	 3 	 0.701798 	 5711.648644 	 129 
2 	 0 	 5 	 4 	 0.672288 	 1743.873393 	 102 
2 	 0 	 5 	 5 	 0.725062 	 8556.195164 	 120 
2 	 0 	 5 	 6 	 0.738072 	 10083.744556 	 125 
2 	 0 	 5 	 7 	 0.693720 	 4083.164448 	 127 
2 	 0 	 5 	 8 	 0.705325 	 5022.217085 	 144 
2 	 0 	 5 	 9 	 0.708676 	 15843.436904 	 138 
2 	 0 	 5 	 10 	 0.630757 	 1941.137495 	 117 
2 	 0 	 5 	 11 	 0.000000 	 1000.000000 	 0 
2 	 0 	 5 	 12 	 0.739340 	 12370.232651 	 116 
2 	 0 	 5 	 13 	 0.000000 	 1000.000000 	 0 
2 	 0 	 5 	 14 	 0.711445 	 7947.656761 	 120 
2 	 0 	 5 	 15 	 0.711709 	 5993.578730 	 127 
2 	 0 	 5 	 16 	 0.812630 	 984.264958 	 106 
2 	 0 	 5 	 17 	 0.702695 	 8155.657491 	 141 
2 	 0 	 5 	 18 	 0.643495 	 996.935389 	 123 
2 	 0 	 5 	 19 	 0.741131 	 19650.112182 	 115 
2 	 0 	 5 	 20 	 0.809932 	 866.960727 	 103 
2 	 0 	 5 	 21 	 0.706590 	 5174.753393 	 132 
2 	 0 	 5 	 22 	 0.000000 	 1000.000000 	 0 
2 	 0 	 5 	 23 	 0.707940 	 8636.337646 	 125 
2 	 0 	 5 	 24 	 0.731000 	 2623.699763 	 97 
2 	 0 	 5 	 25 	 0.743610 	 9648.693132 	 80 
2 	 0 	 5 	 26 	 0.714463 	 4374.767531 	 104 
2 	 0 	 5 	 27 	 0.000000 	 1000.000000 	 0 
2 	 0 	 5 	 28 	 0.673331 	 950.466237 	 102 
2 	 0 	 5 	 29 	 0.733895 	 12674.567008 	 120 
2 	 0 	 5 	 30 	 0.717812 	 8841.745958 	 129 
2 	 0 	 5 	 31 	 0.712100 	 12128.826768 	 106 
2 	 1 	 0 	 0 	 0.712443 	 10158.182318 	 115 
2 	 1 	 0 	 1 	 0.727013 	 6688.356644 	 102 
2 	 1 	 0 	 2 	 0.739019 	 22356.421461 	 113 
2 	 1 	 0 	 3 	 0.695870 	 6887.755626 	 132 
2 	 1 	 0 	 4 	 0.000000 	 1000.000000 	 0 
2 	 1 	 0 	 5 	 0.705190 	 8846.312254 	 121 
2 	 1 	 0 	 6 	 0.692501 	 7513.599005 	 133 
2 	 1 	 0 	 7 	 0.716858 	 8648.742187 	 127 
2 	 1 	 0 	 8 	 0.708561 	 5074.929939 	 114 
2 	 1 	 0 	 9 	 0.000000 	 1000.000000 	 0 
2 	 1 	 0 	 10 	 0.693473 	 5950.656258 	 106 
2 	 1 	 0 	 11 	 0.644540 	 976.620800 	 121 
2 	 1 	 0 	 12 	 0.701135 	 9672.716858 	 142 
2 	 1 	 0 	 13 	 0.540800 	 960.158956 	 128 
2 	 1 	 0 	 14 	 0.718477 	 4132.039751 	 122 
2 	 1 	 0 	 15 	 0.706846 	 4967.139550 	 122 
2 	 1 	 0 	 16 	 0.695045 	 9108.256057 	 114 
2 	 1 	 0 	 17 	 0.726231 	 2619.369598 	 98 
2 	 1 	 0 	 18 	 0.000000 	 1000.000000 	 0 
2 	 1 	 0 	 19 	 0.724725 	 3435.567348 	 106 
2 	 1 	 0 	 20 	 0.000000 	 1000.000000 	 0 
2 	 1 	 0 	 21 	 0.688960 	 7493.620648 	 102 
2 	 1 	 0 	 22 	 0.000000 	 1000.000000 	 0 
2 	 1 	 0 	 23 	 0.713685 	 20007.931839 	 114 
2 	 1 	 0 	 24 	 0.000000 	 1000.000000 	 0 
2 	 1 	 0 	 25 	 0.727747 	 27415.667089 	 100 
2 	 1 	 0 	 26 	 0.712176 	 8704.058146 	 112 
2 	 1 	 0 	 27 	 0.742372 	 3096.569862 	 109 
2 	 1 	 0 	 28 	 0.721437 	 3106.684241 	 97 
2 	 1 	 0 	 29 	 0.691201 	 5697.731420 	 112 
2 	 1 	 0 	 30 	 0.727174 	 21532.608063 	 120 
2 	 1 	 0 	 31 	 0.716566 	 6026.437818 	 116 
2 	 1 	 1 	 0 	 0.643411 	 1008.677929 	 115 
2 	 1 	 1 	 1 	 0.000000 	 1000.000000 	 0 
2 	 1 	 1 	 2 	 0.000000 	 1000.000000 	 0 
2 	 1 	 1 	 3 	 0.722424 	 9972.128029 	 117 
2 	 1 	 1 	 4 	 0.711064 	 7326.431646 	 127 
2 	 1 	 1 	 5 	 0.726805 	 3668.023458 	 133 
2 	 1 	 1 	 6 	 0.704058 	 6384.930805 	 148 
2 	 1 	 1 	 7 	 0.723070 	 5863.743147 	 130 
2 	 1 	 1 	 8 	 0.720122 	 7949.945512 	 154 
2 	 1 	 1 	 9 	 0.679721 	 5168.539505 	 134 
2 	 1 	 1 	 10 	 0.684824 	 5432.968118 	 135 
2 	 1 	 1 	 11 	 0.000000 	 1000.000000 	 0 
2 	 1 	 1 	 12 	 0.731887 	 17004.160334 	 121 
2 	 1 	 1 	 13 	 0.707660 	 17967.702940 	 137 
2 	 1 	 1 	 14 	 0.696170 	 7984.575360 	 135 
2 	 1 	 1 	 15 	 0.773100 	 784.235052 	 116 
2 	 1 	 1 	 16 	 0.700711 	 10292.172611 	 116 
2 	 1 	 1 	 17 	 0.690569 	 3170.103691 	 123 
2 	 1 	 1 	 18 	 0.703060 	 14145.364002 	 116 
2 	 1 	 1 	 19 	 0.000000 	 1000.000000 	 0 
2 	 1 	 1 	 20 	 0.728418 	 25341.313091 	 119 
2 	 1 	 1 	 21 	 0.687745 	 8995.973259 	 126 
2 	 1 	 1 	 22 	 0.701957 	 7543.443830 	 119 
2 	 1 	 1 	 23 	 0.732240 	 10512.602456 	 148 
2 	 1 	 1 	 24 	 0.711019 	 13015.840363 	 133 
2 	 1 	 1 	 25 	 0.697225 	 9840.743214 	 127 
2 	 1 	 1 	 26 	 0.662950 	 898.934400 	 133 
2 	 1 	 1 	 27 	 0.732799 	 19558.056417 	 113 
2 	 1 	 1 	 28 	 0.709494 	 8868.440070 	 119 
2 	 1 	 1 	 29 	 0.000000 	 1000.000000 	 0 
2 	 1 	 1 	 30 	 0.697796 	 5838.760448 	 116 
2 	 1 	 1 	 31 	 0.000000 	 1000.000000 	 0 
2 	 1 	 2 	 0 	 0.000000 	 1000.000000 	 0 
2 	 1 	 2 	 1 	 0.000000 	 1000.000000 	 0 
2 	 1 	 2 	 2 	 0.000000 	 1000.000000 	 0 
2 	 1 	 2 	 3 	 0.000000 	 1000.000000 	 0 
2 	 1 	 2 	 4 	 0.000000 	 1000.000000 	 0 
2 	 1 	 2 	 5 	 0.000000 	 1000.000000 	 0 
2 	 1 	 2 	 6 	 0.000000 	 1000.000000 	 0 
2 	 1 	 2 	 7 	 0.000000 	 1000.000000 	 0 
2 	 1 	 2 	 8 	 0.000000 	 1000.000000 	 0 
2 	 1 	 2 	 9 	 0.000000 	 1000.000000 	 0 
2 	 1 	 2 	 10 	 0.000000 	 1000.000000 	 0 
2 	 1 	 2 	 11 	 0.000000 	 1000.000000 	 0 
2 	 1 	 2 	 12 	 0.000000 	 1000.000000 	 0 
2 	 1 	 2 	 13 	 0.000000 	 1000.000000 	 0 
2 	 1 	 2 	 14 	 0.000000 	 1000.000000 	 0 
2 	 1 	 2 	 15 	 0.000000 	 1000.000000 	 0 
2 	 1 	 2 	 16 	 0.000000 	 1000.000000 	 0 
2 	 1 	 2 	 17 	 0.000000 	 1000.000000 	 0 
2 	 1 	 2 	 18 	 0.000000 	 1000.000000 	 0 
2 	 1 	 2 	 19 	 0.000000 	 1000.000000 	 0 
2 	 1 	 2 	 20 	 0.000000 	 1000.000000 	 0 
2 	 1 	 2 	 21 	 0.000000 	 1000.000000 	 0 
2 	 1 	 2 	 22 	 0.000000 	 1000.000000 	 0 
2 	 1 	 2 	 23 	 0.000000 	 1000.000000 	 0 
2 	 1 	 2 	 24 	 0.000000 	 1000.000000 	 0 
2 	 1 	 2 	 25 	 0.000000 	 1000.000000 	 0 
2 	 1 	 2 	 26 	 0.000000 	 1000.000000 	 0 
2 	 1 	 2 	 27 	 0.000000 	 1000.000000 	 0 
2 	 1 	 2 	 28 	 0.000000 	 1000.000000 	 0 
2 	 1 	 2 	 29 	 0.000000 	 1000.000000 	 0 
2 	 1 	 2 	 30 	 0.000000 	 1000.000000 	 0 
2 	 1 	 2 	 31 	 0.000000 	 1000.000000 	 0 
2 	 1 	 3 	 0 	 0.704253 	 9367.007964 	 121 
2 	 1 	 3 	 1 	 0.729199 	 5644.583548 	 128 
2 	 1 	 3 	 2 	 0.701184 	 8066.785754 	 130 
2 	 1 	 3 	 3 	 0.705440 	 6791.608086 	 140 
2 	 1 	 3 	 4 	 0.689936 	 17037.185790 	 125 
2 	 1 	 3 	 5 	 0.726925 	 6959.923463 	 139 
2 	 1 	 3 	 6 	 0.706409 	 6951.828604 	 138 
2 	 1 	 3 	 7 	 0.725224 	 10138.339296 	 126 
2 	 1 	 3 	 8 	 0.706217 	 6528.703610 	 123 
2 	 1 	 3 	 9 	 0.000000 	 1000.000000 	 0 
2 	 1 	 3 	 10 	 0.000000 	 1000.000000 	 0 
2 	 1 	 3 	 11 	 0.000000 	 1000.000000 	 0 
2 	 1 	 3 	 12 	 0.705599 	 4755.134334 	 107 
2 	 1 	 3 	 13 	 0.707846 	 5176.928983 	 125 
2 	 1 	 3 	 14 	 0.729034 	 12113.054357 	 128 
2 	 1 	 3 	 15 	 0.702017 	 4456.414616 	 110 
2 	 1 	 3 	 16 	 0.720977 	 8135.135552 	 134 
2 	 1 	 3 	 17 	 0.691263 	 14577.717964 	 126 
2 	 1 	 3 	 18 	 0.744828 	 6543.844288 	 122 
2 	 1 	 3 	 19 	 0.585712 	 1056.450489 	 114 
2 	 1 	 3 	 20 	 0.695353 	 5900.322047 	 116 
2 	 1 	 3 	 21 	 0.731460 	 21651.509275 	 126 
2 	 1 	 3 	 22 	 0.000000 	 1000.000000 	 0 
2 	 1 	 3 	 23 	 0.714964 	 9536.939618 	 134 
2 	 1 	 3 	 24 	 0.711219 	 6355.766721 	 115 
2 	 1 	 3 	 25 	 0.000000 	 1000.000000 	 0 
2 	 1 	 3 	 26 	 0.697783 	 6959.828126 	 118 
2 	 1 	 3 	 27 	 0.687970 	 4820.782341 	 119 
2 	 1 	 3 	 28 	 0.706304 	 8106.438977 	 115 
2 	 1 	 3 	 29 	 0.000000 	 1000.000000 	 0 
2 	 1 	 3 	 30 	 0.688543 	 771.127312 	 119 
2 	 1 	 3 	 31 	 0.734542 	 11166.190552 	 116 
2 	 1 	 4 	 0 	 0.747948 	 23786.602517 	 130 
2 	 1 	 4 	 1 	 0.725353 	 5244.796544 	 107 
2 	 1 	 4 	 2 	 0.728457 	 14338.341162 	 146 
2 	 1 	 4 	 3 	 0.741241 	 20576.633420 	 126 
2 	 1 	 4 	 4 	 0.697977 	 3566.370901 	 114 
2 	 1 	 4 	 5 	 0.726369 	 15071.876173 	 110 
2 	 1 	 4 	 6 	 0.000000 	 1000.000000 	 0 
2 	 1 	 4 	 7 	 0.718148 	 4358.048111 	 122 
2 	 1 	 4 	 8 	 0.000000 	 1000.000000 	 0 
2 	 1 	 4 	 9 	 0.000000 	 1000.000000 	 0 
2 	 1 	 4 	 10 	 0.000000 	 1000.000000 	 0 
2 	 1 	 4 	 11 	 0.000000 	 1000.000000 	 0 
2 	 1 	 4 	 12 	 0.696198 	 8775.354866 	 109 
2 	 1 	 4 	 13 	 0.715822 	 10044.710339 	 119 
2 	 1 	 4 	 14 	 0.732751 	 48674.639993 	 130 
2 	 1 	 4 	 15 	 0.000000 	 1000.000000 	 0 
2 	 1 	 4 	 16 	 0.715565 	 3211.869344 	 126 
2 	 1 	 4 	 17 	 0.711918 	 5293.561014 	 124 
2 	 1 	 4 	 18 	 0.683810 	 7956.555424 	 105 
2 	 1 	 4 	 19 	 0.000000 	 1000.000000 	 0 
2 	 1 	 4 	 20 	 0.000000 	 1000.000000 	 0 
2 	 1 	 4 	 21 	 0.000000 	 1000.000000 	 0 
2 	 1 	 4 	 22 	 0.000000 	 1000.000000 	 0 
2 	 1 	 4 	 23 	 0.714916 	 4844.240474 	 133 
2 	 1 	 4 	 24 	 0.000000 	 1000.000000 	 0 
2 	 1 	 4 	 25 	 0.000000 	 1000.000000 	 0 
2 	 1 	 4 	 26 	 0.000000 	 1000.000000 	 0 
2 	 1 	 4 	 27 	 0.598183 	 894.507717 	 113 
2 	 1 	 4 	 28 	 0.705494 	 10438.707427 	 126 
2 	 1 	 4 	 29 	 0.715074 	 12807.047719 	 107 
2 	 1 	 4 	 30 	 0.000000 	 1000.000000 	 0 
2 	 1 	 4 	 31 	 0.704565 	 5478.028497 	 121 
2 	 1 	 5 	 0 	 0.684843 	 5638.602403 	 89 
2 	 1 	 5 	 1 	 0.711015 	 2726.009987 	 102 
2 	 1 	 5 	 2 	 0.716350 	 3582.676261 	 102 
2 	 1 	 5 	 3 	 0.705853 	 6241.219377 	 117 
2 	 1 	 5 	 4 	 0.722956 	 7592.555212 	 110 
2 	 1 	 5 	 5 	 0.718388 	 5716.947124 	 104 
2 	 1 	 5 	 6 	 0.693435 	 5893.261217 	 103 
2 	 1 	 5 	 7 	 0.721923 	 5013.306354 	 108 
2 	 1 	 5 	 8 	 0.726690 	 1033.765335 	 125 
2 	 1 	 5 	 9 	 0.723275 	 12459.790400 	 140 
2 	 1 	 5 	 10 	 0.731706 	 13994.966500 	 126 
2 	 1 	 5 	 11 	 0.731447 	 55080.549809 	 138 
2 	 1 	 5 	 12 	 0.715526 	 6517.551046 	 109 
2 	 1 	 5 	 13 	 0.718213 	 6727.844654 	 134 
2 	 1 	 5 	 14 	 0.708765 	 17153.710838 	 109 
2 	 1 	 5 	 15 	 0.478269 	 1045.301243 	 117 
2 	 1 	 5 	 16 	 0.705200 	 3073.331510 	 94 
2 	 1 	 5 	 17 	 0.730108 	 11119.726064 	 114 
2 	 1 	 5 	 18 	 0.722604 	 2718.044087 	 91 
2 	 1 	 5 	 19 	 0.692778 	 7645.710339 	 102 
2 	 1 	 5 	 20 	 0.695343 	 10509.438102 	 109 
2 	 1 	 5 	 21 	 0.746355 	 73120.213992 	 126 
2 	 1 	 5 	 22 	 0.713252 	 916.463732 	 103 
2 	 1 	 5 	 23 	 0.000000 	 1000.000000 	 0 
2 	 1 	 5 	 24 	 0.701315 	 3107.159432 	 80 
2 	 1 	 5 	 25 	 0.588004 	 718.230276 	 95 
2 	 1 	 5 	 26 	 0.702664 	 6507.642861 	 119 
2 	 1 	 5 	 27 	 0.734973 	 61765.267837 	 87 
2 	 1 	 5 	 28 	 0.724531 	 5802.204042 	 90 
2 	 1 	 5 	 29 	 0.701048 	 4966.604433 	 93 
2 	 1 	 5 	 30 	 0.676528 	 3516.908818 	 96 
2 	 1 	 5 	 31 	 0.714920 	 237260.552359 	 112 
2 	 2 	 0 	 0 	 0.000000 	 1000.000000 	 0 
2 	 2 	 0 	 1 	 0.000000 	 1000.000000 	 0 
2 	 2 	 0 	 2 	 0.000000 	 1000.000000 	 0 
2 	 2 	 0 	 3 	 0.000000 	 1000.000000 	 0 
2 	 2 	 0 	 4 	 0.000000 	 1000.000000 	 0 
2 	 2 	 0 	 5 	 0.000000 	 1000.000000 	 0 
2 	 2 	 0 	 6 	 0.000000 	 1000.000000 	 0 
2 	 2 	 0 	 7 	 0.000000 	 1000.000000 	 0 
2 	 2 	 0 	 8 	 0.000000 	 1000.000000 	 0 
2 	 2 	 0 	 9 	 0.000000 	 1000.000000 	 0 
2 	 2 	 0 	 10 	 0.000000 	 1000.000000 	 0 
2 	 2 	 0 	 11 	 0.000000 	 1000.000000 	 0 
2 	 2 	 0 	 12 	 0.000000 	 1000.000000 	 0 
2 	 2 	 0 	 13 	 0.000000 	 1000.000000 	 0 
2 	 2 	 0 	 14 	 0.000000 	 1000.000000 	 0 
2 	 2 	 0 	 15 	 0.000000 	 1000.000000 	 0 
2 	 2 	 0 	 16 	 0.000000 	 1000.000000 	 0 
2 	 2 	 0 	 17 	 0.000000 	 1000.000000 	 0 
2 	 2 	 0 	 18 	 0.000000 	 1000.000000 	 0 
2 	 2 	 0 	 19 	 0.000000 	 1000.000000 	 0 
2 	 2 	 0 	 20 	 0.000000 	 1000.000000 	 0 
2 	 2 	 0 	 21 	 0.000000 	 1000.000000 	 0 
2 	 2 	 0 	 22 	 0.000000 	 1000.000000 	 0 
2 	 2 	 0 	 23 	 0.000000 	 1000.000000 	 0 
2 	 2 	 0 	 24 	 0.000000 	 1000.000000 	 0 
2 	 2 	 0 	 25 	 0.000000 	 1000.000000 	 0 
2 	 2 	 0 	 26 	 0.000000 	 1000.000000 	 0 
2 	 2 	 0 	 27 	 0.000000 	 1000.000000 	 0 
2 	 2 	 0 	 28 	 0.000000 	 1000.000000 	 0 
2 	 2 	 0 	 29 	 0.000000 	 1000.000000 	 0 
2 	 2 	 0 	 30 	 0.000000 	 1000.000000 	 0 
2 	 2 	 0 	 31 	 0.000000 	 1000.000000 	 0 
2 	 2 	 1 	 0 	 0.710305 	 7874.961455 	 170 
2 	 2 	 1 	 1 	 0.713159 	 11789.026194 	 168 
2 	 2 	 1 	 2 	 0.696334 	 8052.871966 	 147 
2 	 2 	 1 	 3 	 0.726601 	 8576.165645 	 141 
2 	 2 	 1 	 4 	 0.665419 	 1253.437227 	 162 
2 	 2 	 1 	 5 	 0.713539 	 9345.467583 	 142 
2 	 2 	 1 	 6 	 0.725470 	 34089.562873 	 201 
2 	 2 	 1 	 7 	 0.717011 	 9545.870887 	 166 
2 	 2 	 1 	 8 	 0.734922 	 5970.348832 	 160 
2 	 2 	 1 	 9 	 0.725781 	 16027.943869 	 171 
2 	 2 	 1 	 10 	 0.707171 	 9122.541533 	 162 
2 	 2 	 1 	 11 	 0.621598 	 1029.030004 	 156 
2 	 2 	 1 	 12 	 0.708832 	 5654.649973 	 147 
2 	 2 	 1 	 13 	 0.719153 	 7814.946685 	 160 
2 	 2 	 1 	 14 	 0.726012 	 19216.333167 	 145 
2 	 2 	 1 	 15 	 0.717486 	 4456.142526 	 162 
2 	 2 	 1 	 16 	 0.724372 	 7282.455847 	 165 
2 	 2 	 1 	 17 	 0.723244 	 24282.949529 	 165 
2 	 2 	 1 	 18 	 0.706337 	 1142.800986 	 153 
2 	 2 	 1 	 19 	 0.604691 	 1005.006064 	 166 
2 	 2 	 1 	 20 	 0.714588 	 9258.914735 	 155 
2 	 2 	 1 	 21 	 0.689856 	 11503.254281 	 141 
2 	 2 	 1 	 22 	 0.724569 	 62639.723657 	 129 
2 	 2 	 1 	 23 	 0.734344 	 7006.446955 	 133 
2 	 2 	 1 	 24 	 0.728080 	 6131.965065 	 122 
2 	 2 	 1 	 25 	 0.730850 	 17223.614531 	 128 
2 	 2 	 1 	 26 	 0.000000 	 1000.000000 	 0 
2 	 2 	 1 	 27 	 0.670766 	 9158.347392 	 140 
2 	 2 	 1 	 28 	 0.722409 	 14995.730882 	 148 
2 	 2 	 1 	 29 	 0.714780 	 37086.915273 	 149 
2 	 2 	 1 	 30 	 0.706675 	 22134.482648 	 160 
2 	 2 	 1 	 31 	 0.710296 	 6909.926781 	 164 
2 	 2 	 2 	 0 	 0.713857 	 11561.145583 	 148 
2 	 2 	 2 	 1 	 0.717230 	 4661.227861 	 154 
2 	 2 	 2 	 2 	 0.689617 	 10142.693919 	 164 
2 	 2 	 2 	 3 	 0.716165 	 9762.775386 	 140 
2 	 2 	 2 	 4 	 0.000000 	 1000.000000 	 0 
2 	 2 	 2 	 5 	 0.726042 	 16465.950875 	 167 
2 	 2 	 2 	 6 	 0.000000 	 1000.000000 	 0 
2 	 2 	 2 	 7 	 0.000000 	 1000.000000 	 0 
2 	 2 	 2 	 8 	 0.700373 	 11126.072695 	 164 
2 	 2 	 2 	 9 	 0.000000 	 1000.000000 	 0 
2 	 2 	 2 	 10 	 0.000000 	 1000.000000 	 0 
2 	 2 	 2 	 11 	 0.000000 	 1000.000000 	 0 
2 	 2 	 2 	 12 	 0.671638 	 12099.103612 	 155 
2 	 2 	 2 	 13 	 0.706709 	 30002.773648 	 170 
2 	 2 	 2 	 14 	 0.709839 	 5250.282838 	 131 
2 	 2 	 2 	 15 	 0.703865 	 7747.237458 	 153 
2 	 2 	 2 	 16 	 0.000000 	 1000.000000 	 0 
2 	 2 	 2 	 17 	 0.701385 	 11536.095642 	 144 
2 	 2 	 2 	 18 	 0.637812 	 1131.395975 	 155 
2 	 2 	 2 	 19 	 0.726578 	 11112.628962 	 156 
2 	 2 	 2 	 20 	 0.000000 	 1000.000000 	 0 
2 	 2 	 2 	 21 	 0.000000 	 1000.000000 	 0 
2 	 2 	 2 	 22 	 0.000000 	 1000.000000 	 0 
2 	 2 	 2 	 23 	 0.000000 	 1000.000000 	 0 
2 	 2 	 2 	 24 	 0.000000 	 1000.000000 	 0 
2 	 2 	 2 	 25 	 0.000000 	 1000.000000 	 0 
2 	 2 	 2 	 26 	 0.000000 	 1000.000000 	 0 
2 	 2 	 2 	 27 	 0.000000 	 1000.000000 	 0 
2 	 2 	 2 	 28 	 0.000000 	 1000.000000 	 0 
2 	 2 	 2 	 29 	 0.000000 	 1000.000000 	 0 
2 	 2 	 2 	 30 	 0.724461 	 28448.725459 	 162 
2 	 2 	 2 	 31 	 0.717716 	 7221.728487 	 155 
2 	 2 	 3 	 0 	 0.749893 	 19974.238370 	 169 
2 	 2 	 3 	 1 	 0.698060 	 10082.853718 	 137 
2 	 2 	 3 	 2 	 0.732215 	 66235.433829 	 158 
2 	 2 	 3 	 3 	 0.760509 	 81869.210395 	 150 
2 	 2 	 3 	 4 	 0.704041 	 9006.050659 	 148 
2 	 2 	 3 	 5 	 0.698196 	 13232.470886 	 150 
2 	 2 	 3 	 6 	 0.702565 	 5891.608657 	 134 
2 	 2 	 3 	 7 	 0.000000 	 1000.000000 	 0 
2 	 2 	 3 	 8 	 0.724612 	 7110.029614 	 146 
2 	 2 	 3 	 9 	 0.729942 	 42327.382348 	 174 
2 	 2 	 3 	 10 	 0.712292 	 8018.281198 	 165 
2 	 2 	 3 	 11 	 0.687927 	 8201.247642 	 159 
2 	 2 	 3 	 12 	 0.732250 	 1189.360808 	 156 
2 	 2 	 3 	 13 	 0.718992 	 6672.937114 	 159 
2 	 2 	 3 	 14 	 0.654625 	 5433.015153 	 148 
2 	 2 	 3 	 15 	 0.719774 	 19017.509227 	 156 
2 	 2 	 3 	 16 	 0.707753 	 5178.811357 	 152 
2 	 2 	 3 	 17 	 0.701509 	 17435.271831 	 153 
2 	 2 	 3 	 18 	 0.731142 	 6066.199310 	 136 
2 	 2 	 3 	 19 	 0.000000 	 1000.000000 	 0 
2 	 2 	 3 	 20 	 0.000000 	 1000.000000 	 0 
2 	 2 	 3 	 21 	 0.000000 	 1000.000000 	 0 
2 	 2 	 3 	 22 	 0.000000 	 1000.000000 	 0 
2 	 2 	 3 	 23 	 0.000000 	 1000.000000 	 0 
2 	 2 	 3 	 24 	 0.701435 	 13252.336490 	 116 
2 	 2 	 3 	 25 	 0.000000 	 1000.000000 	 0 
2 	 2 	 3 	 26 	 0.711310 	 1077.341319 	 148 
2 	 2 	 3 	 27 	 0.696784 	 12259.824806 	 166 
2 	 2 	 3 	 28 	 0.720461 	 7950.035105 	 144 
2 	 2 	 3 	 29 	 0.000000 	 1000.000000 	 0 
2 	 2 	 3 	 30 	 0.000000 	 1000.000000 	 0 
2 	 2 	 3 	 31 	 0.685990 	 7908.989311 	 159 
2 	 2 	 4 	 0 	 0.711035 	 7838.943275 	 169 
2 	 2 	 4 	 1 	 0.725055 	 16379.426754 	 173 
2 	 2 	 4 	 2 	 0.674819 	 1253.205862 	 160 
2 	 2 	 4 	 3 	 0.000000 	 1000.000000 	 0 
2 	 2 	 4 	 4 	 0.720468 	 17241.781588 	 136 
2 	 2 	 4 	 5 	 0.716623 	 13072.106693 	 143 
2 	 2 	 4 	 6 	 0.297145 	 565.295641 	 154 
2 	 2 	 4 	 7 	 0.718927 	 6411.461322 	 168 
2 	 2 	 4 	 8 	 0.708230 	 9324.093080 	 164 
2 	 2 	 4 	 9 	 0.722442 	 8253.900824 	 154 
2 	 2 	 4 	 10 	 0.741153 	 33322.975769 	 162 
2 	 2 	 4 	 11 	 0.688528 	 7979.942253 	 144 
2 	 2 	 4 	 12 	 0.726140 	 5894.102994 	 145 
2 	 2 	 4 	 13 	 0.767398 	 1094.828748 	 154 
2 	 2 	 4 	 14 	 0.705427 	 16491.041077 	 143 
2 	 2 	 4 	 15 	 0.704501 	 7308.225234 	 141 
2 	 2 	 4 	 16 	 0.707874 	 4607.235704 	 135 
2 	 2 	 4 	 17 	 0.717866 	 148865.558133 	 143 
2 	 2 	 4 	 18 	 0.726155 	 9717.056219 	 126 
2 	 2 	 4 	 19 	 0.674638 	 13883.898284 	 167 
2 	 2 	 4 	 20 	 0.718640 	 10162.979746 	 140 
2 	 2 	 4 	 21 	 0.703447 	 10783.063217 	 156 
2 	 2 	 4 	 22 	 0.706478 	 10411.740431 	 141 
2 	 2 	 4 	 23 	 0.708535 	 8864.044886 	 144 
2 	 2 	 4 	 24 	 0.651186 	 1051.211015 	 124 
2 	 2 	 4 	 25 	 0.702462 	 11338.266834 	 128 
2 	 2 	 4 	 26 	 0.000000 	 1000.000000 	 0 
2 	 2 	 4 	 27 	 0.722147 	 47823.288548 	 135 
2 	 2 	 4 	 28 	 0.712936 	 3631.318844 	 149 
2 	 2 	 4 	 29 	 0.709961 	 4947.787712 	 139 
2 	 2 	 4 	 30 	 0.719915 	 10115.742787 	 140 
2 	 2 	 4 	 31 	 0.700973 	 8172.815519 	 147 
2 	 2 	 5 	 0 	 0.000000 	 1000.000000 	 0 
2 	 2 	 5 	 1 	 0.000000 	 1000.000000 	 0 
2 	 2 	 5 	 2 	 0.729852 	 7003.691233 	 132 
2 	 2 	 5 	 3 	 0.705823 	 4367.441214 	 142 
2 	 2 	 5 	 4 	 0.719922 	 6819.412310 	 154 
2 	 2 	 5 	 5 	 0.690664 	 13528.930773 	 145 
2 	 2 	 5 	 6 	 0.696482 	 12394.176499 	 148 
2 	 2 	 5 	 7 	 0.696554 	 6712.144883 	 123 
2 	 2 	 5 	 8 	 0.748596 	 19340.828007 	 144 
2 	 2 	 5 	 9 	 0.000000 	 1000.000000 	 0 
2 	 2 	 5 	 10 	 0.706129 	 4161.676263 	 141 
2 	 2 	 5 	 11 	 0.694926 	 1045.289544 	 139 
2 	 2 	 5 	 12 	 0.712023 	 14880.642361 	 149 
2 	 2 	 5 	 13 	 0.702911 	 5425.028412 	 151 
2 	 2 	 5 	 14 	 0.000000 	 1000.000000 	 0 
2 	 2 	 5 	 15 	 0.739352 	 17583.854628 	 146 
2 	 2 	 5 	 16 	 0.701108 	 11681.616803 	 123 
2 	 2 	 5 	 17 	 0.712346 	 12515.915129 	 128 
2 	 2 	 5 	 18 	 0.643356 	 1116.039044 	 158 
2 	 2 	 5 	 19 	 0.000000 	 1000.000000 	 0 
2 	 2 	 5 	 20 	 0.000000 	 1000.000000 	 0 
2 	 2 	 5 	 21 	 0.000000 	 1000.000000 	 0 
2 	 2 	 5 	 22 	 0.000000 	 1000.000000 	 0 
2 	 2 	 5 	 23 	 0.000000 	 1000.000000 	 0 
2 	 2 	 5 	 24 	 0.000000 	 1000.000000 	 0 
2 	 2 	 5 	 25 	 0.748170 	 29241.373761 	 119 
2 	 2 	 5 	 26 	 0.471721 	 970.429619 	 120 
2 	 2 	 5 	 27 	 0.717836 	 24235.040385 	 121 
2 	 2 	 5 	 28 	 0.696989 	 4912.621911 	 128 
2 	 2 	 5 	 29 	 0.695685 	 6022.162737 	 115 
2 	 2 	 5 	 30 	 0.740640 	 1070.883981 	 121 
2 	 2 	 5 	 31 	 0.716270 	 9807.251924 	 124 
2 	 3 	 0 	 0 	 0.000000 	 1000.000000 	 0 
2 	 3 	 0 	 1 	 0.000000 	 1000.000000 	 0 
2 	 3 	 0 	 2 	 0.000000 	 1000.000000 	 0 
2 	 3 	 0 	 3 	 0.000000 	 1000.000000 	 0 
2 	 3 	 0 	 4 	 0.000000 	 1000.000000 	 0 
2 	 3 	 0 	 5 	 0.000000 	 1000.000000 	 0 
2 	 3 	 0 	 6 	 0.000000 	 1000.000000 	 0 
2 	 3 	 0 	 7 	 0.000000 	 1000.000000 	 0 
2 	 3 	 0 	 8 	 0.000000 	 1000.000000 	 0 
2 	 3 	 0 	 9 	 0.000000 	 1000.000000 	 0 
2 	 3 	 0 	 10 	 0.000000 	 1000.000000 	 0 
2 	 3 	 0 	 11 	 0.000000 	 1000.000000 	 0 
2 	 3 	 0 	 12 	 0.000000 	 1000.000000 	 0 
2 	 3 	 0 	 13 	 0.000000 	 1000.000000 	 0 
2 	 3 	 0 	 14 	 0.000000 	 1000.000000 	 0 
2 	 3 	 0 	 15 	 0.000000 	 1000.000000 	 0 
2 	 3 	 0 	 16 	 0.000000 	 1000.000000 	 0 
2 	 3 	 0 	 17 	 0.000000 	 1000.000000 	 0 
2 	 3 	 0 	 18 	 0.000000 	 1000.000000 	 0 
2 	 3 	 0 	 19 	 0.000000 	 1000.000000 	 0 
2 	 3 	 0 	 20 	 0.000000 	 1000.000000 	 0 
2 	 3 	 0 	 21 	 0.000000 	 1000.000000 	 0 
2 	 3 	 0 	 22 	 0.000000 	 1000.000000 	 0 
2 	 3 	 0 	 23 	 0.000000 	 1000.000000 	 0 
2 	 3 	 0 	 24 	 0.000000 	 1000.000000 	 0 
2 	 3 	 0 	 25 	 0.000000 	 1000.000000 	 0 
2 	 3 	 0 	 26 	 0.000000 	 1000.000000 	 0 
2 	 3 	 0 	 27 	 0.000000 	 1000.000000 	 0 
2 	 3 	 0 	 28 	 0.000000 	 1000.000000 	 0 
2 	 3 	 0 	 29 	 0.000000 	 1000.000000 	 0 
2 	 3 	 0 	 30 	 0.000000 	 1000.000000 	 0 
2 	 3 	 0 	 31 	 0.000000 	 1000.000000 	 0 
2 	 3 	 1 	 0 	 0.000000 	 1000.000000 	 0 
2 	 3 	 1 	 1 	 0.000000 	 1000.000000 	 0 
2 	 3 	 1 	 2 	 0.000000 	 1000.000000 	 0 
2 	 3 	 1 	 3 	 0.000000 	 1000.000000 	 0 
2 	 3 	 1 	 4 	 0.000000 	 1000.000000 	 0 
2 	 3 	 1 	 5 	 0.000000 	 1000.000000 	 0 
2 	 3 	 1 	 6 	 0.000000 	 1000.000000 	 0 
2 	 3 	 1 	 7 	 0.000000 	 1000.000000 	 0 
2 	 3 	 1 	 8 	 0.000000 	 1000.000000 	 0 
2 	 3 	 1 	 9 	 0.000000 	 1000.000000 	 0 
2 	 3 	 1 	 10 	 0.000000 	 1000.000000 	 0 
2 	 3 	 1 	 11 	 0.000000 	 1000.000000 	 0 
2 	 3 	 1 	 12 	 0.000000 	 1000.000000 	 0 
2 	 3 	 1 	 13 	 0.000000 	 1000.000000 	 0 
2 	 3 	 1 	 14 	 0.000000 	 1000.000000 	 0 
2 	 3 	 1 	 15 	 0.000000 	 1000.000000 	 0 
2 	 3 	 1 	 16 	 0.000000 	 1000.000000 	 0 
2 	 3 	 1 	 17 	 0.000000 	 1000.000000 	 0 
2 	 3 	 1 	 18 	 0.000000 	 1000.000000 	 0 
2 	 3 	 1 	 19 	 0.000000 	 1000.000000 	 0 
2 	 3 	 1 	 20 	 0.000000 	 1000.000000 	 0 
2 	 3 	 1 	 21 	 0.000000 	 1000.000000 	 0 
2 	 3 	 1 	 22 	 0.000000 	 1000.000000 	 0 
2 	 3 	 1 	 23 	 0.000000 	 1000.000000 	 0 
2 	 3 	 1 	 24 	 0.000000 	 1000.000000 	 0 
2 	 3 	 1 	 25 	 0.000000 	 1000.000000 	 0 
2 	 3 	 1 	 26 	 0.000000 	 1000.000000 	 0 
2 	 3 	 1 	 27 	 0.000000 	 1000.000000 	 0 
2 	 3 	 1 	 28 	 0.000000 	 1000.000000 	 0 
2 	 3 	 1 	 29 	 0.000000 	 1000.000000 	 0 
2 	 3 	 1 	 30 	 0.000000 	 1000.000000 	 0 
2 	 3 	 1 	 31 	 0.000000 	 1000.000000 	 0 
2 	 3 	 2 	 0 	 0.000000 	 1000.000000 	 0 
2 	 3 	 2 	 1 	 0.000000 	 1000.000000 	 0 
2 	 3 	 2 	 2 	 0.000000 	 1000.000000 	 0 
2 	 3 	 2 	 3 	 0.000000 	 1000.000000 	 0 
2 	 3 	 2 	 4 	 0.000000 	 1000.000000 	 0 
2 	 3 	 2 	 5 	 0.000000 	 1000.000000 	 0 
2 	 3 	 2 	 6 	 0.000000 	 1000.000000 	 0 
2 	 3 	 2 	 7 	 0.000000 	 1000.000000 	 0 
2 	 3 	 2 	 8 	 0.000000 	 1000.000000 	 0 
2 	 3 	 2 	 9 	 0.000000 	 1000.000000 	 0 
2 	 3 	 2 	 10 	 0.000000 	 1000.000000 	 0 
2 	 3 	 2 	 11 	 0.000000 	 1000.000000 	 0 
2 	 3 	 2 	 12 	 0.000000 	 1000.000000 	 0 
2 	 3 	 2 	 13 	 0.000000 	 1000.000000 	 0 
2 	 3 	 2 	 14 	 0.000000 	 1000.000000 	 0 
2 	 3 	 2 	 15 	 0.000000 	 1000.000000 	 0 
2 	 3 	 2 	 16 	 0.000000 	 1000.000000 	 0 
2 	 3 	 2 	 17 	 0.000000 	 1000.000000 	 0 
2 	 3 	 2 	 18 	 0.000000 	 1000.000000 	 0 
2 	 3 	 2 	 19 	 0.000000 	 1000.000000 	 0 
2 	 3 	 2 	 20 	 0.000000 	 1000.000000 	 0 
2 	 3 	 2 	 21 	 0.000000 	 1000.000000 	 0 
2 	 3 	 2 	 22 	 0.000000 	 1000.000000 	 0 
2 	 3 	 2 	 23 	 0.000000 	 1000.000000 	 0 
2 	 3 	 2 	 24 	 0.000000 	 1000.000000 	 0 
2 	 3 	 2 	 25 	 0.000000 	 1000.000000 	 0 
2 	 3 	 2 	 26 	 0.000000 	 1000.000000 	 0 
2 	 3 	 2 	 27 	 0.000000 	 1000.000000 	 0 
2 	 3 	 2 	 28 	 0.000000 	 1000.000000 	 0 
2 	 3 	 2 	 29 	 0.000000 	 1000.000000 	 0 
2 	 3 	 2 	 30 	 0.000000 	 1000.000000 	 0 
2 	 3 	 2 	 31 	 0.000000 	 1000.000000 	 0 
2 	 3 	 3 	 0 	 0.000000 	 1000.000000 	 0 
2 	 3 	 3 	 1 	 0.000000 	 1000.000000 	 0 
2 	 3 	 3 	 2 	 0.000000 	 1000.000000 	 0 
2 	 3 	 3 	 3 	 0.000000 	 1000.000000 	 0 
2 	 3 	 3 	 4 	 0.000000 	 1000.000000 	 0 
2 	 3 	 3 	 5 	 0.000000 	 1000.000000 	 0 
2 	 3 	 3 	 6 	 0.000000 	 1000.000000 	 0 
2 	 3 	 3 	 7 	 0.000000 	 1000.000000 	 0 
2 	 3 	 3 	 8 	 0.000000 	 1000.000000 	 0 
2 	 3 	 3 	 9 	 0.000000 	 1000.000000 	 0 
2 	 3 	 3 	 10 	 0.000000 	 1000.000000 	 0 
2 	 3 	 3 	 11 	 0.000000 	 1000.000000 	 0 
2 	 3 	 3 	 12 	 0.000000 	 1000.000000 	 0 
2 	 3 	 3 	 13 	 0.000000 	 1000.000000 	 0 
2 	 3 	 3 	 14 	 0.000000 	 1000.000000 	 0 
2 	 3 	 3 	 15 	 0.000000 	 1000.000000 	 0 
2 	 3 	 3 	 16 	 0.000000 	 1000.000000 	 0 
2 	 3 	 3 	 17 	 0.000000 	 1000.000000 	 0 
2 	 3 	 3 	 18 	 0.000000 	 1000.000000 	 0 
2 	 3 	 3 	 19 	 0.000000 	 1000.000000 	 0 
2 	 3 	 3 	 20 	 0.000000 	 1000.000000 	 0 
2 	 3 	 3 	 21 	 0.000000 	 1000.000000 	 0 
2 	 3 	 3 	 22 	 0.000000 	 1000.000000 	 0 
2 	 3 	 3 	 23 	 0.000000 	 1000.000000 	 0 
2 	 3 	 3 	 24 	 0.000000 	 1000.000000 	 0 
2 	 3 	 3 	 25 	 0.000000 	 1000.000000 	 0 
2 	 3 	 3 	 26 	 0.000000 	 1000.000000 	 0 
2 	 3 	 3 	 27 	 0.000000 	 1000.000000 	 0 
2 	 3 	 3 	 28 	 0.000000 	 1000.000000 	 0 
2 	 3 	 3 	 29 	 0.000000 	 1000.000000 	 0 
2 	 3 	 3 	 30 	 0.000000 	 1000.000000 	 0 
2 	 3 	 3 	 31 	 0.000000 	 1000.000000 	 0 
2 	 3 	 4 	 0 	 0.000000 	 1000.000000 	 0 
2 	 3 	 4 	 1 	 0.000000 	 1000.000000 	 0 
2 	 3 	 4 	 2 	 0.000000 	 1000.000000 	 0 
2 	 3 	 4 	 3 	 0.000000 	 1000.000000 	 0 
2 	 3 	 4 	 4 	 0.000000 	 1000.000000 	 0 
2 	 3 	 4 	 5 	 0.000000 	 1000.000000 	 0 
2 	 3 	 4 	 6 	 0.000000 	 1000.000000 	 0 
2 	 3 	 4 	 7 	 0.000000 	 1000.000000 	 0 
2 	 3 	 4 	 8 	 0.000000 	 1000.000000 	 0 
2 	 3 	 4 	 9 	 0.000000 	 1000.000000 	 0 
2 	 3 	 4 	 10 	 0.000000 	 1000.000000 	 0 
2 	 3 	 4 	 11 	 0.000000 	 1000.000000 	 0 
2 	 3 	 4 	 12 	 0.000000 	 1000.000000 	 0 
2 	 3 	 4 	 13 	 0.000000 	 1000.000000 	 0 
2 	 3 	 4 	 14 	 0.000000 	 1000.000000 	 0 
2 	 3 	 4 	 15 	 0.000000 	 1000.000000 	 0 
2 	 3 	 4 	 16 	 0.000000 	 1000.000000 	 0 
2 	 3 	 4 	 17 	 0.000000 	 1000.000000 	 0 
2 	 3 	 4 	 18 	 0.000000 	 1000.000000 	 0 
2 	 3 	 4 	 19 	 0.000000 	 1000.000000 	 0 
2 	 3 	 4 	 20 	 0.000000 	 1000.000000 	 0 
2 	 3 	 4 	 21 	 0.000000 	 1000.000000 	 0 
2 	 3 	 4 	 22 	 0.000000 	 1000.000000 	 0 
2 	 3 	 4 	 23 	 0.000000 	 1000.000000 	 0 
2 	 3 	 4 	 24 	 0.000000 	 1000.000000 	 0 
2 	 3 	 4 	 25 	 0.000000 	 1000.000000 	 0 
2 	 3 	 4 	 26 	 0.000000 	 1000.000000 	 0 
2 	 3 	 4 	 27 	 0.000000 	 1000.000000 	 0 
2 	 3 	 4 	 28 	 0.000000 	 1000.000000 	 0 
2 	 3 	 4 	 29 	 0.000000 	 1000.000000 	 0 
2 	 3 	 4 	 30 	 0.000000 	 1000.000000 	 0 
2 	 3 	 4 	 31 	 0.000000 	 1000.000000 	 0 
2 	 3 	 5 	 0 	 0.000000 	 1000.000000 	 0 
2 	 3 	 5 	 1 	 0.000000 	 1000.000000 	 0 
2 	 3 	 5 	 2 	 0.000000 	 1000.000000 	 0 
2 	 3 	 5 	 3 	 0.000000 	 1000.000000 	 0 
2 	 3 	 5 	 4 	 0.000000 	 1000.000000 	 0 
2 	 3 	 5 	 5 	 0.000000 	 1000.000000 	 0 
2 	 3 	 5 	 6 	 0.000000 	 1000.000000 	 0 
2 	 3 	 5 	 7 	 0.000000 	 1000.000000 	 0 
2 	 3 	 5 	 8 	 0.000000 	 1000.000000 	 0 
2 	 3 	 5 	 9 	 0.000000 	 1000.000000 	 0 
2 	 3 	 5 	 10 	 0.000000 	 1000.000000 	 0 
2 	 3 	 5 	 11 	 0.000000 	 1000.000000 	 0 
2 	 3 	 5 	 12 	 0.000000 	 1000.000000 	 0 
2 	 3 	 5 	 13 	 0.000000 	 1000.000000 	 0 
2 	 3 	 5 	 14 	 0.000000 	 1000.000000 	 0 
2 	 3 	 5 	 15 	 0.000000 	 1000.000000 	 0 
2 	 3 	 5 	 16 	 0.000000 	 1000.000000 	 0 
2 	 3 	 5 	 17 	 0.000000 	 1000.000000 	 0 
2 	 3 	 5 	 18 	 0.000000 	 1000.000000 	 0 
2 	 3 	 5 	 19 	 0.000000 	 1000.000000 	 0 
2 	 3 	 5 	 20 	 0.000000 	 1000.000000 	 0 
2 	 3 	 5 	 21 	 0.000000 	 1000.000000 	 0 
2 	 3 	 5 	 22 	 0.000000 	 1000.000000 	 0 
2 	 3 	 5 	 23 	 0.000000 	 1000.000000 	 0 
2 	 3 	 5 	 24 	 0.000000 	 1000.000000 	 0 
2 	 3 	 5 	 25 	 0.000000 	 1000.000000 	 0 
2 	 3 	 5 	 26 	 0.000000 	 1000.000000 	 0 
2 	 3 	 5 	 27 	 0.000000 	 1000.000000 	 0 
2 	 3 	 5 	 28 	 0.000000 	 1000.000000 	 0 
2 	 3 	 5 	 29 	 0.000000 	 1000.000000 	 0 
2 	 3 	 5 	 30 	 0.000000 	 1000.000000 	 0 
2 	 3 	 5 	 31 	 0.000000 	 1000.000000 	 0 
2 	 4 	 0 	 0 	 0.716513 	 12664.858867 	 211 
2 	 4 	 0 	 1 	 0.717710 	 13233.974431 	 233 
2 	 4 	 0 	 2 	 0.711145 	 17659.075191 	 211 
2 	 4 	 0 	 3 	 0.709244 	 13911.065432 	 211 
2 	 4 	 0 	 4 	 0.716486 	 22631.553815 	 231 
2 	 4 	 0 	 5 	 0.000000 	 1000.000000 	 0 
2 	 4 	 0 	 6 	 0.702214 	 18724.862843 	 261 
2 	 4 	 0 	 7 	 0.707548 	 10272.521171 	 255 
2 	 4 	 0 	 8 	 0.000000 	 1000.000000 	 0 
2 	 4 	 0 	 9 	 0.711759 	 12051.430828 	 239 
2 	 4 	 0 	 10 	 0.693421 	 8397.733182 	 223 
2 	 4 	 0 	 11 	 0.726205 	 23914.799484 	 249 
2 	 4 	 0 	 12 	 0.749196 	 40569.694916 	 206 
2 	 4 	 0 	 13 	 0.719407 	 8374.881508 	 214 
2 	 4 	 0 	 14 	 0.000000 	 1000.000000 	 0 
2 	 4 	 0 	 15 	 0.000000 	 1000.000000 	 0 
2 	 4 	 0 	 16 	 0.721393 	 7134.875208 	 188 
2 	 4 	 0 	 17 	 0.000000 	 1000.000000 	 0 
2 	 4 	 0 	 18 	 0.874721 	 989.647307 	 206 
2 	 4 	 0 	 19 	 0.691279 	 6949.388528 	 205 
2 	 4 	 0 	 20 	 0.720607 	 23248.947779 	 183 
2 	 4 	 0 	 21 	 0.722222 	 14929.198834 	 210 
2 	 4 	 0 	 22 	 0.690646 	 9197.311310 	 197 
2 	 4 	 0 	 23 	 0.705746 	 11504.898975 	 222 
2 	 4 	 0 	 24 	 0.706268 	 15065.433841 	 215 
2 	 4 	 0 	 25 	 0.677036 	 1163.596825 	 220 
2 	 4 	 0 	 26 	 0.718978 	 8931.857159 	 219 
2 	 4 	 0 	 27 	 0.707383 	 8310.642645 	 221 
2 	 4 	 0 	 28 	 0.702991 	 13044.556588 	 244 
2 	 4 	 0 	 29 	 0.711444 	 9228.941054 	 230 
2 	 4 	 0 	 30 	 0.000000 	 1000.000000 	 0 
2 	 4 	 0 	 31 	 0.704937 	 9496.059958 	 223 
2 	 4 	 1 	 0 	 0.722961 	 19748.569023 	 220 
2 	 4 	 1 	 1 	 0.720890 	 12022.946967 	 243 
2 	 4 	 1 	 2 	 0.700875 	 12726.145321 	 230 
2 	 4 	 1 	 3 	 0.703659 	 20524.606471 	 272 
2 	 4 	 1 	 4 	 0.721999 	 15827.537435 	 250 
2 	 4 	 1 	 5 	 0.730373 	 35493.235649 	 239 
2 	 4 	 1 	 6 	 -0.223500 	 635.029500 	 266 
2 	 4 	 1 	 7 	 0.716289 	 10659.169420 	 268 
2 	 4 	 1 	 8 	 0.731096 	 26582.350370 	 235 
2 	 4 	 1 	 9 	 0.697966 	 13245.363834 	 273 
2 	 4 	 1 	 10 	 0.704650 	 19419.428454 	 239 
2 	 4 	 1 	 11 	 0.704591 	 32367.000350 	 235 
2 	 4 	 1 	 12 	 0.706705 	 16589.444831 	 251 
2 	 4 	 1 	 13 	 0.708667 	 15283.608481 	 235 
2 	 4 	 1 	 14 	 0.712381 	 10424.531709 	 274 
2 	 4 	 1 	 15 	 0.720533 	 16158.477413 	 231 
2 	 4 	 1 	 16 	 0.709243 	 16192.418246 	 242 
2 	 4 	 1 	 17 	 0.710135 	 12173.334338 	 231 
2 	 4 	 1 	 18 	 0.686601 	 7914.766156 	 238 
2 	 4 	 1 	 19 	 0.713436 	 15954.614390 	 249 
2 	 4 	 1 	 20 	 0.729103 	 12819.851579 	 241 
2 	 4 	 1 	 21 	 0.721655 	 13629.829440 	 228 
2 	 4 	 1 	 22 	 0.711600 	 8307.150558 	 226 
2 	 4 	 1 	 23 	 0.725855 	 16625.484984 	 237 
2 	 4 	 1 	 24 	 0.696851 	 15012.528831 	 220 
2 	 4 	 1 	 25 	 0.683339 	 1425.349625 	 225 
2 	 4 	 1 	 26 	 0.000000 	 1000.000000 	 0 
2 	 4 	 1 	 27 	 0.708985 	 17323.901995 	 258 
2 	 4 	 1 	 28 	 0.726830 	 37357.128652 	 236 
2 	 4 	 1 	 29 	 0.709500 	 16148.148535 	 254 
2 	 4 	 1 	 30 	 0.714163 	 9827.648832 	 241 
2 	 4 	 1 	 31 	 0.704709 	 10215.004933 	 229 
2 	 4 	 2 	 0 	 0.710829 	 19065.116320 	 259 
2 	 4 	 2 	 1 	 0.722064 	 10425.411281 	 253 
2 	 4 	 2 	 2 	 0.706690 	 8498.516314 	 234 
2 	 4 	 2 	 3 	 0.711111 	 27203.181215 	 260 
2 	 4 	 2 	 4 	 0.733764 	 21085.521288 	 234 
2 	 4 	 2 	 5 	 0.716660 	 13477.749389 	 242 
2 	 4 	 2 	 6 	 0.000000 	 1000.000000 	 0 
2 	 4 	 2 	 7 	 0.000000 	 1000.000000 	 0 
2 	 4 	 2 	 8 	 0.713626 	 14615.032944 	 262 
2 	 4 	 2 	 9 	 0.709896 	 8383.454540 	 210 
2 	 4 	 2 	 10 	 0.718583 	 9094.075768 	 270 
2 	 4 	 2 	 11 	 0.000000 	 1000.000000 	 0 
2 	 4 	 2 	 12 	 0.716938 	 10096.706820 	 211 
2 	 4 	 2 	 13 	 0.712061 	 17276.817576 	 262 
2 	 4 	 2 	 14 	 0.727416 	 28721.934118 	 247 
2 	 4 	 2 	 15 	 0.696242 	 15991.650510 	 227 
2 	 4 	 2 	 16 	 0.722102 	 26120.163812 	 231 
2 	 4 	 2 	 17 	 0.687187 	 9767.060098 	 232 
2 	 4 	 2 	 18 	 0.702401 	 26421.195263 	 246 
2 	 4 	 2 	 19 	 0.696722 	 9034.634330 	 244 
2 	 4 	 2 	 20 	 0.704115 	 11648.120098 	 275 
2 	 4 	 2 	 21 	 0.702147 	 1346.585715 	 237 
2 	 4 	 2 	 22 	 0.719789 	 22829.907131 	 219 
2 	 4 	 2 	 23 	 0.720736 	 11894.144862 	 245 
2 	 4 	 2 	 24 	 0.716125 	 28828.741055 	 222 
2 	 4 	 2 	 25 	 0.704494 	 17899.380300 	 233 
2 	 4 	 2 	 26 	 0.702768 	 8458.446041 	 211 
2 	 4 	 2 	 27 	 0.706373 	 11950.221213 	 217 
2 	 4 	 2 	 28 	 0.719082 	 27684.060381 	 234 
2 	 4 	 2 	 29 	 0.721081 	 11756.420046 	 234 
2 	 4 	 2 	 30 	 0.638101 	 1221.834059 	 250 
2 	 4 	 2 	 31 	 0.697673 	 10931.955898 	 223 
2 	 4 	 3 	 0 	 0.728446 	 42928.553066 	 246 
2 	 4 	 3 	 1 	 0.679039 	 1257.965400 	 235 
2 	 4 	 3 	 2 	 0.000000 	 1000.000000 	 0 
2 	 4 	 3 	 3 	 0.727563 	 16735.452599 	 242 
2 	 4 	 3 	 4 	 0.703211 	 12018.467439 	 238 
2 	 4 	 3 	 5 	 0.712537 	 14453.585215 	 253 
2 	 4 	 3 	 6 	 0.725884 	 23690.331863 	 244 
2 	 4 	 3 	 7 	 0.716385 	 23448.951007 	 241 
2 	 4 	 3 	 8 	 0.720797 	 9297.841241 	 229 
2 	 4 	 3 	 9 	 0.719287 	 11259.123828 	 237 
2 	 4 	 3 	 10 	 0.712858 	 9164.329334 	 248 
2 	 4 	 3 	 11 	 0.715817 	 6134.957220 	 243 
2 	 4 	 3 	 12 	 0.713661 	 9991.795453 	 223 
2 	 4 	 3 	 13 	 0.728649 	 13203.441589 	 273 
2 	 4 	 3 	 14 	 0.716938 	 14424.563119 	 240 
2 	 4 	 3 	 15 	 0.000000 	 1000.000000 	 0 
2 	 4 	 3 	 16 	 0.711439 	 15625.008998 	 273 
2 	 4 	 3 	 17 	 0.732661 	 39374.748337 	 239 
2 	 4 	 3 	 18 	 0.714840 	 20041.100987 	 255 
2 	 4 	 3 	 19 	 0.720506 	 14966.210391 	 224 
2 	 4 	 3 	 20 	 0.720551 	 12188.421934 	 233 
2 	 4 	 3 	 21 	 0.706189 	 30915.002455 	 247 
2 	 4 	 3 	 22 	 0.721013 	 15178.245913 	 231 
2 	 4 	 3 	 23 	 0.000000 	 1000.000000 	 0 
2 	 4 	 3 	 24 	 0.714027 	 8731.280127 	 239 
2 	 4 	 3 	 25 	 0.712302 	 12751.559089 	 241 
2 	 4 	 3 	 26 	 0.715830 	 15416.068869 	 226 
2 	 4 	 3 	 27 	 0.720080 	 12759.098178 	 202 
2 	 4 	 3 	 28 	 0.705651 	 12524.408680 	 241 
2 	 4 	 3 	 29 	 0.698923 	 10941.352044 	 266 
2 	 4 	 3 	 30 	 0.690773 	 11612.321906 	 249 
2 	 4 	 3 	 31 	 0.727216 	 11176.941662 	 235 
2 	 4 	 4 	 0 	 0.712325 	 20870.246032 	 213 
2 	 4 	 4 	 1 	 0.716327 	 16082.248046 	 223 
2 	 4 	 4 	 2 	 0.696548 	 15842.719956 	 242 
2 	 4 	 4 	 3 	 0.726141 	 40475.464001 	 230 
2 	 4 	 4 	 4 	 0.444349 	 1192.675636 	 249 
2 	 4 	 4 	 5 	 0.726029 	 15570.594397 	 206 
2 	 4 	 4 	 6 	 0.697794 	 16248.113901 	 250 
2 	 4 	 4 	 7 	 0.726094 	 12490.062182 	 202 
2 	 4 	 4 	 8 	 0.716889 	 24576.717146 	 250 
2 	 4 	 4 	 9 	 0.717136 	 12067.266828 	 214 
2 	 4 	 4 	 10 	 0.712214 	 23582.490584 	 248 
2 	 4 	 4 	 11 	 0.713935 	 11864.491975 	 249 
2 	 4 	 4 	 12 	 0.712992 	 18986.438282 	 247 
2 	 4 	 4 	 13 	 0.000000 	 1000.000000 	 0 
2 	 4 	 4 	 14 	 0.719706 	 40024.784284 	 224 
2 	 4 	 4 	 15 	 0.715088 	 13725.413683 	 220 
2 	 4 	 4 	 16 	 0.711430 	 13297.611722 	 229 
2 	 4 	 4 	 17 	 0.724694 	 52925.291656 	 230 
2 	 4 	 4 	 18 	 0.698436 	 25410.718432 	 238 
2 	 4 	 4 	 19 	 0.705570 	 12729.925520 	 226 
2 	 4 	 4 	 20 	 0.000000 	 1000.000000 	 0 
2 	 4 	 4 	 21 	 0.759906 	 1101.061730 	 207 
2 	 4 	 4 	 22 	 0.713736 	 16978.204005 	 224 
2 	 4 	 4 	 23 	 0.718132 	 9934.610016 	 240 
2 	 4 	 4 	 24 	 0.750671 	 1050.248185 	 185 
2 	 4 	 4 	 25 	 0.703273 	 10729.310812 	 221 
2 	 4 	 4 	 26 	 0.702278 	 11617.724250 	 217 
2 	 4 	 4 	 27 	 0.639516 	 1135.399781 	 202 
2 	 4 	 4 	 28 	 0.736898 	 13597.575877 	 222 
2 	 4 	 4 	 29 	 0.704093 	 7313.002492 	 207 
2 	 4 	 4 	 30 	 0.702261 	 11280.473187 	 232 
2 	 4 	 4 	 31 	 0.715619 	 16020.365142 	 229 
2 	 4 	 5 	 0 	 0.729458 	 19931.904516 	 209 
2 	 4 	 5 	 1 	 0.698570 	 13867.777166 	 223 
2 	 4 	 5 	 2 	 0.701394 	 9756.714616 	 185 
2 	 4 	 5 	 3 	 0.728451 	 16181.466260 	 198 
2 	 4 	 5 	 4 	 0.708804 	 21486.231285 	 199 
2 	 4 	 5 	 5 	 0.719144 	 14758.570309 	 213 
2 	 4 	 5 	 6 	 0.715714 	 6684.862530 	 171 
2 	 4 	 5 	 7 	 0.712833 	 14604.203472 	 209 
2 	 4 	 5 	 8 	 0.707326 	 12116.362120 	 235 
2 	 4 	 5 	 9 	 0.718309 	 7851.163684 	 228 
2 	 4 	 5 	 10 	 0.723765 	 14958.086844 	 202 
2 	 4 	 5 	 11 	 0.691985 	 1116.484355 	 217 
2 	 4 	 5 	 12 	 0.705722 	 10198.452656 	 215 
2 	 4 	 5 	 13 	 0.731642 	 11211.469500 	 196 
2 	 4 	 5 	 14 	 0.000000 	 1000.000000 	 0 
2 	 4 	 5 	 15 	 0.000000 	 1000.000000 	 0 
2 	 4 	 5 	 16 	 0.734282 	 29105.920666 	 231 
2 	 4 	 5 	 17 	 0.719570 	 12699.489367 	 224 
2 	 4 	 5 	 18 	 0.607122 	 1214.563696 	 186 
2 	 4 	 5 	 19 	 0.723339 	 8463.700267 	 209 
2 	 4 	 5 	 20 	 0.722146 	 12886.427894 	 216 
2 	 4 	 5 	 21 	 0.000000 	 1000.000000 	 0 
2 	 4 	 5 	 22 	 0.680941 	 8869.982062 	 219 
2 	 4 	 5 	 23 	 0.701146 	 11494.851957 	 227 
2 	 4 	 5 	 24 	 0.717999 	 8749.945305 	 207 
2 	 4 	 5 	 25 	 0.710893 	 8072.777278 	 195 
2 	 4 	 5 	 26 	 0.711574 	 10594.978405 	 181 
2 	 4 	 5 	 27 	 0.713461 	 14549.367812 	 202 
2 	 4 	 5 	 28 	 0.711839 	 5420.606859 	 185 
2 	 4 	 5 	 29 	 0.708788 	 7284.579727 	 193 
2 	 4 	 5 	 30 	 0.697227 	 19209.301277 	 221 
2 	 4 	 5 	 31 	 0.701909 	 8029.970110 	 214 
2 	 5 	 0 	 0 	 0.712915 	 10037.712392 	 229 
2 	 5 	 0 	 1 	 0.693966 	 11977.248101 	 227 
2 	 5 	 0 	 2 	 0.716910 	 12363.990670 	 217 
2 	 5 	 0 	 3 	 0.706750 	 10102.917082 	 213 
2 	 5 	 0 	 4 	 0.717449 	 25601.677558 	 203 
2 	 5 	 0 	 5 	 0.701753 	 9393.757965 	 212 
2 	 5 	 0 	 6 	 0.716619 	 8537.452506 	 199 
2 	 5 	 0 	 7 	 0.730855 	 7959.292257 	 201 
2 	 5 	 0 	 8 	 0.715415 	 6108.936719 	 184 
2 	 5 	 0 	 9 	 0.709112 	 7300.509176 	 174 
2 	 5 	 0 	 10 	 0.732888 	 15795.524636 	 199 
2 	 5 	 0 	 11 	 0.717686 	 9974.357810 	 197 
2 	 5 	 0 	 12 	 0.699411 	 8948.536958 	 172 
2 	 5 	 0 	 13 	 0.713703 	 12595.281934 	 190 
2 	 5 	 0 	 14 	 0.740252 	 22339.841781 	 184 
2 	 5 	 0 	 15 	 0.709985 	 7794.756475 	 202 
2 	 5 	 0 	 16 	 0.712671 	 8335.060036 	 195 
2 	 5 	 0 	 17 	 0.063969 	 937.844615 	 223 
2 	 5 	 0 	 18 	 0.699910 	 12919.082852 	 201 
2 	 5 	 0 	 19 	 0.715648 	 14444.789738 	 216 
2 	 5 	 0 	 20 	 0.717578 	 19497.310665 	 211 
2 	 5 	 0 	 21 	 0.720183 	 15006.919525 	 219 
2 	 5 	 0 	 22 	 0.722964 	 21194.398038 	 186 
2 	 5 	 0 	 23 	 0.711229 	 11249.123590 	 212 
2 	 5 	 0 	 24 	 0.710200 	 14206.848384 	 259 
2 	 5 	 0 	 25 	 0.726204 	 17364.999899 	 259 
2 	 5 	 0 	 26 	 0.730257 	 15436.962547 	 227 
2 	 5 	 0 	 27 	 0.712187 	 26559.387075 	 240 
2 	 5 	 0 	 28 	 0.714961 	 28313.382875 	 236 
2 	 5 	 0 	 29 	 0.700516 	 6054.551075 	 243 
2 	 5 	 0 	 30 	 0.727913 	 33933.323080 	 249 
2 	 5 	 0 	 31 	 0.718923 	 11423.294305 	 217 
2 	 5 	 1 	 0 	 0.749716 	 202391.342282 	 231 
2 	 5 	 1 	 1 	 0.709752 	 12059.369940 	 214 
2 	 5 	 1 	 2 	 0.713088 	 16914.170419 	 229 
2 	 5 	 1 	 3 	 0.722896 	 18032.130226 	 213 
2 	 5 	 1 	 4 	 0.714444 	 17801.679659 	 239 
2 	 5 	 1 	 5 	 0.716236 	 30351.577887 	 204 
2 	 5 	 1 	 6 	 0.728331 	 7589.987664 	 220 
2 	 5 	 1 	 7 	 0.695930 	 11949.593191 	 212 
2 	 5 	 1 	 8 	 0.714307 	 12781.847375 	 214 
2 	 5 	 1 	 9 	 0.722842 	 10588.150791 	 235 
2 	 5 	 1 	 10 	 0.718548 	 12845.830646 	 234 
2 	 5 	 1 	 11 	 0.632329 	 1207.567854 	 219 
2 	 5 	 1 	 12 	 0.711545 	 16215.718343 	 243 
2 	 5 	 1 	 13 	 0.710444 	 12827.763802 	 223 
2 	 5 	 1 	 14 	 0.716622 	 16393.600146 	 218 
2 	 5 	 1 	 15 	 0.709915 	 15102.245798 	 223 
2 	 5 	 1 	 16 	 0.725389 	 18149.693208 	 214 
2 	 5 	 1 	 17 	 0.714919 	 12536.059319 	 229 
2 	 5 	 1 	 18 	 0.000000 	 1000.000000 	 0 
2 	 5 	 1 	 19 	 0.687211 	 1089.125020 	 244 
2 	 5 	 1 	 20 	 0.705166 	 23630.592175 	 245 
2 	 5 	 1 	 21 	 0.724139 	 32265.413677 	 220 
2 	 5 	 1 	 22 	 0.717719 	 15424.565654 	 219 
2 	 5 	 1 	 23 	 0.725584 	 16156.794048 	 261 
2 	 5 	 1 	 24 	 0.713778 	 10239.959232 	 265 
2 	 5 	 1 	 25 	 0.709659 	 12692.002548 	 238 
2 	 5 	 1 	 26 	 0.709672 	 10098.186074 	 253 
2 	 5 	 1 	 27 	 0.711628 	 33563.550441 	 257 
2 	 5 	 1 	 28 	 0.727129 	 38590.345648 	 239 
2 	 5 	 1 	 29 	 0.707451 	 13046.446633 	 207 
2 	 5 	 1 	 30 	 0.739352 	 1151.540875 	 236 
2 	 5 	 1 	 31 	 0.721927 	 13817.330331 	 225 
2 	 5 	 2 	 0 	 0.736795 	 11047.870643 	 232 
2 	 5 	 2 	 1 	 0.711957 	 16145.204498 	 246 
2 	 5 	 2 	 2 	 0.697596 	 12409.679425 	 212 
2 	 5 	 2 	 3 	 0.704878 	 6186.441921 	 211 
2 	 5 	 2 	 4 	 0.696136 	 14599.628498 	 186 
2 	 5 	 2 	 5 	 0.704047 	 15952.103602 	 213 
2 	 5 	 2 	 6 	 0.714101 	 8116.546985 	 196 
2 	 5 	 2 	 7 	 0.726216 	 13652.644074 	 221 
2 	 5 	 2 	 8 	 0.726464 	 13111.938280 	 214 
2 	 5 	 2 	 9 	 0.703296 	 20453.761633 	 226 
2 	 5 	 2 	 10 	 0.000000 	 1000.000000 	 0 
2 	 5 	 2 	 11 	 0.699452 	 28123.306721 	 222 
2 	 5 	 2 	 12 	 0.731604 	 19810.948900 	 245 
2 	 5 	 2 	 13 	 0.719284 	 14213.305832 	 220 
2 	 5 	 2 	 14 	 0.715085 	 27019.923561 	 233 
2 	 5 	 2 	 15 	 0.703368 	 13570.416248 	 228 
2 	 5 	 2 	 16 	 0.706738 	 9572.868050 	 241 
2 	 5 	 2 	 17 	 0.707420 	 19695.382729 	 243 
2 	 5 	 2 	 18 	 0.714706 	 14185.015485 	 250 
2 	 5 	 2 	 19 	 0.723719 	 10997.255440 	 253 
2 	 5 	 2 	 20 	 0.721680 	 13578.419507 	 249 
2 	 5 	 2 	 21 	 0.709838 	 13776.614675 	 244 
2 	 5 	 2 	 22 	 0.717860 	 9117.898115 	 225 
2 	 5 	 2 	 23 	 0.716326 	 10661.829468 	 239 
2 	 5 	 2 	 24 	 0.699929 	 17005.328046 	 260 
2 	 5 	 2 	 25 	 0.722968 	 15066.173658 	 247 
2 	 5 	 2 	 26 	 0.737014 	 10809.547603 	 222 
2 	 5 	 2 	 27 	 0.696650 	 12098.881869 	 259 
2 	 5 	 2 	 28 	 0.714370 	 13451.049981 	 215 
2 	 5 	 2 	 29 	 0.714811 	 18282.181858 	 225 
2 	 5 	 2 	 30 	 0.717885 	 15009.742180 	 230 
2 	 5 	 2 	 31 	 0.720362 	 10324.333968 	 245 
2 	 5 	 3 	 0 	 0.717978 	 11416.703497 	 226 
2 	 5 	 3 	 1 	 0.708595 	 18010.010576 	 235 
2 	 5 	 3 	 2 	 0.706031 	 7771.599735 	 208 
2 	 5 	 3 	 3 	 0.000000 	 1000.000000 	 0 
2 	 5 	 3 	 4 	 0.739175 	 13830.574896 	 239 
2 	 5 	 3 	 5 	 0.000000 	 1000.000000 	 0 
2 	 5 	 3 	 6 	 0.702027 	 11500.371460 	 214 
2 	 5 	 3 	 7 	 0.701128 	 12844.213145 	 244 
2 	 5 	 3 	 8 	 0.713769 	 7238.929184 	 220 
2 	 5 	 3 	 9 	 0.698969 	 8097.589104 	 225 
2 	 5 	 3 	 10 	 0.760309 	 1081.931241 	 214 
2 	 5 	 3 	 11 	 0.699164 	 12661.966553 	 222 
2 	 5 	 3 	 12 	 0.728473 	 32614.496326 	 196 
2 	 5 	 3 	 13 	 0.689342 	 1217.262351 	 229 
2 	 5 	 3 	 14 	 0.704431 	 9365.102490 	 213 
2 	 5 	 3 	 15 	 0.000000 	 1000.000000 	 0 
2 	 5 	 3 	 16 	 0.718863 	 14093.539176 	 251 
2 	 5 	 3 	 17 	 0.715977 	 19120.326019 	 256 
2 	 5 	 3 	 18 	 0.718985 	 12388.400982 	 253 
2 	 5 	 3 	 19 	 0.728553 	 24822.981046 	 240 
2 	 5 	 3 	 20 	 0.699064 	 13378.170725 	 222 
2 	 5 	 3 	 21 	 0.708212 	 18975.228256 	 257 
2 	 5 	 3 	 22 	 0.708796 	 16422.643358 	 239 
2 	 5 	 3 	 23 	 0.729517 	 19461.305964 	 232 
2 	 5 	 3 	 24 	 0.711838 	 8891.256538 	 230 
2 	 5 	 3 	 25 	 0.000000 	 1000.000000 	 0 
2 	 5 	 3 	 26 	 0.699479 	 15395.020353 	 246 
2 	 5 	 3 	 27 	 0.710747 	 17125.423412 	 235 
2 	 5 	 3 	 28 	 0.000000 	 1000.000000 	 0 
2 	 5 	 3 	 29 	 0.716339 	 13846.347082 	 240 
2 	 5 	 3 	 30 	 0.737114 	 35946.120471 	 237 
2 	 5 	 3 	 31 	 0.722854 	 19781.376653 	 235 
2 	 5 	 4 	 0 	 0.705288 	 8965.204353 	 222 
2 	 5 	 4 	 1 	 0.726144 	 18815.856390 	 209 
2 	 5 	 4 	 2 	 0.599294 	 830.562731 	 218 
2 	 5 	 4 	 3 	 0.709026 	 6812.308028 	 216 
2 	 5 	 4 	 4 	 0.723789 	 16151.635458 	 249 
2 	 5 	 4 	 5 	 0.712176 	 11758.897301 	 214 
2 	 5 	 4 	 6 	 0.711032 	 15114.144369 	 216 
2 	 5 	 4 	 7 	 0.729856 	 16961.841096 	 195 
2 	 5 	 4 	 8 	 0.651757 	 993.507385 	 183 
2 	 5 	 4 	 9 	 0.724607 	 6742.891244 	 199 
2 	 5 	 4 	 10 	 0.719334 	 13846.716125 	 215 
2 	 5 	 4 	 11 	 0.710445 	 19210.874006 	 192 
2 	 5 	 4 	 12 	 0.000000 	 1000.000000 	 0 
2 	 5 	 4 	 13 	 0.689476 	 17316.134723 	 237 
2 	 5 	 4 	 14 	 0.715181 	 7950.233814 	 207 
2 	 5 	 4 	 15 	 0.713189 	 9903.949380 	 216 
2 	 5 	 4 	 16 	 0.737817 	 21784.842252 	 196 
2 	 5 	 4 	 17 	 0.725369 	 18136.190471 	 247 
2 	 5 	 4 	 18 	 0.706240 	 11730.224075 	 225 
2 	 5 	 4 	 19 	 0.706969 	 8717.740851 	 239 
2 	 5 	 4 	 20 	 0.703068 	 10460.450288 	 238 
2 	 5 	 4 	 21 	 0.000000 	 1000.000000 	 0 
2 	 5 	 4 	 22 	 0.710877 	 12441.537289 	 253 
2 	 5 	 4 	 23 	 0.000000 	 1000.000000 	 0 
2 	 5 	 4 	 24 	 0.714334 	 16160.922327 	 238 
2 	 5 	 4 	 25 	 0.726993 	 33770.532331 	 254 
2 	 5 	 4 	 26 	 0.713994 	 6826.885060 	 213 
2 	 5 	 4 	 27 	 0.000000 	 1000.000000 	 0 
2 	 5 	 4 	 28 	 0.711183 	 27098.666920 	 229 
2 	 5 	 4 	 29 	 0.000000 	 1000.000000 	 0 
2 	 5 	 4 	 30 	 0.693090 	 10201.450949 	 199 
2 	 5 	 4 	 31 	 0.720265 	 18605.879926 	 217 
2 	 5 	 5 	 0 	 0.727674 	 11050.509615 	 180 
2 	 5 	 5 	 1 	 0.726521 	 4322.924639 	 156 
2 	 5 	 5 	 2 	 0.592597 	 1140.004839 	 179 
2 	 5 	 5 	 3 	 0.704899 	 16359.536537 	 208 
2 	 5 	 5 	 4 	 0.699116 	 10031.734027 	 180 
2 	 5 	 5 	 5 	 0.745622 	 16033.456858 	 170 
2 	 5 	 5 	 6 	 0.714840 	 15062.647717 	 188 
2 	 5 	 5 	 7 	 0.706320 	 6936.534989 	 174 
2 	 5 	 5 	 8 	 0.714782 	 10753.882495 	 210 
2 	 5 	 5 	 9 	 0.715357 	 21750.805422 	 196 
2 	 5 	 5 	 10 	 0.743798 	 78753.298905 	 210 
2 	 5 	 5 	 11 	 0.714375 	 9232.412919 	 197 
2 	 5 	 5 	 12 	 0.723177 	 10579.030681 	 192 
2 	 5 	 5 	 13 	 0.722541 	 14357.909497 	 211 
2 	 5 	 5 	 14 	 0.716870 	 14377.434554 	 214 
2 	 5 	 5 	 15 	 0.713443 	 7281.616380 	 219 
2 	 5 	 5 	 16 	 0.718381 	 12766.243138 	 214 
2 	 5 	 5 	 17 	 0.728294 	 9280.828769 	 200 
2 	 5 	 5 	 18 	 0.700640 	 16864.562924 	 227 
2 	 5 	 5 	 19 	 0.000000 	 1000.000000 	 0 
2 	 5 	 5 	 20 	 0.000000 	 1000.000000 	 0 
2 	 5 	 5 	 21 	 0.000000 	 1000.000000 	 0 
2 	 5 	 5 	 22 	 0.000000 	 1000.000000 	 0 
2 	 5 	 5 	 23 	 0.000000 	 1000.000000 	 0 
2 	 5 	 5 	 24 	 0.722238 	 13127.190048 	 182 
2 	 5 	 5 	 25 	 0.718326 	 19310.990457 	 180 
2 	 5 	 5 	 26 	 0.672788 	 1062.941906 	 192 
2 	 5 	 5 	 27 	 0.722491 	 10042.000709 	 180 
2 	 5 	 5 	 28 	 0.699532 	 27811.045282 	 202 
2 	 5 	 5 	 29 	 0.711606 	 7728.259351 	 191 
2 	 5 	 5 	 30 	 0.732702 	 111552.658199 	 187 
2 	 5 	 5 	 31 	 0.712011 	 8507.521675 	 187 
3 	 0 	 0 	 0 	 0.726316 	 5234.321315 	 159 
3 	 0 	 0 	 1 	 0.733631 	 34092.245796 	 194 
3 	 0 	 0 	 2 	 0.724110 	 6793.555301 	 166 
3 	 0 	 0 	 3 	 0.689220 	 8413.736607 	 183 
3 	 0 	 0 	 4 	 0.712393 	 13145.020856 	 155 
3 	 0 	 0 	 5 	 0.731752 	 1126.061816 	 156 
3 	 0 	 0 	 6 	 0.711761 	 10068.352947 	 174 
3 	 0 	 0 	 7 	 0.728535 	 10321.294064 	 179 
3 	 0 	 0 	 8 	 0.724191 	 8013.500025 	 141 
3 	 0 	 0 	 9 	 0.000000 	 1000.000000 	 0 
3 	 0 	 0 	 10 	 0.727044 	 20546.534377 	 159 
3 	 0 	 0 	 11 	 0.708649 	 6221.804510 	 160 
3 	 0 	 0 	 12 	 0.709897 	 3842.393270 	 140 
3 	 0 	 0 	 13 	 0.710246 	 11427.116407 	 168 
3 	 0 	 0 	 14 	 0.706571 	 5478.738178 	 158 
3 	 0 	 0 	 15 	 0.709040 	 19426.732405 	 160 
3 	 0 	 0 	 16 	 0.715563 	 7596.732955 	 190 
3 	 0 	 0 	 17 	 0.705516 	 6547.824254 	 188 
3 	 0 	 0 	 18 	 0.707631 	 10688.645626 	 176 
3 	 0 	 0 	 19 	 0.841336 	 1037.104229 	 172 
3 	 0 	 0 	 20 	 0.703949 	 20890.483065 	 180 
3 	 0 	 0 	 21 	 0.705901 	 8492.606765 	 172 
3 	 0 	 0 	 22 	 0.715025 	 10774.255140 	 148 
3 	 0 	 0 	 23 	 0.728630 	 9199.757385 	 181 
3 	 0 	 0 	 24 	 0.719667 	 7877.177733 	 178 
3 	 0 	 0 	 25 	 0.731324 	 17302.215933 	 174 
3 	 0 	 0 	 26 	 0.705028 	 8285.688699 	 199 
3 	 0 	 0 	 27 	 0.709659 	 6727.597859 	 166 
3 	 0 	 0 	 28 	 0.675215 	 1178.079432 	 192 
3 	 0 	 0 	 29 	 0.717411 	 13916.648800 	 189 
3 	 0 	 0 	 30 	 0.729641 	 27461.748014 	 199 
3 	 0 	 0 	 31 	 0.707297 	 10226.691609 	 164 
3 	 0 	 1 	 0 	 0.000000 	 1000.000000 	 0 
3 	 0 	 1 	 1 	 0.715929 	 8016.791985 	 146 
3 	 0 	 1 	 2 	 0.720667 	 12786.935884 	 162 
3 	 0 	 1 	 3 	 0.686863 	 17252.050045 	 153 
3 	 0 	 1 	 4 	 0.713120 	 21023.630416 	 177 
3 	 0 	 1 	 5 	 0.709078 	 9609.086597 	 165 
3 	 0 	 1 	 6 	 0.610198 	 897.938066 	 161 
3 	 0 	 1 	 7 	 0.000000 	 1000.000000 	 0 
3 	 0 	 1 	 8 	 0.722214 	 13619.053129 	 200 
3 	 0 	 1 	 9 	 0.711917 	 14213.118230 	 172 
3 	 0 	 1 	 10 	 0.708905 	 920.935816 	 182 
3 	 0 	 1 	 11 	 0.726301 	 12886.788732 	 200 
3 	 0 	 1 	 12 	 0.000000 	 1000.000000 	 0 
3 	 0 	 1 	 13 	 0.693119 	 4256.339776 	 174 
3 	 0 	 1 	 14 	 0.746688 	 986.040129 	 168 
3 	 0 	 1 	 15 	 0.000000 	 1000.000000 	 0 
3 	 0 	 1 	 16 	 0.714676 	 9695.563700 	 207 
3 	 0 	 1 	 17 	 0.726238 	 7767.829996 	 190 
3 	 0 	 1 	 18 	 0.694762 	 11225.153603 	 184 
3 	 0 	 1 	 19 	 0.728110 	 20583.929010 	 188 
3 	 0 	 1 	 20 	 0.693520 	 5643.665937 	 203 
3 	 0 	 1 	 21 	 0.722906 	 8849.730595 	 191 
3 	 0 	 1 	 22 	 0.695951 	 9569.149514 	 216 
3 	 0 	 1 	 23 	 0.716337 	 7717.451009 	 204 
3 	 0 	 1 	 24 	 0.807130 	 528.463672 	 192 
3 	 0 	 1 	 25 	 0.701491 	 11159.638386 	 198 
3 	 0 	 1 	 26 	 0.709475 	 14127.383305 	 192 
3 	 0 	 1 	 27 	 0.725230 	 12727.234592 	 195 
3 	 0 	 1 	 28 	 0.716008 	 13023.579516 	 221 
3 	 0 	 1 	 29 	 0.704183 	 10188.218312 	 221 
3 	 0 	 1 	 30 	 0.709701 	 15900.490865 	 210 
3 	 0 	 1 	 31 	 0.000000 	 1000.000000 	 0 
3 	 0 	 2 	 0 	 0.716879 	 19270.225794 	 156 
3 	 0 	 2 	 1 	 0.681341 	 1257.918329 	 163 
3 	 0 	 2 	 2 	 0.724727 	 17273.548164 	 150 
3 	 0 	 2 	 3 	 0.698647 	 6095.819002 	 149 
3 	 0 	 2 	 4 	 0.729629 	 5157.918139 	 141 
3 	 0 	 2 	 5 	 0.722515 	 6141.146168 	 136 
3 	 0 	 2 	 6 	 0.733861 	 5386.651502 	 144 
3 	 0 	 2 	 7 	 0.720927 	 16694.029783 	 131 
3 	 0 	 2 	 8 	 0.714864 	 5836.892146 	 140 
3 	 0 	 2 	 9 	 0.726117 	 8554.754854 	 141 
3 	 0 	 2 	 10 	 0.731799 	 8287.423616 	 145 
3 	 0 	 2 	 11 	 0.711651 	 3476.794041 	 151 
3 	 0 	 2 	 12 	 0.715281 	 9794.346106 	 147 
3 	 0 	 2 	 13 	 0.702542 	 8474.927247 	 160 
3 	 0 	 2 	 14 	 0.711518 	 12925.110109 	 131 
3 	 0 	 2 	 15 	 0.725833 	 10639.264368 	 191 
3 	 0 	 2 	 16 	 0.701844 	 9226.423008 	 170 
3 	 0 	 2 	 17 	 0.718704 	 9839.937632 	 160 
3 	 0 	 2 	 18 	 0.718371 	 9544.572929 	 187 
3 	 0 	 2 	 19 	 0.709221 	 15321.645642 	 202 
3 	 0 	 2 	 20 	 0.704523 	 23802.268887 	 208 
3 	 0 	 2 	 21 	 0.765068 	 983.837411 	 167 
3 	 0 	 2 	 22 	 0.715998 	 10054.951169 	 181 
3 	 0 	 2 	 23 	 0.724505 	 8893.501523 	 167 
3 	 0 	 2 	 24 	 0.711379 	 14743.852352 	 174 
3 	 0 	 2 	 25 	 0.716414 	 8457.803969 	 194 
3 	 0 	 2 	 26 	 0.618850 	 1208.759665 	 162 
3 	 0 	 2 	 27 	 0.680339 	 966.124353 	 158 
3 	 0 	 2 	 28 	 0.000000 	 1000.000000 	 0 
3 	 0 	 2 	 29 	 0.696210 	 901.843125 	 163 
3 	 0 	 2 	 30 	 0.706470 	 9706.216580 	 174 
3 	 0 	 2 	 31 	 0.722394 	 14346.677084 	 175 
3 	 0 	 3 	 0 	 0.000000 	 1000.000000 	 0 
3 	 0 	 3 	 1 	 0.000000 	 1000.000000 	 0 
3 	 0 	 3 	 2 	 0.000000 	 1000.000000 	 0 
3 	 0 	 3 	 3 	 0.000000 	 1000.000000 	 0 
3 	 0 	 3 	 4 	 0.000000 	 1000.000000 	 0 
3 	 0 	 3 	 5 	 0.000000 	 1000.000000 	 0 
3 	 0 	 3 	 6 	 0.000000 	 1000.000000 	 0 
3 	 0 	 3 	 7 	 0.000000 	 1000.000000 	 0 
3 	 0 	 3 	 8 	 0.000000 	 1000.000000 	 0 
3 	 0 	 3 	 9 	 0.000000 	 1000.000000 	 0 
3 	 0 	 3 	 10 	 0.000000 	 1000.000000 	 0 
3 	 0 	 3 	 11 	 0.000000 	 1000.000000 	 0 
3 	 0 	 3 	 12 	 0.000000 	 1000.000000 	 0 
3 	 0 	 3 	 13 	 0.000000 	 1000.000000 	 0 
3 	 0 	 3 	 14 	 0.000000 	 1000.000000 	 0 
3 	 0 	 3 	 15 	 0.000000 	 1000.000000 	 0 
3 	 0 	 3 	 16 	 0.000000 	 1000.000000 	 0 
3 	 0 	 3 	 17 	 0.000000 	 1000.000000 	 0 
3 	 0 	 3 	 18 	 0.000000 	 1000.000000 	 0 
3 	 0 	 3 	 19 	 0.000000 	 1000.000000 	 0 
3 	 0 	 3 	 20 	 0.000000 	 1000.000000 	 0 
3 	 0 	 3 	 21 	 0.000000 	 1000.000000 	 0 
3 	 0 	 3 	 22 	 0.000000 	 1000.000000 	 0 
3 	 0 	 3 	 23 	 0.000000 	 1000.000000 	 0 
3 	 0 	 3 	 24 	 0.000000 	 1000.000000 	 0 
3 	 0 	 3 	 25 	 0.000000 	 1000.000000 	 0 
3 	 0 	 3 	 26 	 0.000000 	 1000.000000 	 0 
3 	 0 	 3 	 27 	 0.000000 	 1000.000000 	 0 
3 	 0 	 3 	 28 	 0.000000 	 1000.000000 	 0 
3 	 0 	 3 	 29 	 0.000000 	 1000.000000 	 0 
3 	 0 	 3 	 30 	 0.000000 	 1000.000000 	 0 
3 	 0 	 3 	 31 	 0.000000 	 1000.000000 	 0 
3 	 0 	 4 	 0 	 0.662978 	 679.935253 	 116 
3 	 0 	 4 	 1 	 0.705920 	 4511.698500 	 95 
3 	 0 	 4 	 2 	 0.000000 	 1000.000000 	 0 
3 	 0 	 4 	 3 	 0.698657 	 7383.282036 	 101 
3 	 0 	 4 	 4 	 0.727498 	 15858.589732 	 102 
3 	 0 	 4 	 5 	 0.714649 	 8371.230804 	 106 
3 	 0 	 4 	 6 	 0.704069 	 2504.271575 	 77 
3 	 0 	 4 	 7 	 0.698633 	 3682.917575 	 90 
3 	 0 	 4 	 8 	 0.653991 	 2387.881530 	 77 
3 	 0 	 4 	 9 	 0.710488 	 2900.755339 	 114 
3 	 0 	 4 	 10 	 0.702734 	 6367.804754 	 107 
3 	 0 	 4 	 11 	 0.733784 	 11308.488577 	 115 
3 	 0 	 4 	 12 	 0.715280 	 860.285122 	 102 
3 	 0 	 4 	 13 	 0.707893 	 6167.184303 	 104 
3 	 0 	 4 	 14 	 0.708056 	 8702.539864 	 97 
3 	 0 	 4 	 15 	 0.735489 	 3649.797284 	 122 
3 	 0 	 4 	 16 	 0.726794 	 6007.583299 	 102 
3 	 0 	 4 	 17 	 0.694172 	 3089.403484 	 112 
3 	 0 	 4 	 18 	 0.701972 	 10461.247977 	 135 
3 	 0 	 4 	 19 	 0.689119 	 5572.127305 	 98 
3 	 0 	 4 	 20 	 0.574103 	 805.486746 	 101 
3 	 0 	 4 	 21 	 0.679192 	 2146.799523 	 120 
3 	 0 	 4 	 22 	 0.737325 	 5991.621963 	 109 
3 	 0 	 4 	 23 	 0.713241 	 5392.540571 	 135 
3 	 0 	 4 	 24 	 0.715521 	 7963.567971 	 107 
3 	 0 	 4 	 25 	 0.681251 	 18732.289939 	 108 
3 	 0 	 4 	 26 	 0.719992 	 2400.827626 	 130 
3 	 0 	 4 	 27 	 0.732900 	 11095.476129 	 118 
3 	 0 	 4 	 28 	 0.677018 	 2547.033297 	 103 
3 	 0 	 4 	 29 	 0.724563 	 18165.646467 	 113 
3 	 0 	 4 	 30 	 0.754150 	 63624.680735 	 105 
3 	 0 	 4 	 31 	 0.715532 	 5593.851438 	 109 
3 	 0 	 5 	 0 	 0.711124 	 7689.832271 	 91 
3 	 0 	 5 	 1 	 0.718762 	 3456.184409 	 82 
3 	 0 	 5 	 2 	 0.714599 	 5922.339464 	 91 
3 	 0 	 5 	 3 	 0.657597 	 5519.520178 	 96 
3 	 0 	 5 	 4 	 0.727576 	 2417.849910 	 96 
3 	 0 	 5 	 5 	 0.689669 	 5657.509069 	 87 
3 	 0 	 5 	 6 	 0.000000 	 1000.000000 	 0 
3 	 0 	 5 	 7 	 0.727382 	 2269.720775 	 73 
3 	 0 	 5 	 8 	 0.728904 	 4402.215091 	 97 
3 	 0 	 5 	 9 	 0.727386 	 12583.523400 	 108 
3 	 0 	 5 	 10 	 0.684673 	 8362.372254 	 102 
3 	 0 	 5 	 11 	 0.711874 	 16972.223292 	 111 
3 	 0 	 5 	 12 	 0.710138 	 7026.197743 	 106 
3 	 0 	 5 	 13 	 0.718606 	 15546.503377 	 104 
3 	 0 	 5 	 14 	 0.708295 	 4711.890830 	 116 
3 	 0 	 5 	 15 	 0.707741 	 3614.843370 	 100 
3 	 0 	 5 	 16 	 0.717576 	 7260.622598 	 116 
3 	 0 	 5 	 17 	 0.000000 	 1000.000000 	 0 
3 	 0 	 5 	 18 	 0.673038 	 2005.515374 	 98 
3 	 0 	 5 	 19 	 0.711054 	 22040.411125 	 112 
3 	 0 	 5 	 20 	 0.707937 	 29409.014796 	 124 
3 	 0 	 5 	 21 	 0.733545 	 8840.847137 	 122 
3 	 0 	 5 	 22 	 0.707783 	 7581.845473 	 121 
3 	 0 	 5 	 23 	 0.682228 	 713.163446 	 94 
3 	 0 	 5 	 24 	 0.000000 	 1000.000000 	 0 
3 	 0 	 5 	 25 	 0.000000 	 1000.000000 	 0 
3 	 0 	 5 	 26 	 0.000000 	 1000.000000 	 0 
3 	 0 	 5 	 27 	 0.000000 	 1000.000000 	 0 
3 	 0 	 5 	 28 	 0.000000 	 1000.000000 	 0 
3 	 0 	 5 	 29 	 0.000000 	 1000.000000 	 0 
3 	 0 	 5 	 30 	 0.000000 	 1000.000000 	 0 
3 	 0 	 5 	 31 	 0.000000 	 1000.000000 	 0 
3 	 1 	 0 	 0 	 0.732467 	 8740.734336 	 199 
3 	 1 	 0 	 1 	 0.706390 	 14472.653453 	 251 
3 	 1 	 0 	 2 	 0.711908 	 8642.890664 	 188 
3 	 1 	 0 	 3 	 0.000000 	 1000.000000 	 0 
3 	 1 	 0 	 4 	 0.725180 	 11547.215981 	 213 
3 	 1 	 0 	 5 	 0.704931 	 11018.374745 	 229 
3 	 1 	 0 	 6 	 0.718705 	 9561.714734 	 183 
3 	 1 	 0 	 7 	 0.000000 	 1000.000000 	 0 
3 	 1 	 0 	 8 	 0.714780 	 9893.812695 	 169 
3 	 1 	 0 	 9 	 0.720513 	 21976.841800 	 189 
3 	 1 	 0 	 10 	 0.697819 	 14065.725181 	 203 
3 	 1 	 0 	 11 	 0.719764 	 8390.602626 	 187 
3 	 1 	 0 	 12 	 0.717247 	 20384.532038 	 207 
3 	 1 	 0 	 13 	 0.723566 	 11852.758113 	 184 
3 	 1 	 0 	 14 	 0.604672 	 1244.229530 	 193 
3 	 1 	 0 	 15 	 0.727091 	 10786.670974 	 186 
3 	 1 	 0 	 16 	 0.709088 	 997.711694 	 173 
3 	 1 	 0 	 17 	 0.712985 	 12584.970135 	 201 
3 	 1 	 0 	 18 	 0.712538 	 6515.219924 	 177 
3 	 1 	 0 	 19 	 0.713013 	 15028.493262 	 176 
3 	 1 	 0 	 20 	 0.704741 	 18805.573228 	 184 
3 	 1 	 0 	 21 	 0.720094 	 8841.604579 	 180 
3 	 1 	 0 	 22 	 0.716357 	 6953.832860 	 190 
3 	 1 	 0 	 23 	 0.703166 	 11146.651655 	 177 
3 	 1 	 0 	 24 	 0.596248 	 1032.115106 	 201 
3 	 1 	 0 	 25 	 0.714707 	 31189.445665 	 222 
3 	 1 	 0 	 26 	 0.711301 	 7644.243889 	 203 
3 	 1 	 0 	 27 	 0.728133 	 18641.899513 	 246 
3 	 1 	 0 	 28 	 0.714661 	 13923.784829 	 203 
3 	 1 	 0 	 29 	 0.706436 	 1098.299827 	 208 
3 	 1 	 0 	 30 	 0.715408 	 16787.282755 	 214 
3 	 1 	 0 	 31 	 0.730030 	 10554.736057 	 222 
3 	 1 	 1 	 0 	 0.716624 	 10510.346861 	 203 
3 	 1 	 1 	 1 	 0.468364 	 1188.292323 	 225 
3 	 1 	 1 	 2 	 0.716605 	 11855.715719 	 211 
3 	 1 	 1 	 3 	 0.699852 	 11159.156455 	 203 
3 	 1 	 1 	 4 	 0.704239 	 8178.049525 	 210 
3 	 1 	 1 	 5 	 0.715506 	 5455.117789 	 199 
3 	 1 	 1 	 6 	 0.714413 	 16813.229535 	 212 
3 	 1 	 1 	 7 	 0.695475 	 9211.003207 	 204 
3 	 1 	 1 	 8 	 0.720101 	 13389.454849 	 220 
3 	 1 	 1 	 9 	 0.727627 	 7984.660395 	 199 
3 	 1 	 1 	 10 	 0.710911 	 18554.930358 	 212 
3 	 1 	 1 	 11 	 0.700230 	 9594.064270 	 217 
3 	 1 	 1 	 12 	 0.693899 	 11888.307185 	 198 
3 	 1 	 1 	 13 	 0.713188 	 11448.628041 	 234 
3 	 1 	 1 	 14 	 0.000000 	 1000.000000 	 0 
3 	 1 	 1 	 15 	 0.725288 	 25088.728520 	 237 
3 	 1 	 1 	 16 	 0.712996 	 12471.167634 	 230 
3 	 1 	 1 	 17 	 0.671568 	 1225.067986 	 212 
3 	 1 	 1 	 18 	 0.713500 	 66316.492402 	 230 
3 	 1 	 1 	 19 	 0.699210 	 12446.449908 	 225 
3 	 1 	 1 	 20 	 0.702191 	 21757.781820 	 242 
3 	 1 	 1 	 21 	 0.719179 	 10159.407516 	 268 
3 	 1 	 1 	 22 	 0.719877 	 26431.480567 	 237 
3 	 1 	 1 	 23 	 0.000000 	 1000.000000 	 0 
3 	 1 	 1 	 24 	 0.715865 	 11996.442195 	 216 
3 	 1 	 1 	 25 	 0.000000 	 1000.000000 	 0 
3 	 1 	 1 	 26 	 0.691840 	 11755.920183 	 225 
3 	 1 	 1 	 27 	 0.727619 	 19410.668087 	 217 
3 	 1 	 1 	 28 	 0.721275 	 54892.678215 	 200 
3 	 1 	 1 	 29 	 0.712136 	 13611.698974 	 224 
3 	 1 	 1 	 30 	 0.718851 	 6620.811367 	 228 
3 	 1 	 1 	 31 	 0.708773 	 15028.630048 	 222 
3 	 1 	 2 	 0 	 0.697447 	 6693.429364 	 162 
3 	 1 	 2 	 1 	 0.711937 	 8704.785873 	 161 
3 	 1 	 2 	 2 	 0.676805 	 1044.453868 	 173 
3 	 1 	 2 	 3 	 0.711738 	 15867.143654 	 165 
3 	 1 	 2 	 4 	 0.722617 	 14965.414573 	 179 
3 	 1 	 2 	 5 	 0.726391 	 10445.267460 	 172 
3 	 1 	 2 	 6 	 0.717539 	 30860.816021 	 164 
3 	 1 	 2 	 7 	 0.715579 	 18078.663429 	 204 
3 	 1 	 2 	 8 	 0.724420 	 30429.953850 	 209 
3 	 1 	 2 	 9 	 0.700655 	 12386.582784 	 219 
3 	 1 	 2 	 10 	 0.000000 	 1000.000000 	 0 
3 	 1 	 2 	 11 	 0.723214 	 13434.963797 	 178 
3 	 1 	 2 	 12 	 0.715594 	 15266.196339 	 169 
3 	 1 	 2 	 13 	 0.000000 	 1000.000000 	 0 
3 	 1 	 2 	 14 	 0.715804 	 5138.528830 	 178 
3 	 1 	 2 	 15 	 0.718918 	 16446.376591 	 185 
3 	 1 	 2 	 16 	 0.725780 	 8728.295388 	 207 
3 	 1 	 2 	 17 	 0.697806 	 61970.347586 	 201 
3 	 1 	 2 	 18 	 0.719136 	 13973.852749 	 234 
3 	 1 	 2 	 19 	 0.666325 	 1257.024232 	 198 
3 	 1 	 2 	 20 	 0.711621 	 11593.943225 	 193 
3 	 1 	 2 	 21 	 0.718689 	 6575.877990 	 171 
3 	 1 	 2 	 22 	 0.721020 	 9764.501313 	 209 
3 	 1 	 2 	 23 	 0.707934 	 8253.045724 	 205 
3 	 1 	 2 	 24 	 0.692680 	 12630.492215 	 193 
3 	 1 	 2 	 25 	 0.716749 	 16892.540998 	 191 
3 	 1 	 2 	 26 	 0.000000 	 1000.000000 	 0 
3 	 1 	 2 	 27 	 0.745914 	 24213.435877 	 197 
3 	 1 	 2 	 28 	 0.732317 	 7909.968287 	 198 
3 	 1 	 2 	 29 	 0.719409 	 15571.556454 	 194 
3 	 1 	 2 	 30 	 0.715084 	 14042.977487 	 184 
3 	 1 	 2 	 31 	 0.700679 	 8228.180510 	 191 
3 	 1 	 3 	 0 	 0.725799 	 5211.498121 	 148 
3 	 1 	 3 	 1 	 0.740747 	 28373.487501 	 116 
3 	 1 	 3 	 2 	 0.721055 	 12384.656788 	 141 
3 	 1 	 3 	 3 	 0.707417 	 6955.060444 	 126 
3 	 1 	 3 	 4 	 0.699881 	 9246.767944 	 142 
3 	 1 	 3 	 5 	 0.700033 	 9870.352840 	 143 
3 	 1 	 3 	 6 	 0.699172 	 7946.140021 	 151 
3 	 1 	 3 	 7 	 0.709049 	 6032.191003 	 119 
3 	 1 	 3 	 8 	 0.730826 	 14846.098572 	 152 
3 	 1 	 3 	 9 	 0.710053 	 10803.178321 	 155 
3 	 1 	 3 	 10 	 0.723380 	 11301.796301 	 148 
3 	 1 	 3 	 11 	 0.781796 	 1130.370824 	 168 
3 	 1 	 3 	 12 	 0.733386 	 16071.955853 	 162 
3 	 1 	 3 	 13 	 0.716035 	 5672.157342 	 167 
3 	 1 	 3 	 14 	 0.709689 	 9053.966887 	 176 
3 	 1 	 3 	 15 	 0.000000 	 1000.000000 	 0 
3 	 1 	 3 	 16 	 0.721456 	 9310.616208 	 177 
3 	 1 	 3 	 17 	 0.734911 	 9481.745156 	 156 
3 	 1 	 3 	 18 	 0.713815 	 5906.329252 	 165 
3 	 1 	 3 	 19 	 0.722964 	 13741.714111 	 177 
3 	 1 	 3 	 20 	 0.716006 	 13081.799780 	 165 
3 	 1 	 3 	 21 	 0.731040 	 30452.882000 	 157 
3 	 1 	 3 	 22 	 0.719944 	 5449.693476 	 154 
3 	 1 	 3 	 23 	 0.000000 	 1000.000000 	 0 
3 	 1 	 3 	 24 	 0.730921 	 4842.195313 	 134 
3 	 1 	 3 	 25 	 0.725935 	 1130.800528 	 134 
3 	 1 	 3 	 26 	 0.698779 	 10432.481091 	 140 
3 	 1 	 3 	 27 	 0.712869 	 14756.792872 	 136 
3 	 1 	 3 	 28 	 0.713431 	 4481.464212 	 136 
3 	 1 	 3 	 29 	 0.719159 	 1164.873689 	 156 
3 	 1 	 3 	 30 	 0.601579 	 810.963095 	 145 
3 	 1 	 3 	 31 	 0.715505 	 15186.837492 	 137 
3 	 1 	 4 	 0 	 0.726304 	 8075.987598 	 114 
3 	 1 	 4 	 1 	 0.712682 	 6373.435832 	 124 
3 	 1 	 4 	 2 	 0.713736 	 11395.692744 	 123 
3 	 1 	 4 	 3 	 0.724108 	 22971.538406 	 131 
3 	 1 	 4 	 4 	 0.700539 	 5382.131275 	 129 
3 	 1 	 4 	 5 	 0.702976 	 3350.547478 	 129 
3 	 1 	 4 	 6 	 0.000000 	 1000.000000 	 0 
3 	 1 	 4 	 7 	 0.709718 	 2389.013417 	 116 
3 	 1 	 4 	 8 	 0.710308 	 8575.937361 	 116 
3 	 1 	 4 	 9 	 0.730546 	 17288.182115 	 135 
3 	 1 	 4 	 10 	 0.698089 	 8113.415351 	 136 
3 	 1 	 4 	 11 	 0.721096 	 13492.253342 	 109 
3 	 1 	 4 	 12 	 0.685541 	 5973.482216 	 129 
3 	 1 	 4 	 13 	 0.712714 	 28030.388404 	 119 
3 	 1 	 4 	 14 	 0.746929 	 14834.931057 	 127 
3 	 1 	 4 	 15 	 0.720240 	 5644.603015 	 128 
3 	 1 	 4 	 16 	 0.735185 	 983.923684 	 123 
3 	 1 	 4 	 17 	 0.711175 	 5784.007502 	 127 
3 	 1 	 4 	 18 	 0.714986 	 6434.287889 	 124 
3 	 1 	 4 	 19 	 0.687157 	 7926.065693 	 139 
3 	 1 	 4 	 20 	 0.714044 	 4958.862305 	 108 
3 	 1 	 4 	 21 	 0.704330 	 6715.612364 	 124 
3 	 1 	 4 	 22 	 0.000000 	 1000.000000 	 0 
3 	 1 	 4 	 23 	 0.701355 	 4920.126463 	 138 
3 	 1 	 4 	 24 	 0.710862 	 4563.072636 	 138 
3 	 1 	 4 	 25 	 0.706729 	 4086.673026 	 110 
3 	 1 	 4 	 26 	 0.621406 	 790.106188 	 113 
3 	 1 	 4 	 27 	 0.722384 	 3502.919671 	 120 
3 	 1 	 4 	 28 	 0.705444 	 7878.424262 	 127 
3 	 1 	 4 	 29 	 0.000000 	 1000.000000 	 0 
3 	 1 	 4 	 30 	 0.727467 	 14817.287051 	 131 
3 	 1 	 4 	 31 	 0.645174 	 1002.545564 	 112 
3 	 1 	 5 	 0 	 0.000000 	 1000.000000 	 0 
3 	 1 	 5 	 1 	 0.000000 	 1000.000000 	 0 
3 	 1 	 5 	 2 	 0.000000 	 1000.000000 	 0 
3 	 1 	 5 	 3 	 0.000000 	 1000.000000 	 0 
3 	 1 	 5 	 4 	 0.000000 	 1000.000000 	 0 
3 	 1 	 5 	 5 	 0.000000 	 1000.000000 	 0 
3 	 1 	 5 	 6 	 0.000000 	 1000.000000 	 0 
3 	 1 	 5 	 7 	 0.000000 	 1000.000000 	 0 
3 	 1 	 5 	 8 	 0.724250 	 3655.418187 	 122 
3 	 1 	 5 	 9 	 0.709810 	 6340.263846 	 122 
3 	 1 	 5 	 10 	 0.704117 	 24855.174162 	 114 
3 	 1 	 5 	 11 	 0.716587 	 11154.239673 	 139 
3 	 1 	 5 	 12 	 0.700339 	 4392.061546 	 132 
3 	 1 	 5 	 13 	 0.701605 	 4546.135067 	 107 
3 	 1 	 5 	 14 	 0.714749 	 4245.051882 	 121 
3 	 1 	 5 	 15 	 0.735316 	 52193.460268 	 112 
3 	 1 	 5 	 16 	 0.711896 	 5505.430519 	 132 
3 	 1 	 5 	 17 	 0.722232 	 6221.161014 	 113 
3 	 1 	 5 	 18 	 0.733476 	 7259.318915 	 116 
3 	 1 	 5 	 19 	 0.000000 	 1000.000000 	 0 
3 	 1 	 5 	 20 	 0.000000 	 1000.000000 	 0 
3 	 1 	 5 	 21 	 0.723344 	 15823.086954 	 145 
3 	 1 	 5 	 22 	 0.701980 	 7038.581062 	 138 
3 	 1 	 5 	 23 	 0.718082 	 22674.906301 	 115 
3 	 1 	 5 	 24 	 0.698803 	 6656.719193 	 126 
3 	 1 	 5 	 25 	 0.738334 	 933.171372 	 114 
3 	 1 	 5 	 26 	 0.717048 	 7880.643875 	 104 
3 	 1 	 5 	 27 	 0.700040 	 4652.160707 	 112 
3 	 1 	 5 	 28 	 0.711252 	 10293.345237 	 113 
3 	 1 	 5 	 29 	 0.703142 	 7795.794636 	 93 
3 	 1 	 5 	 30 	 0.723657 	 8362.155518 	 122 
3 	 1 	 5 	 31 	 0.711757 	 4282.930212 	 116 
3 	 2 	 0 	 0 	 0.709418 	 12346.043790 	 211 
3 	 2 	 0 	 1 	 0.720207 	 14067.161667 	 231 
3 	 2 	 0 	 2 	 0.707690 	 10009.692217 	 204 
3 	 2 	 0 	 3 	 0.716063 	 8013.403754 	 227 
3 	 2 	 0 	 4 	 0.718456 	 20339.177900 	 235 
3 	 2 	 0 	 5 	 0.720674 	 12841.458397 	 214 
3 	 2 	 0 	 6 	 0.713884 	 10570.516056 	 214 
3 	 2 	 0 	 7 	 0.701121 	 17793.402743 	 234 
3 	 2 	 0 	 8 	 0.720973 	 10486.996885 	 175 
3 	 2 	 0 	 9 	 0.714965 	 18486.758550 	 196 
3 	 2 	 0 	 10 	 0.745893 	 14685.841713 	 195 
3 	 2 	 0 	 11 	 0.609903 	 1145.089743 	 190 
3 	 2 	 0 	 12 	 0.705453 	 10159.432922 	 196 
3 	 2 	 0 	 13 	 0.724382 	 24060.820317 	 201 
3 	 2 	 0 	 14 	 0.729896 	 10305.203471 	 194 
3 	 2 	 0 	 15 	 0.702546 	 10081.080288 	 215 
3 	 2 	 0 	 16 	 0.000000 	 1000.000000 	 0 
3 	 2 	 0 	 17 	 0.000000 	 1000.000000 	 0 
3 	 2 	 0 	 18 	 0.644751 	 1080.509189 	 191 
3 	 2 	 0 	 19 	 0.720800 	 1071.681885 	 200 
3 	 2 	 0 	 20 	 0.000000 	 1000.000000 	 0 
3 	 2 	 0 	 21 	 0.726101 	 12560.333075 	 192 
3 	 2 	 0 	 22 	 0.621766 	 1097.488620 	 185 
3 	 2 	 0 	 23 	 0.722315 	 32242.799295 	 203 
3 	 2 	 0 	 24 	 0.721504 	 7007.625842 	 214 
3 	 2 	 0 	 25 	 0.697205 	 7260.078963 	 208 
3 	 2 	 0 	 26 	 0.725541 	 21129.765194 	 229 
3 	 2 	 0 	 27 	 0.721507 	 9918.466613 	 213 
3 	 2 	 0 	 28 	 0.722451 	 8877.025154 	 220 
3 	 2 	 0 	 29 	 0.716237 	 7738.376044 	 231 
3 	 2 	 0 	 30 	 0.722289 	 22710.739804 	 229 
3 	 2 	 0 	 31 	 0.722911 	 11448.460824 	 228 
3 	 2 	 1 	 0 	 0.718080 	 10138.843380 	 229 
3 	 2 	 1 	 1 	 0.718621 	 22676.868418 	 247 
3 	 2 	 1 	 2 	 0.708816 	 15350.201086 	 248 
3 	 2 	 1 	 3 	 0.709094 	 17169.829477 	 227 
3 	 2 	 1 	 4 	 0.631432 	 1141.423253 	 231 
3 	 2 	 1 	 5 	 0.702770 	 10632.320596 	 205 
3 	 2 	 1 	 6 	 0.721800 	 28730.457319 	 241 
3 	 2 	 1 	 7 	 0.725302 	 18141.528606 	 252 
3 	 2 	 1 	 8 	 0.725101 	 13065.968282 	 246 
3 	 2 	 1 	 9 	 0.716290 	 1164.906411 	 219 
3 	 2 	 1 	 10 	 0.701047 	 14731.890062 	 218 
3 	 2 	 1 	 11 	 0.721908 	 15146.369029 	 249 
3 	 2 	 1 	 12 	 0.713505 	 14798.387455 	 240 
3 	 2 	 1 	 13 	 0.699215 	 10803.843079 	 224 
3 	 2 	 1 	 14 	 0.712433 	 7404.280990 	 209 
3 	 2 	 1 	 15 	 0.727851 	 8178.430708 	 222 
3 	 2 	 1 	 16 	 0.709372 	 7514.522345 	 207 
3 	 2 	 1 	 17 	 0.715348 	 17011.987128 	 257 
3 	 2 	 1 	 18 	 0.704855 	 15103.989604 	 223 
3 	 2 	 1 	 19 	 0.711810 	 18479.506505 	 251 
3 	 2 	 1 	 20 	 0.702762 	 12300.110708 	 251 
3 	 2 	 1 	 21 	 0.734018 	 48718.609643 	 247 
3 	 2 	 1 	 22 	 0.000000 	 1000.000000 	 0 
3 	 2 	 1 	 23 	 0.717860 	 11568.461017 	 240 
3 	 2 	 1 	 24 	 0.710219 	 9253.965228 	 229 
3 	 2 	 1 	 25 	 0.720757 	 10311.015483 	 218 
3 	 2 	 1 	 26 	 0.707607 	 11892.355694 	 195 
3 	 2 	 1 	 27 	 0.743536 	 893.735828 	 229 
3 	 2 	 1 	 28 	 0.693511 	 8023.421001 	 248 
3 	 2 	 1 	 29 	 0.678691 	 1229.714776 	 230 
3 	 2 	 1 	 30 	 0.716270 	 7337.546196 	 201 
3 	 2 	 1 	 31 	 0.690912 	 10955.092142 	 249 
3 	 2 	 2 	 0 	 0.700067 	 5292.039186 	 177 
3 	 2 	 2 	 1 	 0.725905 	 15693.749347 	 187 
3 	 2 	 2 	 2 	 0.723254 	 7607.647987 	 172 
3 	 2 	 2 	 3 	 0.694332 	 15172.364587 	 204 
3 	 2 	 2 	 4 	 0.745294 	 109830.226094 	 202 
3 	 2 	 2 	 5 	 0.709335 	 11456.629440 	 173 
3 	 2 	 2 	 6 	 0.735292 	 8248.347595 	 200 
3 	 2 	 2 	 7 	 0.735266 	 13421.985799 	 149 
3 	 2 	 2 	 8 	 0.720594 	 17040.278210 	 210 
3 	 2 	 2 	 9 	 0.713574 	 16659.057283 	 255 
3 	 2 	 2 	 10 	 0.698379 	 6312.883930 	 217 
3 	 2 	 2 	 11 	 0.704688 	 10196.328050 	 228 
3 	 2 	 2 	 12 	 0.708773 	 8493.192469 	 189 
3 	 2 	 2 	 13 	 0.722842 	 11889.295570 	 221 
3 	 2 	 2 	 14 	 0.730327 	 22302.744569 	 228 
3 	 2 	 2 	 15 	 0.725542 	 16809.094812 	 208 
3 	 2 	 2 	 16 	 0.711858 	 6796.443283 	 188 
3 	 2 	 2 	 17 	 0.716670 	 14191.415212 	 199 
3 	 2 	 2 	 18 	 0.729387 	 13153.304901 	 220 
3 	 2 	 2 	 19 	 0.726168 	 18573.608117 	 204 
3 	 2 	 2 	 20 	 0.701226 	 6799.746427 	 200 
3 	 2 	 2 	 21 	 0.704395 	 12661.625388 	 212 
3 	 2 	 2 	 22 	 0.654301 	 1164.420097 	 191 
3 	 2 	 2 	 23 	 0.732639 	 1052.158671 	 196 
3 	 2 	 2 	 24 	 0.000000 	 1000.000000 	 0 
3 	 2 	 2 	 25 	 0.000000 	 1000.000000 	 0 
3 	 2 	 2 	 26 	 0.720204 	 9498.347500 	 171 
3 	 2 	 2 	 27 	 0.713706 	 10711.199821 	 194 
3 	 2 	 2 	 28 	 0.717774 	 18363.080166 	 175 
3 	 2 	 2 	 29 	 0.709034 	 8582.500101 	 192 
3 	 2 	 2 	 30 	 0.732260 	 11244.236823 	 183 
3 	 2 	 2 	 31 	 0.719455 	 20092.262175 	 219 
3 	 2 	 3 	 0 	 0.712116 	 2430.601806 	 137 
3 	 2 	 3 	 1 	 0.707602 	 4245.219281 	 148 
3 	 2 	 3 	 2 	 0.741916 	 29878.058955 	 139 
3 	 2 	 3 	 3 	 0.715054 	 10032.764371 	 150 
3 	 2 	 3 	 4 	 0.724067 	 9024.221269 	 126 
3 	 2 	 3 	 5 	 0.727470 	 10201.996705 	 148 
3 	 2 	 3 	 6 	 0.709837 	 5706.332316 	 130 
3 	 2 	 3 	 7 	 0.710115 	 2784.828252 	 125 
3 	 2 	 3 	 8 	 0.724585 	 12911.277879 	 166 
3 	 2 	 3 	 9 	 0.712562 	 24468.505888 	 176 
3 	 2 	 3 	 10 	 0.691394 	 9410.751303 	 178 
3 	 2 	 3 	 11 	 0.700327 	 17109.572579 	 179 
3 	 2 	 3 	 12 	 0.718229 	 50004.519622 	 169 
3 	 2 	 3 	 13 	 0.723651 	 14098.498166 	 139 
3 	 2 	 3 	 14 	 0.709898 	 6019.547307 	 159 
3 	 2 	 3 	 15 	 0.828269 	 807.317071 	 154 
3 	 2 	 3 	 16 	 0.715145 	 7270.806067 	 158 
3 	 2 	 3 	 17 	 0.737431 	 7018.982580 	 153 
3 	 2 	 3 	 18 	 0.796026 	 1053.207780 	 155 
3 	 2 	 3 	 19 	 0.719746 	 6138.977702 	 174 
3 	 2 	 3 	 20 	 0.708768 	 10951.595709 	 154 
3 	 2 	 3 	 21 	 0.704112 	 10594.495445 	 176 
3 	 2 	 3 	 22 	 0.712523 	 13982.945869 	 159 
3 	 2 	 3 	 23 	 0.718987 	 8181.976429 	 171 
3 	 2 	 3 	 24 	 0.706128 	 23723.640323 	 135 
3 	 2 	 3 	 25 	 0.701113 	 6719.365542 	 131 
3 	 2 	 3 	 26 	 0.715336 	 3327.042838 	 143 
3 	 2 	 3 	 27 	 0.729626 	 55445.974383 	 163 
3 	 2 	 3 	 28 	 0.622858 	 1232.376051 	 157 
3 	 2 	 3 	 29 	 0.710305 	 35916.602952 	 144 
3 	 2 	 3 	 30 	 0.730601 	 4165.164808 	 141 
3 	 2 	 3 	 31 	 0.716921 	 4581.692035 	 144 
3 	 2 	 4 	 0 	 0.715442 	 4787.539222 	 121 
3 	 2 	 4 	 1 	 0.000000 	 1000.000000 	 0 
3 	 2 	 4 	 2 	 0.687629 	 12107.347721 	 127 
3 	 2 	 4 	 3 	 0.723241 	 4469.070145 	 152 
3 	 2 	 4 	 4 	 0.663806 	 986.276963 	 134 
3 	 2 	 4 	 5 	 0.741605 	 3095.316585 	 114 
3 	 2 	 4 	 6 	 0.735898 	 1041.264247 	 126 
3 	 2 	 4 	 7 	 0.707174 	 3696.104066 	 120 
3 	 2 	 4 	 8 	 0.000000 	 1000.000000 	 0 
3 	 2 	 4 	 9 	 0.000000 	 1000.000000 	 0 
3 	 2 	 4 	 10 	 0.602382 	 1099.245710 	 147 
3 	 2 	 4 	 11 	 0.709181 	 32813.195885 	 119 
3 	 2 	 4 	 12 	 0.000000 	 1000.000000 	 0 
3 	 2 	 4 	 13 	 0.000000 	 1000.000000 	 0 
3 	 2 	 4 	 14 	 0.706824 	 5904.469916 	 139 
3 	 2 	 4 	 15 	 0.000000 	 1000.000000 	 0 
3 	 2 	 4 	 16 	 0.719178 	 15172.230804 	 128 
3 	 2 	 4 	 17 	 0.719149 	 2491.187188 	 128 
3 	 2 	 4 	 18 	 0.698176 	 6585.578843 	 128 
3 	 2 	 4 	 19 	 0.718443 	 6009.594051 	 142 
3 	 2 	 4 	 20 	 0.723189 	 23578.384056 	 119 
3 	 2 	 4 	 21 	 0.000000 	 1000.000000 	 0 
3 	 2 	 4 	 22 	 0.000000 	 1000.000000 	 0 
3 	 2 	 4 	 23 	 0.000000 	 1000.000000 	 0 
3 	 2 	 4 	 24 	 0.000000 	 1000.000000 	 0 
3 	 2 	 4 	 25 	 0.000000 	 1000.000000 	 0 
3 	 2 	 4 	 26 	 0.000000 	 1000.000000 	 0 
3 	 2 	 4 	 27 	 0.711134 	 5873.558272 	 138 
3 	 2 	 4 	 28 	 0.689212 	 4748.558138 	 135 
3 	 2 	 4 	 29 	 0.718031 	 14852.702161 	 139 
3 	 2 	 4 	 30 	 0.702882 	 10335.320256 	 146 
3 	 2 	 4 	 31 	 0.712585 	 16124.957899 	 134 
3 	 2 	 5 	 0 	 0.746449 	 3016.776955 	 111 
3 	 2 	 5 	 1 	 0.728052 	 9264.610743 	 116 
3 	 2 	 5 	 2 	 0.740835 	 6141.823396 	 113 
3 	 2 	 5 	 3 	 0.753294 	 1041.592128 	 128 
3 	 2 	 5 	 4 	 0.719481 	 4946.661982 	 124 
3 	 2 	 5 	 5 	 0.733670 	 3867.675579 	 108 
3 	 2 	 5 	 6 	 0.711997 	 4259.655682 	 114 
3 	 2 	 5 	 7 	 0.723482 	 8352.507581 	 112 
3 	 2 	 5 	 8 	 0.711949 	 4908.990745 	 115 
3 	 2 	 5 	 9 	 0.697504 	 848.050362 	 139 
3 	 2 	 5 	 10 	 0.396719 	 1197.104967 	 129 
3 	 2 	 5 	 11 	 0.696941 	 8853.248287 	 125 
3 	 2 	 5 	 12 	 0.718046 	 12953.931660 	 130 
3 	 2 	 5 	 13 	 0.715981 	 3896.864632 	 134 
3 	 2 	 5 	 14 	 0.709524 	 12217.393922 	 142 
3 	 2 	 5 	 15 	 0.714813 	 10228.530442 	 134 
3 	 2 	 5 	 16 	 0.739136 	 29510.706951 	 126 
3 	 2 	 5 	 17 	 0.713490 	 6491.641836 	 113 
3 	 2 	 5 	 18 	 0.736109 	 10314.968060 	 128 
3 	 2 	 5 	 19 	 0.719475 	 10199.640273 	 123 
3 	 2 	 5 	 20 	 0.000000 	 1000.000000 	 0 
3 	 2 	 5 	 21 	 0.719939 	 13728.235105 	 114 
3 	 2 	 5 	 22 	 0.726804 	 6326.836088 	 125 
3 	 2 	 5 	 23 	 0.725374 	 12747.766674 	 131 
3 	 2 	 5 	 24 	 0.712564 	 10893.965520 	 93 
3 	 2 	 5 	 25 	 0.704825 	 4388.257298 	 127 
3 	 2 	 5 	 26 	 0.688699 	 5245.551396 	 121 
3 	 2 	 5 	 27 	 0.708410 	 14453.540589 	 124 
3 	 2 	 5 	 28 	 0.695747 	 1979.381445 	 108 
3 	 2 	 5 	 29 	 0.696145 	 5941.937995 	 92 
3 	 2 	 5 	 30 	 0.710400 	 20331.258033 	 107 
3 	 2 	 5 	 31 	 0.698118 	 4760.881842 	 96 
3 	 3 	 0 	 0 	 0.729447 	 15910.599443 	 213 
3 	 3 	 0 	 1 	 0.715175 	 11257.869249 	 235 
3 	 3 	 0 	 2 	 0.722393 	 8426.341051 	 232 
3 	 3 	 0 	 3 	 0.720978 	 14032.445324 	 224 
3 	 3 	 0 	 4 	 0.727574 	 10967.142982 	 217 
3 	 3 	 0 	 5 	 0.700898 	 14814.790452 	 228 
3 	 3 	 0 	 6 	 0.712172 	 15235.054594 	 214 
3 	 3 	 0 	 7 	 0.703707 	 14133.425442 	 201 
3 	 3 	 0 	 8 	 0.000000 	 1000.000000 	 0 
3 	 3 	 0 	 9 	 0.719637 	 16377.096024 	 177 
3 	 3 	 0 	 10 	 0.706524 	 9978.820124 	 185 
3 	 3 	 0 	 11 	 0.693858 	 12206.586623 	 186 
3 	 3 	 0 	 12 	 0.713268 	 9510.760718 	 199 
3 	 3 	 0 	 13 	 0.727176 	 9662.252553 	 176 
3 	 3 	 0 	 14 	 0.739422 	 15209.702819 	 197 
3 	 3 	 0 	 15 	 0.710466 	 11804.642487 	 207 
3 	 3 	 0 	 16 	 0.722597 	 11433.927372 	 197 
3 	 3 	 0 	 17 	 0.703054 	 5315.059582 	 198 
3 	 3 	 0 	 18 	 0.633461 	 1086.719174 	 191 
3 	 3 	 0 	 19 	 0.000000 	 1000.000000 	 0 
3 	 3 	 0 	 20 	 0.728937 	 11146.237189 	 206 
3 	 3 	 0 	 21 	 0.716725 	 15013.168561 	 218 
3 	 3 	 0 	 22 	 0.755191 	 22929.182108 	 212 
3 	 3 	 0 	 23 	 0.718217 	 6288.825197 	 207 
3 	 3 	 0 	 24 	 0.704242 	 10385.250548 	 223 
3 	 3 	 0 	 25 	 0.000000 	 1000.000000 	 0 
3 	 3 	 0 	 26 	 0.704818 	 11327.932917 	 260 
3 	 3 	 0 	 27 	 0.684223 	 11384.753719 	 214 
3 	 3 	 0 	 28 	 0.712271 	 20672.691704 	 206 
3 	 3 	 0 	 29 	 0.726444 	 31875.321087 	 197 
3 	 3 	 0 	 30 	 0.726970 	 33809.213444 	 224 
3 	 3 	 0 	 31 	 0.792925 	 1060.228590 	 214 
3 	 3 	 1 	 0 	 0.725752 	 6990.704181 	 218 
3 	 3 	 1 	 1 	 0.708944 	 23473.299884 	 238 
3 	 3 	 1 	 2 	 0.715343 	 12467.139811 	 235 
3 	 3 	 1 	 3 	 0.704988 	 8293.262984 	 227 
3 	 3 	 1 	 4 	 0.722626 	 11646.354474 	 205 
3 	 3 	 1 	 5 	 0.704435 	 16866.754457 	 219 
3 	 3 	 1 	 6 	 0.714436 	 1264.020706 	 214 
3 	 3 	 1 	 7 	 0.709540 	 19546.790976 	 218 
3 	 3 	 1 	 8 	 0.725587 	 24717.779388 	 224 
3 	 3 	 1 	 9 	 0.000000 	 1000.000000 	 0 
3 	 3 	 1 	 10 	 0.734417 	 39549.808960 	 224 
3 	 3 	 1 	 11 	 0.701108 	 22255.470274 	 257 
3 	 3 	 1 	 12 	 0.698896 	 17053.437629 	 237 
3 	 3 	 1 	 13 	 0.710268 	 15425.092526 	 247 
3 	 3 	 1 	 14 	 0.703282 	 8196.570602 	 240 
3 	 3 	 1 	 15 	 0.714709 	 13287.490217 	 238 
3 	 3 	 1 	 16 	 0.617734 	 1083.012680 	 234 
3 	 3 	 1 	 17 	 0.716567 	 40231.129283 	 237 
3 	 3 	 1 	 18 	 0.703471 	 22517.245119 	 226 
3 	 3 	 1 	 19 	 0.711122 	 8960.746615 	 261 
3 	 3 	 1 	 20 	 0.722227 	 11211.924913 	 215 
3 	 3 	 1 	 21 	 0.707663 	 10912.681454 	 242 
3 	 3 	 1 	 22 	 0.702441 	 10746.883439 	 237 
3 	 3 	 1 	 23 	 0.722926 	 12167.478339 	 235 
3 	 3 	 1 	 24 	 0.698051 	 10981.879709 	 236 
3 	 3 	 1 	 25 	 0.726884 	 13453.517592 	 195 
3 	 3 	 1 	 26 	 0.000000 	 1000.000000 	 0 
3 	 3 	 1 	 27 	 0.714177 	 19600.754941 	 220 
3 	 3 	 1 	 28 	 0.724053 	 18566.663307 	 236 
3 	 3 	 1 	 29 	 0.723694 	 26754.380979 	 247 
3 	 3 	 1 	 30 	 0.707360 	 12760.425016 	 203 
3 	 3 	 1 	 31 	 0.724962 	 9780.754547 	 229 
3 	 3 	 2 	 0 	 0.713586 	 17641.349806 	 208 
3 	 3 	 2 	 1 	 0.716479 	 14431.767246 	 195 
3 	 3 	 2 	 2 	 0.000000 	 1000.000000 	 0 
3 	 3 	 2 	 3 	 0.699255 	 16653.834466 	 179 
3 	 3 	 2 	 4 	 0.724643 	 21877.975371 	 176 
3 	 3 	 2 	 5 	 0.652624 	 915.310665 	 175 
3 	 3 	 2 	 6 	 0.716988 	 9804.264713 	 187 
3 	 3 	 2 	 7 	 0.723987 	 10164.629390 	 181 
3 	 3 	 2 	 8 	 0.706433 	 9080.020644 	 186 
3 	 3 	 2 	 9 	 0.732496 	 1058.021159 	 213 
3 	 3 	 2 	 10 	 0.000000 	 1000.000000 	 0 
3 	 3 	 2 	 11 	 0.709173 	 7942.022732 	 231 
3 	 3 	 2 	 12 	 0.708193 	 8189.614931 	 201 
3 	 3 	 2 	 13 	 0.719250 	 7977.604764 	 198 
3 	 3 	 2 	 14 	 0.724173 	 32016.932597 	 201 
3 	 3 	 2 	 15 	 0.697518 	 7337.255349 	 195 
3 	 3 	 2 	 16 	 0.708882 	 8137.032092 	 200 
3 	 3 	 2 	 17 	 0.694841 	 12004.647350 	 185 
3 	 3 	 2 	 18 	 0.704679 	 11615.746196 	 220 
3 	 3 	 2 	 19 	 0.000000 	 1000.000000 	 0 
3 	 3 	 2 	 20 	 0.407307 	 1181.121682 	 204 
3 	 3 	 2 	 21 	 0.000000 	 1000.000000 	 0 
3 	 3 	 2 	 22 	 0.000000 	 1000.000000 	 0 
3 	 3 	 2 	 23 	 0.000000 	 1000.000000 	 0 
3 	 3 	 2 	 24 	 0.000000 	 1000.000000 	 0 
3 	 3 	 2 	 25 	 0.000000 	 1000.000000 	 0 
3 	 3 	 2 	 26 	 0.000000 	 1000.000000 	 0 
3 	 3 	 2 	 27 	 0.712432 	 9156.497110 	 215 
3 	 3 	 2 	 28 	 0.709469 	 6717.373560 	 177 
3 	 3 	 2 	 29 	 0.000000 	 1000.000000 	 0 
3 	 3 	 2 	 30 	 0.705502 	 11971.768437 	 161 
3 	 3 	 2 	 31 	 0.688391 	 10691.389347 	 189 
3 	 3 	 3 	 0 	 0.715150 	 6085.767018 	 133 
3 	 3 	 3 	 1 	 0.717574 	 14732.707961 	 146 
3 	 3 	 3 	 2 	 0.756846 	 222215.418240 	 160 
3 	 3 	 3 	 3 	 0.700008 	 11979.028912 	 157 
3 	 3 	 3 	 4 	 0.688730 	 812.364874 	 148 
3 	 3 	 3 	 5 	 0.728450 	 955.800539 	 158 
3 	 3 	 3 	 6 	 0.726180 	 18068.647947 	 159 
3 	 3 	 3 	 7 	 0.713906 	 7008.441987 	 135 
3 	 3 	 3 	 8 	 0.698381 	 24390.913763 	 169 
3 	 3 	 3 	 9 	 0.731844 	 8156.357692 	 166 
3 	 3 	 3 	 10 	 0.718100 	 8178.586255 	 142 
3 	 3 	 3 	 11 	 0.702808 	 9346.568760 	 200 
3 	 3 	 3 	 12 	 0.711639 	 15983.913096 	 163 
3 	 3 	 3 	 13 	 0.714337 	 10510.749612 	 171 
3 	 3 	 3 	 14 	 0.721181 	 13966.312341 	 171 
3 	 3 	 3 	 15 	 0.692301 	 9029.185019 	 158 
3 	 3 	 3 	 16 	 0.000000 	 1000.000000 	 0 
3 	 3 	 3 	 17 	 0.776929 	 1046.589414 	 170 
3 	 3 	 3 	 18 	 0.693235 	 10783.406240 	 151 
3 	 3 	 3 	 19 	 0.705421 	 17923.961974 	 166 
3 	 3 	 3 	 20 	 0.710308 	 6502.748902 	 187 
3 	 3 	 3 	 21 	 0.000000 	 1000.000000 	 0 
3 	 3 	 3 	 22 	 0.699948 	 9309.768325 	 180 
3 	 3 	 3 	 23 	 0.000000 	 1000.000000 	 0 
3 	 3 	 3 	 24 	 0.000000 	 1000.000000 	 0 
3 	 3 	 3 	 25 	 0.710865 	 22043.710320 	 151 
3 	 3 	 3 	 26 	 0.704507 	 7980.005939 	 145 
3 	 3 	 3 	 27 	 0.714934 	 107444.273844 	 143 
3 	 3 	 3 	 28 	 0.701302 	 6755.916190 	 133 
3 	 3 	 3 	 29 	 0.712924 	 4957.402576 	 149 
3 	 3 	 3 	 30 	 0.716865 	 9395.984764 	 138 
3 	 3 	 3 	 31 	 0.726056 	 17599.721943 	 157 
3 	 3 	 4 	 0 	 0.000000 	 1000.000000 	 0 
3 	 3 	 4 	 1 	 0.000000 	 1000.000000 	 0 
3 	 3 	 4 	 2 	 0.000000 	 1000.000000 	 0 
3 	 3 	 4 	 3 	 0.000000 	 1000.000000 	 0 
3 	 3 	 4 	 4 	 0.000000 	 1000.000000 	 0 
3 	 3 	 4 	 5 	 0.000000 	 1000.000000 	 0 
3 	 3 	 4 	 6 	 0.000000 	 1000.000000 	 0 
3 	 3 	 4 	 7 	 0.000000 	 1000.000000 	 0 
3 	 3 	 4 	 8 	 0.000000 	 1000.000000 	 0 
3 	 3 	 4 	 9 	 0.000000 	 1000.000000 	 0 
3 	 3 	 4 	 10 	 0.000000 	 1000.000000 	 0 
3 	 3 	 4 	 11 	 0.000000 	 1000.000000 	 0 
3 	 3 	 4 	 12 	 0.000000 	 1000.000000 	 0 
3 	 3 	 4 	 13 	 0.000000 	 1000.000000 	 0 
3 	 3 	 4 	 14 	 0.000000 	 1000.000000 	 0 
3 	 3 	 4 	 15 	 0.000000 	 1000.000000 	 0 
3 	 3 	 4 	 16 	 0.000000 	 1000.000000 	 0 
3 	 3 	 4 	 17 	 0.000000 	 1000.000000 	 0 
3 	 3 	 4 	 18 	 0.000000 	 1000.000000 	 0 
3 	 3 	 4 	 19 	 0.000000 	 1000.000000 	 0 
3 	 3 	 4 	 20 	 0.000000 	 1000.000000 	 0 
3 	 3 	 4 	 21 	 0.000000 	 1000.000000 	 0 
3 	 3 	 4 	 22 	 0.000000 	 1000.000000 	 0 
3 	 3 	 4 	 23 	 0.000000 	 1000.000000 	 0 
3 	 3 	 4 	 24 	 0.000000 	 1000.000000 	 0 
3 	 3 	 4 	 25 	 0.000000 	 1000.000000 	 0 
3 	 3 	 4 	 26 	 0.000000 	 1000.000000 	 0 
3 	 3 	 4 	 27 	 0.000000 	 1000.000000 	 0 
3 	 3 	 4 	 28 	 0.000000 	 1000.000000 	 0 
3 	 3 	 4 	 29 	 0.000000 	 1000.000000 	 0 
3 	 3 	 4 	 30 	 0.000000 	 1000.000000 	 0 
3 	 3 	 4 	 31 	 0.000000 	 1000.000000 	 0 
3 	 3 	 5 	 0 	 0.705702 	 8983.354029 	 106 
3 	 3 	 5 	 1 	 0.719782 	 2879.232943 	 98 
3 	 3 	 5 	 2 	 0.696906 	 4153.993717 	 108 
3 	 3 	 5 	 3 	 0.701421 	 8617.291317 	 129 
3 	 3 	 5 	 4 	 0.717051 	 749.242835 	 114 
3 	 3 	 5 	 5 	 0.727436 	 14405.917817 	 140 
3 	 3 	 5 	 6 	 0.734247 	 4384.637872 	 128 
3 	 3 	 5 	 7 	 0.715891 	 11199.806833 	 112 
3 	 3 	 5 	 8 	 0.719223 	 9641.215802 	 139 
3 	 3 	 5 	 9 	 0.757716 	 15906.862615 	 130 
3 	 3 	 5 	 10 	 0.705615 	 6148.263380 	 118 
3 	 3 	 5 	 11 	 0.700487 	 13124.726489 	 145 
3 	 3 	 5 	 12 	 0.688190 	 4486.475697 	 123 
3 	 3 	 5 	 13 	 0.706241 	 8810.276085 	 161 
3 	 3 	 5 	 14 	 0.719174 	 5479.809267 	 126 
3 	 3 	 5 	 15 	 0.700377 	 5683.858337 	 150 
3 	 3 	 5 	 16 	 0.712247 	 7075.956591 	 124 
3 	 3 	 5 	 17 	 0.000000 	 1000.000000 	 0 
3 	 3 	 5 	 18 	 0.684280 	 1046.784175 	 129 
3 	 3 	 5 	 19 	 0.707134 	 8450.103925 	 136 
3 	 3 	 5 	 20 	 0.719549 	 37017.671627 	 140 
3 	 3 	 5 	 21 	 0.728384 	 23838.667019 	 124 
3 	 3 	 5 	 22 	 0.706742 	 962.574553 	 142 
3 	 3 	 5 	 23 	 0.702469 	 6132.607462 	 119 
3 	 3 	 5 	 24 	 0.708562 	 5369.952442 	 121 
3 	 3 	 5 	 25 	 0.709377 	 6016.540560 	 113 
3 	 3 	 5 	 26 	 0.724237 	 3334.697459 	 111 
3 	 3 	 5 	 27 	 0.000000 	 1000.000000 	 0 
3 	 3 	 5 	 28 	 0.718516 	 53471.043379 	 115 
3 	 3 	 5 	 29 	 0.722714 	 3367.455619 	 117 
3 	 3 	 5 	 30 	 0.717572 	 5642.075033 	 109 
3 	 3 	 5 	 31 	 0.732557 	 22999.817238 	 124 
3 	 4 	 0 	 0 	 0.715953 	 9915.669645 	 222 
3 	 4 	 0 	 1 	 0.702905 	 9203.280462 	 223 
3 	 4 	 0 	 2 	 0.712407 	 15757.385989 	 212 
3 	 4 	 0 	 3 	 0.720972 	 10346.776788 	 221 
3 	 4 	 0 	 4 	 0.711960 	 20872.596554 	 216 
3 	 4 	 0 	 5 	 0.733745 	 13663.105876 	 218 
3 	 4 	 0 	 6 	 0.708174 	 9937.162699 	 198 
3 	 4 	 0 	 7 	 0.711366 	 10669.559684 	 218 
3 	 4 	 0 	 8 	 0.710797 	 11661.001899 	 196 
3 	 4 	 0 	 9 	 0.728966 	 8775.721920 	 201 
3 	 4 	 0 	 10 	 0.713823 	 29619.253119 	 189 
3 	 4 	 0 	 11 	 0.743033 	 51248.682696 	 181 
3 	 4 	 0 	 12 	 0.716690 	 8917.203554 	 206 
3 	 4 	 0 	 13 	 0.741380 	 132688.646011 	 199 
3 	 4 	 0 	 14 	 0.660303 	 1183.481427 	 196 
3 	 4 	 0 	 15 	 0.710385 	 8957.870554 	 198 
3 	 4 	 0 	 16 	 0.708199 	 9006.176953 	 189 
3 	 4 	 0 	 17 	 0.735291 	 988.864413 	 201 
3 	 4 	 0 	 18 	 0.706554 	 1405.457703 	 209 
3 	 4 	 0 	 19 	 0.731137 	 14702.795087 	 205 
3 	 4 	 0 	 20 	 0.706092 	 15280.154115 	 202 
3 	 4 	 0 	 21 	 0.711235 	 16254.617684 	 217 
3 	 4 	 0 	 22 	 0.675814 	 9029.581927 	 197 
3 	 4 	 0 	 23 	 0.715796 	 8078.794396 	 201 
3 	 4 	 0 	 24 	 0.714360 	 19568.922902 	 224 
3 	 4 	 0 	 25 	 0.692922 	 15665.387862 	 210 
3 	 4 	 0 	 26 	 0.724192 	 18343.385676 	 219 
3 	 4 	 0 	 27 	 0.701089 	 10129.366120 	 209 
3 	 4 	 0 	 28 	 0.711881 	 11342.247560 	 244 
3 	 4 	 0 	 29 	 0.692001 	 11670.849397 	 220 
3 	 4 	 0 	 30 	 0.717688 	 14782.583702 	 219 
3 	 4 	 0 	 31 	 0.678270 	 1250.714819 	 257 
3 	 4 	 1 	 0 	 0.707471 	 12518.745398 	 237 
3 	 4 	 1 	 1 	 0.710546 	 15360.463994 	 246 
3 	 4 	 1 	 2 	 0.000000 	 1000.000000 	 0 
3 	 4 	 1 	 3 	 0.703275 	 16358.740877 	 243 
3 	 4 	 1 	 4 	 0.713293 	 16634.397170 	 266 
3 	 4 	 1 	 5 	 0.720467 	 13475.102974 	 238 
3 	 4 	 1 	 6 	 0.713025 	 12119.532417 	 211 
3 	 4 	 1 	 7 	 0.716020 	 16624.260735 	 238 
3 	 4 	 1 	 8 	 0.723755 	 32353.115299 	 258 
3 	 4 	 1 	 9 	 0.721122 	 14396.231471 	 198 
3 	 4 	 1 	 10 	 0.722234 	 22422.983898 	 241 
3 	 4 	 1 	 11 	 0.714362 	 9646.758437 	 236 
3 	 4 	 1 	 12 	 0.735391 	 48957.006828 	 246 
3 	 4 	 1 	 13 	 0.708098 	 9312.342771 	 227 
3 	 4 	 1 	 14 	 0.700516 	 11566.505960 	 253 
3 	 4 	 1 	 15 	 0.706027 	 10227.326463 	 253 
3 	 4 	 1 	 16 	 0.718435 	 13504.518424 	 218 
3 	 4 	 1 	 17 	 0.715792 	 10371.655284 	 210 
3 	 4 	 1 	 18 	 0.697238 	 12739.890589 	 226 
3 	 4 	 1 	 19 	 0.716800 	 10873.919268 	 238 
3 	 4 	 1 	 20 	 0.702030 	 12333.796982 	 234 
3 	 4 	 1 	 21 	 0.715742 	 7687.719004 	 240 
3 	 4 	 1 	 22 	 0.722960 	 48388.586904 	 209 
3 	 4 	 1 	 23 	 0.700295 	 10301.249010 	 219 
3 	 4 	 1 	 24 	 0.707117 	 9485.934995 	 218 
3 	 4 	 1 	 25 	 0.727105 	 27946.571075 	 226 
3 	 4 	 1 	 26 	 0.000000 	 1000.000000 	 0 
3 	 4 	 1 	 27 	 0.727334 	 42694.297433 	 220 
3 	 4 	 1 	 28 	 0.000000 	 1000.000000 	 0 
3 	 4 	 1 	 29 	 0.729826 	 5835.245929 	 198 
3 	 4 	 1 	 30 	 0.715417 	 16533.288087 	 216 
3 	 4 	 1 	 31 	 0.707217 	 16632.096427 	 236 
3 	 4 	 2 	 0 	 0.783190 	 1053.547704 	 202 
3 	 4 	 2 	 1 	 0.654951 	 931.151685 	 179 
3 	 4 	 2 	 2 	 0.733304 	 11780.452487 	 192 
3 	 4 	 2 	 3 	 0.709854 	 13574.286635 	 194 
3 	 4 	 2 	 4 	 0.711876 	 15118.221141 	 190 
3 	 4 	 2 	 5 	 0.705757 	 7924.255194 	 178 
3 	 4 	 2 	 6 	 0.715604 	 5623.019393 	 171 
3 	 4 	 2 	 7 	 0.720659 	 3886.464939 	 190 
3 	 4 	 2 	 8 	 0.718152 	 12234.060354 	 200 
3 	 4 	 2 	 9 	 0.703229 	 7276.181952 	 177 
3 	 4 	 2 	 10 	 0.732609 	 13387.817235 	 219 
3 	 4 	 2 	 11 	 0.721996 	 13186.604742 	 193 
3 	 4 	 2 	 12 	 0.714393 	 12410.896588 	 223 
3 	 4 	 2 	 13 	 0.704519 	 7685.097504 	 178 
3 	 4 	 2 	 14 	 0.700220 	 7563.959818 	 224 
3 	 4 	 2 	 15 	 0.641211 	 1040.536088 	 184 
3 	 4 	 2 	 16 	 0.707365 	 8942.008755 	 199 
3 	 4 	 2 	 17 	 0.707535 	 11267.392696 	 217 
3 	 4 	 2 	 18 	 0.706966 	 20158.371324 	 203 
3 	 4 	 2 	 19 	 0.694296 	 13321.313820 	 199 
3 	 4 	 2 	 20 	 0.706293 	 9261.524824 	 202 
3 	 4 	 2 	 21 	 0.721752 	 17077.059811 	 181 
3 	 4 	 2 	 22 	 0.714204 	 20849.885238 	 207 
3 	 4 	 2 	 23 	 0.699029 	 7197.944042 	 212 
3 	 4 	 2 	 24 	 0.747319 	 29915.688452 	 169 
3 	 4 	 2 	 25 	 0.691123 	 18759.076420 	 180 
3 	 4 	 2 	 26 	 0.726728 	 13437.717404 	 179 
3 	 4 	 2 	 27 	 0.711434 	 16608.440807 	 184 
3 	 4 	 2 	 28 	 0.724149 	 18353.607916 	 177 
3 	 4 	 2 	 29 	 0.000000 	 1000.000000 	 0 
3 	 4 	 2 	 30 	 0.709425 	 13038.119703 	 194 
3 	 4 	 2 	 31 	 0.728126 	 12275.921384 	 193 
3 	 4 	 3 	 0 	 0.735351 	 3142.759429 	 134 
3 	 4 	 3 	 1 	 0.721625 	 6228.726108 	 131 
3 	 4 	 3 	 2 	 0.694635 	 5256.939399 	 156 
3 	 4 	 3 	 3 	 0.710120 	 10599.816674 	 158 
3 	 4 	 3 	 4 	 0.725106 	 9882.610331 	 140 
3 	 4 	 3 	 5 	 0.716194 	 7613.473820 	 133 
3 	 4 	 3 	 6 	 0.704041 	 6280.401686 	 126 
3 	 4 	 3 	 7 	 0.735260 	 790.120374 	 136 
3 	 4 	 3 	 8 	 0.713310 	 8480.766449 	 168 
3 	 4 	 3 	 9 	 0.693520 	 9056.212104 	 161 
3 	 4 	 3 	 10 	 0.645669 	 1145.289876 	 152 
3 	 4 	 3 	 11 	 0.722033 	 18006.026353 	 164 
3 	 4 	 3 	 12 	 0.707447 	 8607.708634 	 169 
3 	 4 	 3 	 13 	 0.700181 	 6737.740698 	 156 
3 	 4 	 3 	 14 	 0.000000 	 1000.000000 	 0 
3 	 4 	 3 	 15 	 0.722870 	 6061.348134 	 165 
3 	 4 	 3 	 16 	 0.735381 	 8742.745675 	 168 
3 	 4 	 3 	 17 	 0.713575 	 11060.140978 	 172 
3 	 4 	 3 	 18 	 0.696952 	 5968.369944 	 150 
3 	 4 	 3 	 19 	 0.730160 	 10251.746401 	 157 
3 	 4 	 3 	 20 	 0.730682 	 18859.179605 	 163 
3 	 4 	 3 	 21 	 0.719824 	 11687.540003 	 175 
3 	 4 	 3 	 22 	 0.709193 	 7482.997431 	 189 
3 	 4 	 3 	 23 	 0.702245 	 10860.090381 	 161 
3 	 4 	 3 	 24 	 0.704612 	 15449.523885 	 152 
3 	 4 	 3 	 25 	 0.702150 	 8492.673527 	 157 
3 	 4 	 3 	 26 	 0.706127 	 6714.211422 	 133 
3 	 4 	 3 	 27 	 0.692573 	 7571.638008 	 134 
3 	 4 	 3 	 28 	 0.717583 	 5045.768120 	 139 
3 	 4 	 3 	 29 	 0.708675 	 5749.681511 	 134 
3 	 4 	 3 	 30 	 0.717610 	 5028.775199 	 151 
3 	 4 	 3 	 31 	 0.744238 	 16385.459749 	 135 
3 	 4 	 4 	 0 	 0.700964 	 6093.547024 	 131 
3 	 4 	 4 	 1 	 0.715703 	 5138.581686 	 134 
3 	 4 	 4 	 2 	 0.692262 	 4261.121665 	 143 
3 	 4 	 4 	 3 	 0.717059 	 7941.125135 	 129 
3 	 4 	 4 	 4 	 0.698914 	 9271.038647 	 120 
3 	 4 	 4 	 5 	 0.671790 	 805.960460 	 150 
3 	 4 	 4 	 6 	 0.000000 	 1000.000000 	 0 
3 	 4 	 4 	 7 	 0.000000 	 1000.000000 	 0 
3 	 4 	 4 	 8 	 0.686498 	 11600.436846 	 136 
3 	 4 	 4 	 9 	 0.712892 	 7218.607565 	 125 
3 	 4 	 4 	 10 	 0.667206 	 797.658950 	 130 
3 	 4 	 4 	 11 	 0.000000 	 1000.000000 	 0 
3 	 4 	 4 	 12 	 0.000000 	 1000.000000 	 0 
3 	 4 	 4 	 13 	 0.695546 	 4140.504846 	 135 
3 	 4 	 4 	 14 	 0.723346 	 10642.787664 	 137 
3 	 4 	 4 	 15 	 0.708023 	 949.803163 	 132 
3 	 4 	 4 	 16 	 0.718143 	 3214.855145 	 120 
3 	 4 	 4 	 17 	 0.756374 	 30402.845773 	 132 
3 	 4 	 4 	 18 	 0.718000 	 5737.688136 	 132 
3 	 4 	 4 	 19 	 0.727127 	 16743.852974 	 149 
3 	 4 	 4 	 20 	 0.597369 	 948.358409 	 118 
3 	 4 	 4 	 21 	 0.714980 	 4714.149669 	 133 
3 	 4 	 4 	 22 	 0.733796 	 5982.709386 	 129 
3 	 4 	 4 	 23 	 0.710552 	 5390.309769 	 142 
3 	 4 	 4 	 24 	 0.716241 	 7072.622343 	 111 
3 	 4 	 4 	 25 	 0.732750 	 20711.647714 	 128 
3 	 4 	 4 	 26 	 0.720351 	 2050.213588 	 128 
3 	 4 	 4 	 27 	 0.000000 	 1000.000000 	 0 
3 	 4 	 4 	 28 	 0.713606 	 12427.295330 	 128 
3 	 4 	 4 	 29 	 0.717478 	 4156.848700 	 118 
3 	 4 	 4 	 30 	 0.851963 	 1040.482875 	 148 
3 	 4 	 4 	 31 	 0.689365 	 9150.410696 	 126 
3 	 4 	 5 	 0 	 0.719475 	 6394.177848 	 109 
3 	 4 	 5 	 1 	 0.713033 	 8643.062771 	 102 
3 	 4 	 5 	 2 	 0.723403 	 7519.408286 	 108 
3 	 4 	 5 	 3 	 0.711481 	 3648.271957 	 112 
3 	 4 	 5 	 4 	 0.744785 	 8605.172086 	 125 
3 	 4 	 5 	 5 	 0.707927 	 5217.058589 	 122 
3 	 4 	 5 	 6 	 0.678677 	 9622.316176 	 114 
3 	 4 	 5 	 7 	 0.745880 	 8274.302501 	 101 
3 	 4 	 5 	 8 	 0.000000 	 1000.000000 	 0 
3 	 4 	 5 	 9 	 0.718633 	 5346.876212 	 123 
3 	 4 	 5 	 10 	 0.727248 	 34132.797320 	 129 
3 	 4 	 5 	 11 	 0.693385 	 20003.427231 	 125 
3 	 4 	 5 	 12 	 0.695849 	 2076.607289 	 108 
3 	 4 	 5 	 13 	 0.707521 	 5612.931767 	 127 
3 	 4 	 5 	 14 	 0.728239 	 5696.022163 	 118 
3 	 4 	 5 	 15 	 0.709787 	 6045.544293 	 138 
3 	 4 	 5 	 16 	 0.684675 	 869.076278 	 122 
3 	 4 	 5 	 17 	 0.731365 	 7985.522111 	 116 
3 	 4 	 5 	 18 	 0.727686 	 5728.158335 	 131 
3 	 4 	 5 	 19 	 0.719873 	 8517.574304 	 127 
3 	 4 	 5 	 20 	 0.728237 	 4216.197271 	 112 
3 	 4 	 5 	 21 	 0.705541 	 5184.160289 	 123 
3 	 4 	 5 	 22 	 0.685322 	 8810.783147 	 124 
3 	 4 	 5 	 23 	 0.722677 	 12837.706182 	 118 
3 	 4 	 5 	 24 	 0.743387 	 4562.012104 	 102 
3 	 4 	 5 	 25 	 0.703240 	 4877.322839 	 111 
3 	 4 	 5 	 26 	 0.000000 	 1000.000000 	 0 
3 	 4 	 5 	 27 	 0.686691 	 8883.018732 	 117 
3 	 4 	 5 	 28 	 0.722587 	 71572.699422 	 124 
3 	 4 	 5 	 29 	 0.670504 	 3858.100304 	 107 
3 	 4 	 5 	 30 	 0.728262 	 14285.318053 	 110 
3 	 4 	 5 	 31 	 0.736020 	 4365.033576 	 112 
3 	 5 	 0 	 0 	 0.796091 	 1134.439581 	 205 
3 	 5 	 0 	 1 	 0.727242 	 12441.042811 	 209 
3 	 5 	 0 	 2 	 0.706766 	 13034.995253 	 205 
3 	 5 	 0 	 3 	 0.705830 	 21918.505811 	 231 
3 	 5 	 0 	 4 	 0.701197 	 11782.371458 	 209 
3 	 5 	 0 	 5 	 0.723423 	 14236.237447 	 215 
3 	 5 	 0 	 6 	 0.718467 	 9703.031291 	 198 
3 	 5 	 0 	 7 	 0.693222 	 16096.522990 	 198 
3 	 5 	 0 	 8 	 0.705036 	 10107.911293 	 183 
3 	 5 	 0 	 9 	 0.695033 	 9905.470896 	 201 
3 	 5 	 0 	 10 	 0.713419 	 15271.932165 	 186 
3 	 5 	 0 	 11 	 0.734246 	 28718.464738 	 177 
3 	 5 	 0 	 12 	 0.729799 	 71810.392291 	 183 
3 	 5 	 0 	 13 	 0.701336 	 7379.809692 	 168 
3 	 5 	 0 	 14 	 0.702948 	 9120.931122 	 167 
3 	 5 	 0 	 15 	 0.721066 	 8120.110546 	 158 
3 	 5 	 0 	 16 	 0.699012 	 8193.743481 	 152 
3 	 5 	 0 	 17 	 0.699645 	 7976.213110 	 155 
3 	 5 	 0 	 18 	 0.710362 	 23348.869566 	 155 
3 	 5 	 0 	 19 	 0.401250 	 1163.443047 	 176 
3 	 5 	 0 	 20 	 0.704559 	 9448.853238 	 168 
3 	 5 	 0 	 21 	 0.712672 	 15037.451215 	 149 
3 	 5 	 0 	 22 	 0.685731 	 3914.577457 	 142 
3 	 5 	 0 	 23 	 0.725491 	 4677.649314 	 157 
3 	 5 	 0 	 24 	 0.719720 	 7079.972647 	 171 
3 	 5 	 0 	 25 	 0.704041 	 9240.407820 	 180 
3 	 5 	 0 	 26 	 0.000000 	 1000.000000 	 0 
3 	 5 	 0 	 27 	 0.713900 	 14693.315722 	 171 
3 	 5 	 0 	 28 	 0.686247 	 5525.576069 	 179 
3 	 5 	 0 	 29 	 0.703221 	 12941.144053 	 182 
3 	 5 	 0 	 30 	 0.720718 	 29590.782840 	 217 
3 	 5 	 0 	 31 	 0.717438 	 16542.326562 	 182 
3 	 5 	 1 	 0 	 0.709844 	 15042.303936 	 202 
3 	 5 	 1 	 1 	 0.706549 	 10402.729403 	 193 
3 	 5 	 1 	 2 	 0.709198 	 1331.571063 	 207 
3 	 5 	 1 	 3 	 0.699285 	 16711.323707 	 191 
3 	 5 	 1 	 4 	 0.711459 	 28220.406548 	 184 
3 	 5 	 1 	 5 	 0.695193 	 15090.213301 	 222 
3 	 5 	 1 	 6 	 0.714164 	 7932.613551 	 192 
3 	 5 	 1 	 7 	 0.730144 	 17191.910430 	 210 
3 	 5 	 1 	 8 	 0.721077 	 17192.873899 	 202 
3 	 5 	 1 	 9 	 0.697331 	 9154.188329 	 187 
3 	 5 	 1 	 10 	 0.710336 	 1050.848340 	 225 
3 	 5 	 1 	 11 	 0.714304 	 14019.493347 	 211 
3 	 5 	 1 	 12 	 0.710139 	 9729.136375 	 205 
3 	 5 	 1 	 13 	 0.712345 	 11256.591035 	 203 
3 	 5 	 1 	 14 	 0.722321 	 11338.390302 	 213 
3 	 5 	 1 	 15 	 0.706592 	 16049.895396 	 196 
3 	 5 	 1 	 16 	 0.717077 	 9691.701242 	 188 
3 	 5 	 1 	 17 	 0.713550 	 14399.691832 	 221 
3 	 5 	 1 	 18 	 0.694511 	 5958.367936 	 202 
3 	 5 	 1 	 19 	 0.706211 	 8687.481864 	 194 
3 	 5 	 1 	 20 	 0.800738 	 992.784403 	 173 
3 	 5 	 1 	 21 	 0.717714 	 28073.916302 	 174 
3 	 5 	 1 	 22 	 0.715009 	 13909.171235 	 180 
3 	 5 	 1 	 23 	 0.716118 	 12157.343086 	 181 
3 	 5 	 1 	 24 	 0.732155 	 31158.638113 	 186 
3 	 5 	 1 	 25 	 0.713259 	 10485.925533 	 172 
3 	 5 	 1 	 26 	 0.701142 	 7704.658317 	 191 
3 	 5 	 1 	 27 	 0.687507 	 7525.357495 	 186 
3 	 5 	 1 	 28 	 0.689865 	 9374.122321 	 199 
3 	 5 	 1 	 29 	 0.717806 	 25252.993492 	 230 
3 	 5 	 1 	 30 	 0.711520 	 10618.121930 	 183 
3 	 5 	 1 	 31 	 0.710094 	 14168.472095 	 184 
3 	 5 	 2 	 0 	 0.707269 	 7885.018004 	 160 
3 	 5 	 2 	 1 	 0.707216 	 25409.884256 	 153 
3 	 5 	 2 	 2 	 0.715905 	 8124.971353 	 176 
3 	 5 	 2 	 3 	 0.697745 	 8156.303175 	 173 
3 	 5 	 2 	 4 	 0.729524 	 14297.887601 	 182 
3 	 5 	 2 	 5 	 0.715120 	 8224.349281 	 178 
3 	 5 	 2 	 6 	 0.699324 	 1150.540776 	 176 
3 	 5 	 2 	 7 	 0.000000 	 1000.000000 	 0 
3 	 5 	 2 	 8 	 0.714729 	 10057.020595 	 200 
3 	 5 	 2 	 9 	 0.409855 	 1198.510901 	 214 
3 	 5 	 2 	 10 	 0.694566 	 7887.486677 	 179 
3 	 5 	 2 	 11 	 0.703286 	 9207.597388 	 204 
3 	 5 	 2 	 12 	 0.722001 	 11624.746327 	 203 
3 	 5 	 2 	 13 	 0.717487 	 6561.699652 	 181 
3 	 5 	 2 	 14 	 0.680473 	 1046.951779 	 182 
3 	 5 	 2 	 15 	 0.707351 	 9668.075189 	 157 
3 	 5 	 2 	 16 	 0.713357 	 6379.213023 	 162 
3 	 5 	 2 	 17 	 0.628268 	 1110.109123 	 169 
3 	 5 	 2 	 18 	 0.728957 	 1029.072266 	 172 
3 	 5 	 2 	 19 	 0.722428 	 12161.351168 	 164 
3 	 5 	 2 	 20 	 0.738191 	 32808.342782 	 162 
3 	 5 	 2 	 21 	 0.703339 	 11674.350904 	 170 
3 	 5 	 2 	 22 	 0.711653 	 16390.348557 	 152 
3 	 5 	 2 	 23 	 0.656498 	 5705.202170 	 143 
3 	 5 	 2 	 24 	 0.718129 	 6621.960207 	 159 
3 	 5 	 2 	 25 	 0.000000 	 1000.000000 	 0 
3 	 5 	 2 	 26 	 0.707827 	 6762.870903 	 143 
3 	 5 	 2 	 27 	 0.723679 	 11775.813019 	 144 
3 	 5 	 2 	 28 	 0.726313 	 11777.396403 	 149 
3 	 5 	 2 	 29 	 0.758892 	 43509.367957 	 157 
3 	 5 	 2 	 30 	 0.720113 	 9742.966424 	 147 
3 	 5 	 2 	 31 	 0.709291 	 11522.070419 	 151 
3 	 5 	 3 	 0 	 0.713468 	 9256.915041 	 143 
3 	 5 	 3 	 1 	 0.718072 	 8688.698979 	 112 
3 	 5 	 3 	 2 	 0.722634 	 5601.418385 	 137 
3 	 5 	 3 	 3 	 0.719811 	 8965.942337 	 134 
3 	 5 	 3 	 4 	 0.000000 	 1000.000000 	 0 
3 	 5 	 3 	 5 	 0.706187 	 7575.670368 	 153 
3 	 5 	 3 	 6 	 0.716536 	 11238.669402 	 133 
3 	 5 	 3 	 7 	 0.688353 	 7185.255001 	 137 
3 	 5 	 3 	 8 	 0.727326 	 5401.116194 	 152 
3 	 5 	 3 	 9 	 0.724428 	 5004.327722 	 174 
3 	 5 	 3 	 10 	 0.734828 	 18932.418199 	 145 
3 	 5 	 3 	 11 	 0.692622 	 8522.172449 	 155 
3 	 5 	 3 	 12 	 0.714227 	 23287.380416 	 149 
3 	 5 	 3 	 13 	 0.706265 	 1155.076653 	 169 
3 	 5 	 3 	 14 	 0.715248 	 5887.289919 	 158 
3 	 5 	 3 	 15 	 0.707608 	 5562.532076 	 163 
3 	 5 	 3 	 16 	 0.000000 	 1000.000000 	 0 
3 	 5 	 3 	 17 	 0.724461 	 8252.651778 	 157 
3 	 5 	 3 	 18 	 0.700226 	 5003.498827 	 128 
3 	 5 	 3 	 19 	 0.717637 	 62698.902780 	 148 
3 	 5 	 3 	 20 	 0.000000 	 1000.000000 	 0 
3 	 5 	 3 	 21 	 0.731038 	 40678.357973 	 130 
3 	 5 	 3 	 22 	 0.725716 	 16020.161561 	 145 
3 	 5 	 3 	 23 	 0.713906 	 3726.116430 	 125 
3 	 5 	 3 	 24 	 0.590497 	 776.072157 	 99 
3 	 5 	 3 	 25 	 0.000000 	 1000.000000 	 0 
3 	 5 	 3 	 26 	 0.666750 	 2947.156356 	 109 
3 	 5 	 3 	 27 	 0.693309 	 4343.415859 	 102 
3 	 5 	 3 	 28 	 0.716224 	 5885.837548 	 126 
3 	 5 	 3 	 29 	 0.655554 	 777.135426 	 125 
3 	 5 	 3 	 30 	 0.689954 	 6854.627679 	 113 
3 	 5 	 3 	 31 	 0.729088 	 7152.841851 	 135 
3 	 5 	 4 	 0 	 0.711279 	 10691.675787 	 115 
3 	 5 	 4 	 1 	 0.699808 	 5871.102718 	 106 
3 	 5 	 4 	 2 	 0.607923 	 742.055476 	 104 
3 	 5 	 4 	 3 	 0.719316 	 11812.000949 	 119 
3 	 5 	 4 	 4 	 0.723652 	 8869.227130 	 116 
3 	 5 	 4 	 5 	 0.697388 	 4527.271632 	 118 
3 	 5 	 4 	 6 	 0.699508 	 7696.734994 	 128 
3 	 5 	 4 	 7 	 0.708558 	 12774.631890 	 114 
3 	 5 	 4 	 8 	 0.747575 	 979.371329 	 126 
3 	 5 	 4 	 9 	 0.785875 	 939.085232 	 121 
3 	 5 	 4 	 10 	 0.699510 	 4341.975428 	 120 
3 	 5 	 4 	 11 	 0.740219 	 8298.900598 	 107 
3 	 5 	 4 	 12 	 0.721627 	 7226.394085 	 113 
3 	 5 	 4 	 13 	 0.000000 	 1000.000000 	 0 
3 	 5 	 4 	 14 	 0.720951 	 5835.722196 	 119 
3 	 5 	 4 	 15 	 0.704231 	 3802.901821 	 117 
3 	 5 	 4 	 16 	 0.700740 	 8617.433880 	 121 
3 	 5 	 4 	 17 	 0.722413 	 4789.432998 	 92 
3 	 5 	 4 	 18 	 0.000000 	 1000.000000 	 0 
3 	 5 	 4 	 19 	 0.000000 	 1000.000000 	 0 
3 	 5 	 4 	 20 	 0.717608 	 3048.521057 	 103 
3 	 5 	 4 	 21 	 0.710503 	 14358.268452 	 112 
3 	 5 	 4 	 22 	 0.724227 	 5075.869655 	 106 
3 	 5 	 4 	 23 	 0.686172 	 6352.608488 	 114 
3 	 5 	 4 	 24 	 0.754412 	 3311.431635 	 118 
3 	 5 	 4 	 25 	 0.705689 	 4310.633915 	 99 
3 	 5 	 4 	 26 	 0.709807 	 3172.124907 	 107 
3 	 5 	 4 	 27 	 0.694826 	 3015.273606 	 102 
3 	 5 	 4 	 28 	 0.709176 	 3440.673503 	 107 
3 	 5 	 4 	 29 	 0.706291 	 3526.977975 	 118 
3 	 5 	 4 	 30 	 0.752453 	 3854.926643 	 93 
3 	 5 	 4 	 31 	 0.724603 	 24997.984563 	 124 
3 	 5 	 5 	 0 	 0.712381 	 5878.502184 	 74 
3 	 5 	 5 	 1 	 0.738053 	 3354.632255 	 93 
3 	 5 	 5 	 2 	 0.710409 	 6838.872403 	 130 
3 	 5 	 5 	 3 	 0.707585 	 2524.241392 	 86 
3 	 5 	 5 	 4 	 0.000000 	 1000.000000 	 0 
3 	 5 	 5 	 5 	 0.692744 	 2955.135139 	 90 
3 	 5 	 5 	 6 	 0.708677 	 5247.520235 	 137 
3 	 5 	 5 	 7 	 0.687376 	 5002.599838 	 111 
3 	 5 	 5 	 8 	 0.716565 	 4862.998882 	 122 
3 	 5 	 5 	 9 	 0.730423 	 7029.386442 	 118 
3 	 5 	 5 	 10 	 0.706899 	 2233.665778 	 107 
3 	 5 	 5 	 11 	 0.730433 	 7349.504943 	 120 
3 	 5 	 5 	 12 	 0.709643 	 10425.782785 	 126 
3 	 5 	 5 	 13 	 0.696569 	 5337.480547 	 116 
3 	 5 	 5 	 14 	 0.732261 	 8934.047586 	 121 
3 	 5 	 5 	 15 	 0.000000 	 1000.000000 	 0 
3 	 5 	 5 	 16 	 0.000000 	 1000.000000 	 0 
3 	 5 	 5 	 17 	 0.716098 	 16813.943191 	 102 
3 	 5 	 5 	 18 	 0.695404 	 5254.638273 	 121 
3 	 5 	 5 	 19 	 0.716513 	 6174.989999 	 101 
3 	 5 	 5 	 20 	 0.705921 	 7073.965163 	 103 
3 	 5 	 5 	 21 	 0.707697 	 3955.588850 	 95 
3 	 5 	 5 	 22 	 0.697532 	 4434.179886 	 108 
3 	 5 	 5 	 23 	 0.767328 	 4584.321078 	 81 
3 	 5 	 5 	 24 	 0.728193 	 4586.292226 	 85 
3 	 5 	 5 	 25 	 0.684955 	 9954.176386 	 86 
3 	 5 	 5 	 26 	 0.723239 	 866.248733 	 96 
3 	 5 	 5 	 27 	 0.709142 	 8040.794288 	 93 
3 	 5 	 5 	 28 	 0.708235 	 3863.094209 	 97 
3 	 5 	 5 	 29 	 0.705078 	 892.851033 	 117 
3 	 5 	 5 	 30 	 0.686707 	 5177.036790 	 93 
3 	 5 	 5 	 31 	 0.720163 	 4320.699453 	 81 
4 	 0 	 0 	 0 	 0.712673 	 4744.993739 	 98 
4 	 0 	 0 	 1 	 0.694317 	 9431.953673 	 110 
4 	 0 	 0 	 2 	 0.741316 	 48594.958340 	 103 
4 	 0 	 0 	 3 	 0.711640 	 7403.528940 	 103 
4 	 0 	 0 	 4 	 0.704219 	 5723.398216 	 96 
4 	 0 	 0 	 5 	 0.713076 	 6144.742037 	 94 
4 	 0 	 0 	 6 	 0.707870 	 4678.537745 	 120 
4 	 0 	 0 	 7 	 0.706067 	 6683.944600 	 98 
4 	 0 	 0 	 8 	 0.801048 	 755.098051 	 100 
4 	 0 	 0 	 9 	 0.702774 	 7572.674438 	 100 
4 	 0 	 0 	 10 	 0.692268 	 7273.340156 	 98 
4 	 0 	 0 	 11 	 0.703509 	 1973.594964 	 68 
4 	 0 	 0 	 12 	 0.700382 	 3747.612013 	 102 
4 	 0 	 0 	 13 	 0.729763 	 43152.327528 	 101 
4 	 0 	 0 	 14 	 0.534505 	 734.847372 	 86 
4 	 0 	 0 	 15 	 0.598997 	 823.970071 	 93 
4 	 0 	 0 	 16 	 0.752125 	 746.940804 	 92 
4 	 0 	 0 	 17 	 0.695438 	 2088.399044 	 70 
4 	 0 	 0 	 18 	 0.691225 	 1548.257624 	 78 
4 	 0 	 0 	 19 	 0.000000 	 1000.000000 	 0 
4 	 0 	 0 	 20 	 0.683067 	 10382.052589 	 78 
4 	 0 	 0 	 21 	 0.631194 	 3723.064936 	 77 
4 	 0 	 0 	 22 	 0.704448 	 1181.066815 	 70 
4 	 0 	 0 	 23 	 0.000000 	 1000.000000 	 0 
4 	 0 	 0 	 24 	 0.719031 	 3377.763137 	 96 
4 	 0 	 0 	 25 	 0.695249 	 4074.555776 	 76 
4 	 0 	 0 	 26 	 0.734967 	 7907.890977 	 88 
4 	 0 	 0 	 27 	 0.710199 	 6392.880375 	 81 
4 	 0 	 0 	 28 	 0.764883 	 39271.377330 	 80 
4 	 0 	 0 	 29 	 0.719159 	 7445.687288 	 92 
4 	 0 	 0 	 30 	 0.705198 	 12247.569093 	 91 
4 	 0 	 0 	 31 	 0.706880 	 7744.303519 	 101 
4 	 0 	 1 	 0 	 0.696420 	 2382.329675 	 101 
4 	 0 	 1 	 1 	 0.697837 	 8836.793293 	 139 
4 	 0 	 1 	 2 	 0.696744 	 2817.329514 	 127 
4 	 0 	 1 	 3 	 0.703376 	 12875.045478 	 136 
4 	 0 	 1 	 4 	 0.695333 	 7246.597980 	 124 
4 	 0 	 1 	 5 	 0.000000 	 1000.000000 	 0 
4 	 0 	 1 	 6 	 0.737189 	 1083.421728 	 150 
4 	 0 	 1 	 7 	 0.723164 	 9601.300660 	 113 
4 	 0 	 1 	 8 	 0.715104 	 5591.981621 	 95 
4 	 0 	 1 	 9 	 0.711117 	 4958.698383 	 115 
4 	 0 	 1 	 10 	 0.716936 	 3988.599732 	 119 
4 	 0 	 1 	 11 	 0.000000 	 1000.000000 	 0 
4 	 0 	 1 	 12 	 0.728635 	 9048.255328 	 124 
4 	 0 	 1 	 13 	 0.752529 	 14983.071033 	 133 
4 	 0 	 1 	 14 	 0.717934 	 3502.452669 	 113 
4 	 0 	 1 	 15 	 0.728402 	 5237.719295 	 120 
4 	 0 	 1 	 16 	 0.712784 	 9257.324491 	 94 
4 	 0 	 1 	 17 	 0.705461 	 2998.262197 	 88 
4 	 0 	 1 	 18 	 0.732082 	 8556.959257 	 87 
4 	 0 	 1 	 19 	 0.700400 	 2294.255000 	 77 
4 	 0 	 1 	 20 	 0.722534 	 19126.235967 	 91 
4 	 0 	 1 	 21 	 0.000000 	 1000.000000 	 0 
4 	 0 	 1 	 22 	 0.705505 	 4497.405661 	 100 
4 	 0 	 1 	 23 	 0.707020 	 3452.479726 	 89 
4 	 0 	 1 	 24 	 0.710170 	 3040.871164 	 107 
4 	 0 	 1 	 25 	 0.727782 	 8343.528721 	 114 
4 	 0 	 1 	 26 	 0.000000 	 1000.000000 	 0 
4 	 0 	 1 	 27 	 0.691238 	 7835.829987 	 119 
4 	 0 	 1 	 28 	 0.722638 	 3666.853811 	 107 
4 	 0 	 1 	 29 	 0.724991 	 4583.597373 	 96 
4 	 0 	 1 	 30 	 0.727123 	 842.254497 	 111 
4 	 0 	 1 	 31 	 0.691024 	 922.119657 	 102 
4 	 0 	 2 	 0 	 0.706718 	 3921.177175 	 113 
4 	 0 	 2 	 1 	 0.000000 	 1000.000000 	 0 
4 	 0 	 2 	 2 	 0.715603 	 2625.586485 	 119 
4 	 0 	 2 	 3 	 0.698394 	 8470.357814 	 122 
4 	 0 	 2 	 4 	 0.703223 	 4449.111967 	 132 
4 	 0 	 2 	 5 	 0.709718 	 1077.913084 	 121 
4 	 0 	 2 	 6 	 0.702984 	 4662.259137 	 123 
4 	 0 	 2 	 7 	 0.000000 	 1000.000000 	 0 
4 	 0 	 2 	 8 	 0.751194 	 14316.167531 	 123 
4 	 0 	 2 	 9 	 0.734077 	 21242.274901 	 128 
4 	 0 	 2 	 10 	 0.726216 	 7836.705074 	 113 
4 	 0 	 2 	 11 	 0.698262 	 1057.104885 	 132 
4 	 0 	 2 	 12 	 0.759206 	 17337.690535 	 140 
4 	 0 	 2 	 13 	 0.737456 	 878.075357 	 110 
4 	 0 	 2 	 14 	 0.707555 	 4850.828770 	 113 
4 	 0 	 2 	 15 	 0.703177 	 4990.825075 	 115 
4 	 0 	 2 	 16 	 0.000000 	 1000.000000 	 0 
4 	 0 	 2 	 17 	 0.690982 	 3465.557324 	 103 
4 	 0 	 2 	 18 	 0.734659 	 4651.561632 	 90 
4 	 0 	 2 	 19 	 0.695100 	 4321.044935 	 113 
4 	 0 	 2 	 20 	 0.670438 	 641.615469 	 86 
4 	 0 	 2 	 21 	 0.709412 	 4204.243326 	 102 
4 	 0 	 2 	 22 	 0.721685 	 2943.101502 	 89 
4 	 0 	 2 	 23 	 0.706654 	 4180.328557 	 101 
4 	 0 	 2 	 24 	 0.709830 	 8143.461809 	 96 
4 	 0 	 2 	 25 	 0.667213 	 961.451698 	 89 
4 	 0 	 2 	 26 	 0.708397 	 4049.156652 	 111 
4 	 0 	 2 	 27 	 0.704334 	 9727.965119 	 133 
4 	 0 	 2 	 28 	 0.749402 	 908.990615 	 106 
4 	 0 	 2 	 29 	 0.724258 	 10611.078421 	 100 
4 	 0 	 2 	 30 	 0.715248 	 8798.507391 	 105 
4 	 0 	 2 	 31 	 0.736698 	 5514.597891 	 112 
4 	 0 	 3 	 0 	 0.722914 	 7844.421082 	 134 
4 	 0 	 3 	 1 	 0.715044 	 4803.058444 	 120 
4 	 0 	 3 	 2 	 0.699677 	 6686.624560 	 114 
4 	 0 	 3 	 3 	 0.719540 	 5445.186775 	 128 
4 	 0 	 3 	 4 	 0.705257 	 1685.757755 	 111 
4 	 0 	 3 	 5 	 0.711299 	 7491.897698 	 114 
4 	 0 	 3 	 6 	 0.724308 	 52161.540300 	 120 
4 	 0 	 3 	 7 	 0.712943 	 3135.112351 	 125 
4 	 0 	 3 	 8 	 0.714049 	 7310.538951 	 116 
4 	 0 	 3 	 9 	 0.000000 	 1000.000000 	 0 
4 	 0 	 3 	 10 	 0.703867 	 15892.668810 	 128 
4 	 0 	 3 	 11 	 0.709251 	 3675.133933 	 139 
4 	 0 	 3 	 12 	 0.711023 	 9602.328519 	 134 
4 	 0 	 3 	 13 	 0.726366 	 9608.533719 	 110 
4 	 0 	 3 	 14 	 0.712196 	 6198.964358 	 125 
4 	 0 	 3 	 15 	 0.719991 	 4110.372204 	 112 
4 	 0 	 3 	 16 	 0.701854 	 7756.397658 	 115 
4 	 0 	 3 	 17 	 0.718440 	 5557.532930 	 120 
4 	 0 	 3 	 18 	 0.710157 	 7171.504346 	 98 
4 	 0 	 3 	 19 	 0.693120 	 9184.897097 	 117 
4 	 0 	 3 	 20 	 0.703496 	 2774.053777 	 102 
4 	 0 	 3 	 21 	 0.720735 	 10354.548529 	 116 
4 	 0 	 3 	 22 	 0.719651 	 5554.558469 	 102 
4 	 0 	 3 	 23 	 0.702768 	 4839.261298 	 115 
4 	 0 	 3 	 24 	 0.884560 	 857.217917 	 101 
4 	 0 	 3 	 25 	 0.735066 	 4366.377787 	 86 
4 	 0 	 3 	 26 	 0.726757 	 10858.498157 	 112 
4 	 0 	 3 	 27 	 0.711504 	 7030.416027 	 120 
4 	 0 	 3 	 28 	 0.710247 	 4109.202491 	 97 
4 	 0 	 3 	 29 	 0.707733 	 14380.721657 	 104 
4 	 0 	 3 	 30 	 0.707807 	 3756.799740 	 111 
4 	 0 	 3 	 31 	 0.695125 	 6245.212361 	 106 
4 	 0 	 4 	 0 	 0.725160 	 3207.738206 	 99 
4 	 0 	 4 	 1 	 0.716012 	 3653.184410 	 99 
4 	 0 	 4 	 2 	 0.708558 	 4542.583779 	 109 
4 	 0 	 4 	 3 	 0.735727 	 6170.424805 	 109 
4 	 0 	 4 	 4 	 0.713466 	 8431.293588 	 124 
4 	 0 	 4 	 5 	 0.691514 	 7680.960806 	 134 
4 	 0 	 4 	 6 	 0.710978 	 11832.482896 	 99 
4 	 0 	 4 	 7 	 0.721089 	 15665.474944 	 111 
4 	 0 	 4 	 8 	 0.707905 	 8624.512174 	 119 
4 	 0 	 4 	 9 	 0.717076 	 4853.420540 	 118 
4 	 0 	 4 	 10 	 0.706739 	 5298.804899 	 140 
4 	 0 	 4 	 11 	 0.728051 	 13340.406534 	 115 
4 	 0 	 4 	 12 	 0.692453 	 4126.970529 	 114 
4 	 0 	 4 	 13 	 0.700870 	 6202.162670 	 128 
4 	 0 	 4 	 14 	 0.719191 	 15341.441152 	 122 
4 	 0 	 4 	 15 	 0.708274 	 5049.914415 	 115 
4 	 0 	 4 	 16 	 0.726094 	 8460.312451 	 110 
4 	 0 	 4 	 17 	 0.721068 	 9614.481033 	 108 
4 	 0 	 4 	 18 	 0.717357 	 6533.298459 	 115 
4 	 0 	 4 	 19 	 0.000000 	 1000.000000 	 0 
4 	 0 	 4 	 20 	 0.764491 	 10431.157186 	 88 
4 	 0 	 4 	 21 	 0.711689 	 6105.903115 	 95 
4 	 0 	 4 	 22 	 0.703666 	 4616.815984 	 104 
4 	 0 	 4 	 23 	 0.729178 	 5682.614881 	 92 
4 	 0 	 4 	 24 	 0.713124 	 4519.632924 	 96 
4 	 0 	 4 	 25 	 0.718885 	 8152.758235 	 93 
4 	 0 	 4 	 26 	 0.703929 	 4561.961179 	 87 
4 	 0 	 4 	 27 	 0.754556 	 2958.973736 	 80 
4 	 0 	 4 	 28 	 0.000000 	 1000.000000 	 0 
4 	 0 	 4 	 29 	 0.707734 	 851.349986 	 105 
4 	 0 	 4 	 30 	 0.711911 	 3419.789194 	 97 
4 	 0 	 4 	 31 	 0.720727 	 10012.307109 	 101 
4 	 0 	 5 	 0 	 0.699246 	 4160.901145 	 88 
4 	 0 	 5 	 1 	 0.710833 	 3310.932434 	 86 
4 	 0 	 5 	 2 	 0.754406 	 20046.235088 	 96 
4 	 0 	 5 	 3 	 0.740192 	 5314.685903 	 75 
4 	 0 	 5 	 4 	 0.713598 	 1184.742194 	 92 
4 	 0 	 5 	 5 	 0.669203 	 790.918337 	 84 
4 	 0 	 5 	 6 	 0.774636 	 910.189568 	 102 
4 	 0 	 5 	 7 	 0.742903 	 5145.984547 	 104 
4 	 0 	 5 	 8 	 0.715179 	 7599.649512 	 98 
4 	 0 	 5 	 9 	 0.708090 	 4623.729465 	 111 
4 	 0 	 5 	 10 	 0.720113 	 1700.476543 	 99 
4 	 0 	 5 	 11 	 0.714739 	 9425.506551 	 131 
4 	 0 	 5 	 12 	 0.714218 	 8300.926546 	 114 
4 	 0 	 5 	 13 	 0.727165 	 6012.763473 	 112 
4 	 0 	 5 	 14 	 0.717351 	 7731.352980 	 99 
4 	 0 	 5 	 15 	 0.000000 	 1000.000000 	 0 
4 	 0 	 5 	 16 	 0.699968 	 3280.334877 	 95 
4 	 0 	 5 	 17 	 0.715022 	 4319.532285 	 81 
4 	 0 	 5 	 18 	 0.721556 	 2359.017875 	 86 
4 	 0 	 5 	 19 	 0.718488 	 2066.745233 	 88 
4 	 0 	 5 	 20 	 0.682289 	 7101.000493 	 72 
4 	 0 	 5 	 21 	 0.726270 	 3974.060368 	 87 
4 	 0 	 5 	 22 	 0.729598 	 9233.231331 	 70 
4 	 0 	 5 	 23 	 0.675025 	 668.897043 	 78 
4 	 0 	 5 	 24 	 0.706950 	 16620.817375 	 76 
4 	 0 	 5 	 25 	 0.712255 	 2246.976100 	 84 
4 	 0 	 5 	 26 	 2.255466 	 653.530066 	 54 
4 	 0 	 5 	 27 	 0.693960 	 790.160685 	 73 
4 	 0 	 5 	 28 	 0.695697 	 4667.737836 	 83 
4 	 0 	 5 	 29 	 0.706867 	 5099.616130 	 84 
4 	 0 	 5 	 30 	 0.729201 	 25996.396503 	 73 
4 	 0 	 5 	 31 	 0.719798 	 2980.040080 	 87 
4 	 1 	 0 	 0 	 0.000000 	 1000.000000 	 0 
4 	 1 	 0 	 1 	 0.000000 	 1000.000000 	 0 
4 	 1 	 0 	 2 	 0.000000 	 1000.000000 	 0 
4 	 1 	 0 	 3 	 0.000000 	 1000.000000 	 0 
4 	 1 	 0 	 4 	 0.000000 	 1000.000000 	 0 
4 	 1 	 0 	 5 	 0.000000 	 1000.000000 	 0 
4 	 1 	 0 	 6 	 0.000000 	 1000.000000 	 0 
4 	 1 	 0 	 7 	 0.000000 	 1000.000000 	 0 
4 	 1 	 0 	 8 	 0.000000 	 1000.000000 	 0 
4 	 1 	 0 	 9 	 0.000000 	 1000.000000 	 0 
4 	 1 	 0 	 10 	 0.000000 	 1000.000000 	 0 
4 	 1 	 0 	 11 	 0.000000 	 1000.000000 	 0 
4 	 1 	 0 	 12 	 0.000000 	 1000.000000 	 0 
4 	 1 	 0 	 13 	 0.000000 	 1000.000000 	 0 
4 	 1 	 0 	 14 	 0.000000 	 1000.000000 	 0 
4 	 1 	 0 	 15 	 0.000000 	 1000.000000 	 0 
4 	 1 	 0 	 16 	 0.000000 	 1000.000000 	 0 
4 	 1 	 0 	 17 	 0.000000 	 1000.000000 	 0 
4 	 1 	 0 	 18 	 0.000000 	 1000.000000 	 0 
4 	 1 	 0 	 19 	 0.000000 	 1000.000000 	 0 
4 	 1 	 0 	 20 	 0.000000 	 1000.000000 	 0 
4 	 1 	 0 	 21 	 0.000000 	 1000.000000 	 0 
4 	 1 	 0 	 22 	 0.000000 	 1000.000000 	 0 
4 	 1 	 0 	 23 	 0.000000 	 1000.000000 	 0 
4 	 1 	 0 	 24 	 0.000000 	 1000.000000 	 0 
4 	 1 	 0 	 25 	 0.000000 	 1000.000000 	 0 
4 	 1 	 0 	 26 	 0.000000 	 1000.000000 	 0 
4 	 1 	 0 	 27 	 0.000000 	 1000.000000 	 0 
4 	 1 	 0 	 28 	 0.000000 	 1000.000000 	 0 
4 	 1 	 0 	 29 	 0.000000 	 1000.000000 	 0 
4 	 1 	 0 	 30 	 0.000000 	 1000.000000 	 0 
4 	 1 	 0 	 31 	 0.000000 	 1000.000000 	 0 
4 	 1 	 1 	 0 	 0.000000 	 1000.000000 	 0 
4 	 1 	 1 	 1 	 0.000000 	 1000.000000 	 0 
4 	 1 	 1 	 2 	 0.000000 	 1000.000000 	 0 
4 	 1 	 1 	 3 	 0.000000 	 1000.000000 	 0 
4 	 1 	 1 	 4 	 0.000000 	 1000.000000 	 0 
4 	 1 	 1 	 5 	 0.000000 	 1000.000000 	 0 
4 	 1 	 1 	 6 	 0.000000 	 1000.000000 	 0 
4 	 1 	 1 	 7 	 0.000000 	 1000.000000 	 0 
4 	 1 	 1 	 8 	 0.000000 	 1000.000000 	 0 
4 	 1 	 1 	 9 	 0.000000 	 1000.000000 	 0 
4 	 1 	 1 	 10 	 0.000000 	 1000.000000 	 0 
4 	 1 	 1 	 11 	 0.000000 	 1000.000000 	 0 
4 	 1 	 1 	 12 	 0.000000 	 1000.000000 	 0 
4 	 1 	 1 	 13 	 0.000000 	 1000.000000 	 0 
4 	 1 	 1 	 14 	 0.000000 	 1000.000000 	 0 
4 	 1 	 1 	 15 	 0.000000 	 1000.000000 	 0 
4 	 1 	 1 	 16 	 0.000000 	 1000.000000 	 0 
4 	 1 	 1 	 17 	 0.000000 	 1000.000000 	 0 
4 	 1 	 1 	 18 	 0.000000 	 1000.000000 	 0 
4 	 1 	 1 	 19 	 0.000000 	 1000.000000 	 0 
4 	 1 	 1 	 20 	 0.000000 	 1000.000000 	 0 
4 	 1 	 1 	 21 	 0.000000 	 1000.000000 	 0 
4 	 1 	 1 	 22 	 0.000000 	 1000.000000 	 0 
4 	 1 	 1 	 23 	 0.000000 	 1000.000000 	 0 
4 	 1 	 1 	 24 	 0.000000 	 1000.000000 	 0 
4 	 1 	 1 	 25 	 0.000000 	 1000.000000 	 0 
4 	 1 	 1 	 26 	 0.000000 	 1000.000000 	 0 
4 	 1 	 1 	 27 	 0.000000 	 1000.000000 	 0 
4 	 1 	 1 	 28 	 0.000000 	 1000.000000 	 0 
4 	 1 	 1 	 29 	 0.000000 	 1000.000000 	 0 
4 	 1 	 1 	 30 	 0.000000 	 1000.000000 	 0 
4 	 1 	 1 	 31 	 0.000000 	 1000.000000 	 0 
4 	 1 	 2 	 0 	 0.000000 	 1000.000000 	 0 
4 	 1 	 2 	 1 	 0.000000 	 1000.000000 	 0 
4 	 1 	 2 	 2 	 0.000000 	 1000.000000 	 0 
4 	 1 	 2 	 3 	 0.000000 	 1000.000000 	 0 
4 	 1 	 2 	 4 	 0.000000 	 1000.000000 	 0 
4 	 1 	 2 	 5 	 0.000000 	 1000.000000 	 0 
4 	 1 	 2 	 6 	 0.000000 	 1000.000000 	 0 
4 	 1 	 2 	 7 	 0.000000 	 1000.000000 	 0 
4 	 1 	 2 	 8 	 0.000000 	 1000.000000 	 0 
4 	 1 	 2 	 9 	 0.000000 	 1000.000000 	 0 
4 	 1 	 2 	 10 	 0.000000 	 1000.000000 	 0 
4 	 1 	 2 	 11 	 0.000000 	 1000.000000 	 0 
4 	 1 	 2 	 12 	 0.000000 	 1000.000000 	 0 
4 	 1 	 2 	 13 	 0.000000 	 1000.000000 	 0 
4 	 1 	 2 	 14 	 0.000000 	 1000.000000 	 0 
4 	 1 	 2 	 15 	 0.000000 	 1000.000000 	 0 
4 	 1 	 2 	 16 	 0.000000 	 1000.000000 	 0 
4 	 1 	 2 	 17 	 0.000000 	 1000.000000 	 0 
4 	 1 	 2 	 18 	 0.000000 	 1000.000000 	 0 
4 	 1 	 2 	 19 	 0.000000 	 1000.000000 	 0 
4 	 1 	 2 	 20 	 0.000000 	 1000.000000 	 0 
4 	 1 	 2 	 21 	 0.000000 	 1000.000000 	 0 
4 	 1 	 2 	 22 	 0.000000 	 1000.000000 	 0 
4 	 1 	 2 	 23 	 0.000000 	 1000.000000 	 0 
4 	 1 	 2 	 24 	 0.000000 	 1000.000000 	 0 
4 	 1 	 2 	 25 	 0.000000 	 1000.000000 	 0 
4 	 1 	 2 	 26 	 0.000000 	 1000.000000 	 0 
4 	 1 	 2 	 27 	 0.000000 	 1000.000000 	 0 
4 	 1 	 2 	 28 	 0.000000 	 1000.000000 	 0 
4 	 1 	 2 	 29 	 0.000000 	 1000.000000 	 0 
4 	 1 	 2 	 30 	 0.000000 	 1000.000000 	 0 
4 	 1 	 2 	 31 	 0.000000 	 1000.000000 	 0 
4 	 1 	 3 	 0 	 0.000000 	 1000.000000 	 0 
4 	 1 	 3 	 1 	 0.000000 	 1000.000000 	 0 
4 	 1 	 3 	 2 	 0.000000 	 1000.000000 	 0 
4 	 1 	 3 	 3 	 0.000000 	 1000.000000 	 0 
4 	 1 	 3 	 4 	 0.000000 	 1000.000000 	 0 
4 	 1 	 3 	 5 	 0.000000 	 1000.000000 	 0 
4 	 1 	 3 	 6 	 0.000000 	 1000.000000 	 0 
4 	 1 	 3 	 7 	 0.000000 	 1000.000000 	 0 
4 	 1 	 3 	 8 	 0.000000 	 1000.000000 	 0 
4 	 1 	 3 	 9 	 0.000000 	 1000.000000 	 0 
4 	 1 	 3 	 10 	 0.000000 	 1000.000000 	 0 
4 	 1 	 3 	 11 	 0.000000 	 1000.000000 	 0 
4 	 1 	 3 	 12 	 0.000000 	 1000.000000 	 0 
4 	 1 	 3 	 13 	 0.000000 	 1000.000000 	 0 
4 	 1 	 3 	 14 	 0.000000 	 1000.000000 	 0 
4 	 1 	 3 	 15 	 0.000000 	 1000.000000 	 0 
4 	 1 	 3 	 16 	 0.000000 	 1000.000000 	 0 
4 	 1 	 3 	 17 	 0.000000 	 1000.000000 	 0 
4 	 1 	 3 	 18 	 0.000000 	 1000.000000 	 0 
4 	 1 	 3 	 19 	 0.000000 	 1000.000000 	 0 
4 	 1 	 3 	 20 	 0.000000 	 1000.000000 	 0 
4 	 1 	 3 	 21 	 0.000000 	 1000.000000 	 0 
4 	 1 	 3 	 22 	 0.000000 	 1000.000000 	 0 
4 	 1 	 3 	 23 	 0.000000 	 1000.000000 	 0 
4 	 1 	 3 	 24 	 0.000000 	 1000.000000 	 0 
4 	 1 	 3 	 25 	 0.000000 	 1000.000000 	 0 
4 	 1 	 3 	 26 	 0.000000 	 1000.000000 	 0 
4 	 1 	 3 	 27 	 0.000000 	 1000.000000 	 0 
4 	 1 	 3 	 28 	 0.000000 	 1000.000000 	 0 
4 	 1 	 3 	 29 	 0.000000 	 1000.000000 	 0 
4 	 1 	 3 	 30 	 0.000000 	 1000.000000 	 0 
4 	 1 	 3 	 31 	 0.000000 	 1000.000000 	 0 
4 	 1 	 4 	 0 	 0.000000 	 1000.000000 	 0 
4 	 1 	 4 	 1 	 0.000000 	 1000.000000 	 0 
4 	 1 	 4 	 2 	 0.000000 	 1000.000000 	 0 
4 	 1 	 4 	 3 	 0.000000 	 1000.000000 	 0 
4 	 1 	 4 	 4 	 0.000000 	 1000.000000 	 0 
4 	 1 	 4 	 5 	 0.000000 	 1000.000000 	 0 
4 	 1 	 4 	 6 	 0.000000 	 1000.000000 	 0 
4 	 1 	 4 	 7 	 0.000000 	 1000.000000 	 0 
4 	 1 	 4 	 8 	 0.000000 	 1000.000000 	 0 
4 	 1 	 4 	 9 	 0.000000 	 1000.000000 	 0 
4 	 1 	 4 	 10 	 0.000000 	 1000.000000 	 0 
4 	 1 	 4 	 11 	 0.000000 	 1000.000000 	 0 
4 	 1 	 4 	 12 	 0.000000 	 1000.000000 	 0 
4 	 1 	 4 	 13 	 0.000000 	 1000.000000 	 0 
4 	 1 	 4 	 14 	 0.000000 	 1000.000000 	 0 
4 	 1 	 4 	 15 	 0.000000 	 1000.000000 	 0 
4 	 1 	 4 	 16 	 0.000000 	 1000.000000 	 0 
4 	 1 	 4 	 17 	 0.000000 	 1000.000000 	 0 
4 	 1 	 4 	 18 	 0.000000 	 1000.000000 	 0 
4 	 1 	 4 	 19 	 0.000000 	 1000.000000 	 0 
4 	 1 	 4 	 20 	 0.000000 	 1000.000000 	 0 
4 	 1 	 4 	 21 	 0.000000 	 1000.000000 	 0 
4 	 1 	 4 	 22 	 0.000000 	 1000.000000 	 0 
4 	 1 	 4 	 23 	 0.000000 	 1000.000000 	 0 
4 	 1 	 4 	 24 	 0.000000 	 1000.000000 	 0 
4 	 1 	 4 	 25 	 0.000000 	 1000.000000 	 0 
4 	 1 	 4 	 26 	 0.000000 	 1000.000000 	 0 
4 	 1 	 4 	 27 	 0.000000 	 1000.000000 	 0 
4 	 1 	 4 	 28 	 0.000000 	 1000.000000 	 0 
4 	 1 	 4 	 29 	 0.000000 	 1000.000000 	 0 
4 	 1 	 4 	 30 	 0.000000 	 1000.000000 	 0 
4 	 1 	 4 	 31 	 0.000000 	 1000.000000 	 0 
4 	 1 	 5 	 0 	 0.000000 	 1000.000000 	 0 
4 	 1 	 5 	 1 	 0.000000 	 1000.000000 	 0 
4 	 1 	 5 	 2 	 0.000000 	 1000.000000 	 0 
4 	 1 	 5 	 3 	 0.000000 	 1000.000000 	 0 
4 	 1 	 5 	 4 	 0.000000 	 1000.000000 	 0 
4 	 1 	 5 	 5 	 0.000000 	 1000.000000 	 0 
4 	 1 	 5 	 6 	 0.000000 	 1000.000000 	 0 
4 	 1 	 5 	 7 	 0.000000 	 1000.000000 	 0 
4 	 1 	 5 	 8 	 0.000000 	 1000.000000 	 0 
4 	 1 	 5 	 9 	 0.000000 	 1000.000000 	 0 
4 	 1 	 5 	 10 	 0.000000 	 1000.000000 	 0 
4 	 1 	 5 	 11 	 0.000000 	 1000.000000 	 0 
4 	 1 	 5 	 12 	 0.000000 	 1000.000000 	 0 
4 	 1 	 5 	 13 	 0.000000 	 1000.000000 	 0 
4 	 1 	 5 	 14 	 0.000000 	 1000.000000 	 0 
4 	 1 	 5 	 15 	 0.000000 	 1000.000000 	 0 
4 	 1 	 5 	 16 	 0.000000 	 1000.000000 	 0 
4 	 1 	 5 	 17 	 0.000000 	 1000.000000 	 0 
4 	 1 	 5 	 18 	 0.000000 	 1000.000000 	 0 
4 	 1 	 5 	 19 	 0.000000 	 1000.000000 	 0 
4 	 1 	 5 	 20 	 0.000000 	 1000.000000 	 0 
4 	 1 	 5 	 21 	 0.000000 	 1000.000000 	 0 
4 	 1 	 5 	 22 	 0.000000 	 1000.000000 	 0 
4 	 1 	 5 	 23 	 0.000000 	 1000.000000 	 0 
4 	 1 	 5 	 24 	 0.000000 	 1000.000000 	 0 
4 	 1 	 5 	 25 	 0.000000 	 1000.000000 	 0 
4 	 1 	 5 	 26 	 0.000000 	 1000.000000 	 0 
4 	 1 	 5 	 27 	 0.000000 	 1000.000000 	 0 
4 	 1 	 5 	 28 	 0.000000 	 1000.000000 	 0 
4 	 1 	 5 	 29 	 0.000000 	 1000.000000 	 0 
4 	 1 	 5 	 30 	 0.000000 	 1000.000000 	 0 
4 	 1 	 5 	 31 	 0.000000 	 1000.000000 	 0 
4 	 2 	 0 	 0 	 0.742302 	 6988.761705 	 154 
4 	 2 	 0 	 1 	 0.717199 	 4904.503848 	 148 
4 	 2 	 0 	 2 	 0.707391 	 10443.860671 	 162 
4 	 2 	 0 	 3 	 0.705949 	 7063.267821 	 158 
4 	 2 	 0 	 4 	 0.732185 	 77707.543607 	 139 
4 	 2 	 0 	 5 	 0.690090 	 1064.148549 	 151 
4 	 2 	 0 	 6 	 0.714333 	 15464.768836 	 165 
4 	 2 	 0 	 7 	 0.709901 	 6170.905406 	 163 
4 	 2 	 0 	 8 	 0.702950 	 6588.666401 	 138 
4 	 2 	 0 	 9 	 0.000000 	 1000.000000 	 0 
4 	 2 	 0 	 10 	 0.732332 	 19700.121856 	 132 
4 	 2 	 0 	 11 	 0.696981 	 8863.522133 	 128 
4 	 2 	 0 	 12 	 0.724338 	 8687.383499 	 135 
4 	 2 	 0 	 13 	 0.719508 	 18924.439727 	 134 
4 	 2 	 0 	 14 	 0.721104 	 8891.703267 	 132 
4 	 2 	 0 	 15 	 0.724009 	 6895.907102 	 136 
4 	 2 	 0 	 16 	 0.713626 	 3367.167325 	 104 
4 	 2 	 0 	 17 	 0.700345 	 4997.343392 	 119 
4 	 2 	 0 	 18 	 0.724110 	 8624.751088 	 130 
4 	 2 	 0 	 19 	 0.724030 	 2633.411498 	 94 
4 	 2 	 0 	 20 	 0.712573 	 5899.938507 	 103 
4 	 2 	 0 	 21 	 0.736329 	 16826.404770 	 120 
4 	 2 	 0 	 22 	 0.697187 	 4299.405928 	 131 
4 	 2 	 0 	 23 	 0.673623 	 19313.905833 	 118 
4 	 2 	 0 	 24 	 0.709113 	 4615.237947 	 124 
4 	 2 	 0 	 25 	 0.703159 	 8161.371244 	 134 
4 	 2 	 0 	 26 	 0.721367 	 26301.075938 	 120 
4 	 2 	 0 	 27 	 0.707913 	 4670.308164 	 142 
4 	 2 	 0 	 28 	 0.770146 	 674.743720 	 141 
4 	 2 	 0 	 29 	 0.723722 	 13925.477808 	 146 
4 	 2 	 0 	 30 	 0.704900 	 21104.110073 	 147 
4 	 2 	 0 	 31 	 0.705297 	 4148.858453 	 123 
4 	 2 	 1 	 0 	 0.692778 	 7028.748135 	 173 
4 	 2 	 1 	 1 	 0.723927 	 16027.808123 	 152 
4 	 2 	 1 	 2 	 0.717334 	 23566.841200 	 142 
4 	 2 	 1 	 3 	 0.721730 	 16767.242923 	 167 
4 	 2 	 1 	 4 	 0.695049 	 8126.793015 	 164 
4 	 2 	 1 	 5 	 0.720792 	 6933.475190 	 151 
4 	 2 	 1 	 6 	 0.715589 	 10640.665880 	 152 
4 	 2 	 1 	 7 	 0.722109 	 13413.559967 	 180 
4 	 2 	 1 	 8 	 0.740977 	 7620.132064 	 159 
4 	 2 	 1 	 9 	 0.708727 	 18887.717301 	 132 
4 	 2 	 1 	 10 	 0.705444 	 8074.851633 	 171 
4 	 2 	 1 	 11 	 0.686471 	 8151.863012 	 185 
4 	 2 	 1 	 12 	 0.702862 	 5017.830058 	 159 
4 	 2 	 1 	 13 	 0.685918 	 5087.599392 	 145 
4 	 2 	 1 	 14 	 0.705311 	 14482.647795 	 180 
4 	 2 	 1 	 15 	 0.707678 	 21966.213063 	 168 
4 	 2 	 1 	 16 	 0.705192 	 5339.685770 	 154 
4 	 2 	 1 	 17 	 0.711033 	 47257.786451 	 167 
4 	 2 	 1 	 18 	 0.718018 	 7922.298057 	 151 
4 	 2 	 1 	 19 	 0.717083 	 19305.706481 	 166 
4 	 2 	 1 	 20 	 0.698328 	 9133.935074 	 131 
4 	 2 	 1 	 21 	 0.698648 	 10095.705591 	 135 
4 	 2 	 1 	 22 	 0.731812 	 4963.894987 	 138 
4 	 2 	 1 	 23 	 0.724994 	 4649.228409 	 147 
4 	 2 	 1 	 24 	 0.696728 	 8016.077977 	 139 
4 	 2 	 1 	 25 	 0.000000 	 1000.000000 	 0 
4 	 2 	 1 	 26 	 0.713280 	 8886.261907 	 151 
4 	 2 	 1 	 27 	 0.706216 	 6917.461860 	 164 
4 	 2 	 1 	 28 	 0.683900 	 1118.331800 	 159 
4 	 2 	 1 	 29 	 0.697471 	 10172.783947 	 145 
4 	 2 	 1 	 30 	 0.718446 	 5522.205381 	 164 
4 	 2 	 1 	 31 	 0.730641 	 7383.681571 	 158 
4 	 2 	 2 	 0 	 0.717905 	 5202.289945 	 163 
4 	 2 	 2 	 1 	 0.701412 	 7157.240841 	 168 
4 	 2 	 2 	 2 	 0.722520 	 11054.617230 	 183 
4 	 2 	 2 	 3 	 0.694576 	 16927.640700 	 172 
4 	 2 	 2 	 4 	 0.684968 	 9525.801268 	 171 
4 	 2 	 2 	 5 	 0.717246 	 8048.765141 	 182 
4 	 2 	 2 	 6 	 0.719965 	 4738.433839 	 169 
4 	 2 	 2 	 7 	 0.706512 	 4420.011259 	 162 
4 	 2 	 2 	 8 	 0.707470 	 7333.160194 	 180 
4 	 2 	 2 	 9 	 0.719983 	 8244.464824 	 174 
4 	 2 	 2 	 10 	 0.660810 	 1075.399131 	 183 
4 	 2 	 2 	 11 	 0.706359 	 5594.598634 	 152 
4 	 2 	 2 	 12 	 0.716036 	 9561.090350 	 169 
4 	 2 	 2 	 13 	 0.701987 	 10158.640869 	 188 
4 	 2 	 2 	 14 	 0.715431 	 6587.934884 	 149 
4 	 2 	 2 	 15 	 0.709432 	 15377.611077 	 167 
4 	 2 	 2 	 16 	 0.693139 	 6583.956195 	 162 
4 	 2 	 2 	 17 	 0.703711 	 9550.728456 	 152 
4 	 2 	 2 	 18 	 0.690727 	 20105.421790 	 175 
4 	 2 	 2 	 19 	 0.000000 	 1000.000000 	 0 
4 	 2 	 2 	 20 	 0.709687 	 5839.905749 	 150 
4 	 2 	 2 	 21 	 0.711227 	 8592.923608 	 155 
4 	 2 	 2 	 22 	 0.738541 	 3848.686815 	 139 
4 	 2 	 2 	 23 	 0.713770 	 2661.581336 	 163 
4 	 2 	 2 	 24 	 0.736031 	 10494.847724 	 147 
4 	 2 	 2 	 25 	 0.707243 	 7403.925449 	 146 
4 	 2 	 2 	 26 	 0.712017 	 12224.226762 	 139 
4 	 2 	 2 	 27 	 0.718744 	 6683.403977 	 168 
4 	 2 	 2 	 28 	 0.000000 	 1000.000000 	 0 
4 	 2 	 2 	 29 	 0.721559 	 7818.014821 	 149 
4 	 2 	 2 	 30 	 0.739749 	 6514.894862 	 139 
4 	 2 	 2 	 31 	 0.699764 	 1013.543816 	 153 
4 	 2 	 3 	 0 	 0.709304 	 6526.238731 	 150 
4 	 2 	 3 	 1 	 0.723515 	 16034.018797 	 170 
4 	 2 	 3 	 2 	 0.702317 	 16678.513330 	 196 
4 	 2 	 3 	 3 	 0.723020 	 22430.935757 	 165 
4 	 2 	 3 	 4 	 0.714256 	 5461.357165 	 155 
4 	 2 	 3 	 5 	 0.728152 	 8200.411002 	 159 
4 	 2 	 3 	 6 	 0.708633 	 11757.769389 	 171 
4 	 2 	 3 	 7 	 0.702687 	 949.606623 	 166 
4 	 2 	 3 	 8 	 0.734479 	 15067.034674 	 170 
4 	 2 	 3 	 9 	 0.718596 	 17436.780549 	 182 
4 	 2 	 3 	 10 	 0.691953 	 7651.757962 	 148 
4 	 2 	 3 	 11 	 0.702482 	 7189.555802 	 183 
4 	 2 	 3 	 12 	 0.673765 	 1214.917864 	 174 
4 	 2 	 3 	 13 	 0.715820 	 26916.563281 	 169 
4 	 2 	 3 	 14 	 0.710954 	 5641.698101 	 162 
4 	 2 	 3 	 15 	 0.706934 	 9167.143818 	 156 
4 	 2 	 3 	 16 	 0.711076 	 11920.215258 	 141 
4 	 2 	 3 	 17 	 0.826379 	 780.784186 	 160 
4 	 2 	 3 	 18 	 0.726534 	 20629.905804 	 132 
4 	 2 	 3 	 19 	 0.719226 	 11214.671256 	 160 
4 	 2 	 3 	 20 	 0.705576 	 6584.927658 	 140 
4 	 2 	 3 	 21 	 0.708399 	 44011.164331 	 136 
4 	 2 	 3 	 22 	 0.732639 	 13667.706818 	 138 
4 	 2 	 3 	 23 	 0.724775 	 1057.896165 	 147 
4 	 2 	 3 	 24 	 0.712939 	 5383.736006 	 140 
4 	 2 	 3 	 25 	 0.718275 	 8568.527544 	 156 
4 	 2 	 3 	 26 	 0.000000 	 1000.000000 	 0 
4 	 2 	 3 	 27 	 0.713481 	 9780.812585 	 154 
4 	 2 	 3 	 28 	 0.704557 	 4304.685619 	 161 
4 	 2 	 3 	 29 	 0.710869 	 7167.745070 	 143 
4 	 2 	 3 	 30 	 0.632610 	 1146.645268 	 156 
4 	 2 	 3 	 31 	 0.747625 	 25201.798206 	 148 
4 	 2 	 4 	 0 	 0.715022 	 6075.915468 	 153 
4 	 2 	 4 	 1 	 0.713884 	 6485.749582 	 141 
4 	 2 	 4 	 2 	 0.709079 	 6025.201273 	 149 
4 	 2 	 4 	 3 	 0.706609 	 12300.146559 	 147 
4 	 2 	 4 	 4 	 0.726038 	 16357.400731 	 168 
4 	 2 	 4 	 5 	 0.723742 	 20452.212710 	 167 
4 	 2 	 4 	 6 	 0.719025 	 12149.280118 	 174 
4 	 2 	 4 	 7 	 0.719642 	 13021.182251 	 143 
4 	 2 	 4 	 8 	 0.000000 	 1000.000000 	 0 
4 	 2 	 4 	 9 	 0.722124 	 16142.385321 	 181 
4 	 2 	 4 	 10 	 0.714084 	 29003.149462 	 180 
4 	 2 	 4 	 11 	 0.715822 	 5970.191658 	 168 
4 	 2 	 4 	 12 	 0.687014 	 20774.293243 	 151 
4 	 2 	 4 	 13 	 0.709546 	 12322.628129 	 184 
4 	 2 	 4 	 14 	 0.719647 	 8014.126611 	 178 
4 	 2 	 4 	 15 	 0.728537 	 11969.374724 	 146 
4 	 2 	 4 	 16 	 0.712195 	 6231.886368 	 135 
4 	 2 	 4 	 17 	 0.704151 	 7410.028925 	 153 
4 	 2 	 4 	 18 	 0.692988 	 9877.640862 	 133 
4 	 2 	 4 	 19 	 0.683656 	 6368.357410 	 145 
4 	 2 	 4 	 20 	 0.704282 	 5218.335524 	 138 
4 	 2 	 4 	 21 	 0.686450 	 14389.185684 	 151 
4 	 2 	 4 	 22 	 0.711991 	 9590.584584 	 124 
4 	 2 	 4 	 23 	 0.725814 	 8529.610173 	 134 
4 	 2 	 4 	 24 	 0.000000 	 1000.000000 	 0 
4 	 2 	 4 	 25 	 0.000000 	 1000.000000 	 0 
4 	 2 	 4 	 26 	 0.000000 	 1000.000000 	 0 
4 	 2 	 4 	 27 	 0.000000 	 1000.000000 	 0 
4 	 2 	 4 	 28 	 0.000000 	 1000.000000 	 0 
4 	 2 	 4 	 29 	 0.000000 	 1000.000000 	 0 
4 	 2 	 4 	 30 	 0.000000 	 1000.000000 	 0 
4 	 2 	 4 	 31 	 0.000000 	 1000.000000 	 0 
4 	 2 	 5 	 0 	 0.000000 	 1000.000000 	 0 
4 	 2 	 5 	 1 	 0.000000 	 1000.000000 	 0 
4 	 2 	 5 	 2 	 0.000000 	 1000.000000 	 0 
4 	 2 	 5 	 3 	 0.000000 	 1000.000000 	 0 
4 	 2 	 5 	 4 	 0.000000 	 1000.000000 	 0 
4 	 2 	 5 	 5 	 0.000000 	 1000.000000 	 0 
4 	 2 	 5 	 6 	 0.000000 	 1000.000000 	 0 
4 	 2 	 5 	 7 	 0.000000 	 1000.000000 	 0 
4 	 2 	 5 	 8 	 0.000000 	 1000.000000 	 0 
4 	 2 	 5 	 9 	 0.000000 	 1000.000000 	 0 
4 	 2 	 5 	 10 	 0.000000 	 1000.000000 	 0 
4 	 2 	 5 	 11 	 0.000000 	 1000.000000 	 0 
4 	 2 	 5 	 12 	 0.000000 	 1000.000000 	 0 
4 	 2 	 5 	 13 	 0.000000 	 1000.000000 	 0 
4 	 2 	 5 	 14 	 0.000000 	 1000.000000 	 0 
4 	 2 	 5 	 15 	 0.000000 	 1000.000000 	 0 
4 	 2 	 5 	 16 	 0.000000 	 1000.000000 	 0 
4 	 2 	 5 	 17 	 0.000000 	 1000.000000 	 0 
4 	 2 	 5 	 18 	 0.000000 	 1000.000000 	 0 
4 	 2 	 5 	 19 	 0.000000 	 1000.000000 	 0 
4 	 2 	 5 	 20 	 0.000000 	 1000.000000 	 0 
4 	 2 	 5 	 21 	 0.000000 	 1000.000000 	 0 
4 	 2 	 5 	 22 	 0.000000 	 1000.000000 	 0 
4 	 2 	 5 	 23 	 0.000000 	 1000.000000 	 0 
4 	 2 	 5 	 24 	 0.000000 	 1000.000000 	 0 
4 	 2 	 5 	 25 	 0.000000 	 1000.000000 	 0 
4 	 2 	 5 	 26 	 0.000000 	 1000.000000 	 0 
4 	 2 	 5 	 27 	 0.000000 	 1000.000000 	 0 
4 	 2 	 5 	 28 	 0.000000 	 1000.000000 	 0 
4 	 2 	 5 	 29 	 0.000000 	 1000.000000 	 0 
4 	 2 	 5 	 30 	 0.000000 	 1000.000000 	 0 
4 	 2 	 5 	 31 	 0.000000 	 1000.000000 	 0 
4 	 3 	 0 	 0 	 0.692760 	 6141.318707 	 180 
4 	 3 	 0 	 1 	 0.717477 	 5966.156923 	 174 
4 	 3 	 0 	 2 	 0.728297 	 10158.194218 	 180 
4 	 3 	 0 	 3 	 0.718271 	 11391.665084 	 180 
4 	 3 	 0 	 4 	 0.726307 	 9101.181880 	 178 
4 	 3 	 0 	 5 	 0.700525 	 10232.531940 	 163 
4 	 3 	 0 	 6 	 0.732491 	 9828.963865 	 157 
4 	 3 	 0 	 7 	 0.718314 	 12739.126997 	 156 
4 	 3 	 0 	 8 	 0.678078 	 738.222368 	 129 
4 	 3 	 0 	 9 	 0.689357 	 7095.579835 	 190 
4 	 3 	 0 	 10 	 0.725947 	 5060.268866 	 141 
4 	 3 	 0 	 11 	 0.712725 	 7258.311755 	 164 
4 	 3 	 0 	 12 	 0.695467 	 8022.558290 	 152 
4 	 3 	 0 	 13 	 0.695575 	 5583.444546 	 142 
4 	 3 	 0 	 14 	 0.725175 	 6810.127904 	 161 
4 	 3 	 0 	 15 	 0.733806 	 3668.700899 	 133 
4 	 3 	 0 	 16 	 0.714552 	 8218.691661 	 168 
4 	 3 	 0 	 17 	 0.710332 	 10096.501292 	 143 
4 	 3 	 0 	 18 	 0.729873 	 73078.905761 	 154 
4 	 3 	 0 	 19 	 0.707244 	 6511.686838 	 136 
4 	 3 	 0 	 20 	 0.707289 	 18510.125032 	 154 
4 	 3 	 0 	 21 	 0.676441 	 3888.050122 	 156 
4 	 3 	 0 	 22 	 0.733842 	 13676.956914 	 145 
4 	 3 	 0 	 23 	 0.718663 	 4068.903854 	 126 
4 	 3 	 0 	 24 	 0.703338 	 9712.596689 	 149 
4 	 3 	 0 	 25 	 0.718443 	 14102.919551 	 161 
4 	 3 	 0 	 26 	 0.698954 	 12435.750294 	 162 
4 	 3 	 0 	 27 	 0.709773 	 7290.986867 	 174 
4 	 3 	 0 	 28 	 0.712751 	 7573.507265 	 164 
4 	 3 	 0 	 29 	 0.676903 	 1184.720517 	 161 
4 	 3 	 0 	 30 	 0.710794 	 8447.995314 	 178 
4 	 3 	 0 	 31 	 0.703243 	 10206.535617 	 158 
4 	 3 	 1 	 0 	 0.730878 	 5472.068794 	 181 
4 	 3 	 1 	 1 	 0.721251 	 10459.834600 	 199 
4 	 3 	 1 	 2 	 0.715094 	 17305.059121 	 191 
4 	 3 	 1 	 3 	 0.745851 	 1151.031022 	 186 
4 	 3 	 1 	 4 	 -1494.524215 	 604951.117123 	 193 
4 	 3 	 1 	 5 	 0.722646 	 16704.800817 	 226 
4 	 3 	 1 	 6 	 0.702399 	 10237.080934 	 182 
4 	 3 	 1 	 7 	 0.727414 	 8938.381381 	 193 
4 	 3 	 1 	 8 	 0.819242 	 1153.189493 	 184 
4 	 3 	 1 	 9 	 0.689645 	 6745.986713 	 185 
4 	 3 	 1 	 10 	 0.713328 	 6294.921407 	 194 
4 	 3 	 1 	 11 	 0.718687 	 13749.538713 	 200 
4 	 3 	 1 	 12 	 0.704909 	 11241.901550 	 211 
4 	 3 	 1 	 13 	 0.718233 	 33602.516987 	 179 
4 	 3 	 1 	 14 	 0.706809 	 10569.509893 	 173 
4 	 3 	 1 	 15 	 0.710042 	 10936.926603 	 192 
4 	 3 	 1 	 16 	 0.726161 	 12839.104890 	 198 
4 	 3 	 1 	 17 	 0.714964 	 15131.213426 	 198 
4 	 3 	 1 	 18 	 0.706341 	 4914.198514 	 180 
4 	 3 	 1 	 19 	 0.670859 	 967.526057 	 190 
4 	 3 	 1 	 20 	 0.692147 	 11795.433537 	 183 
4 	 3 	 1 	 21 	 0.726775 	 65551.971515 	 167 
4 	 3 	 1 	 22 	 0.715312 	 7975.177321 	 168 
4 	 3 	 1 	 23 	 0.708744 	 5687.556606 	 172 
4 	 3 	 1 	 24 	 0.713946 	 6582.786741 	 176 
4 	 3 	 1 	 25 	 0.702589 	 1338.713094 	 187 
4 	 3 	 1 	 26 	 0.703917 	 18512.513594 	 175 
4 	 3 	 1 	 27 	 0.711624 	 6833.742445 	 192 
4 	 3 	 1 	 28 	 0.705533 	 24362.533890 	 195 
4 	 3 	 1 	 29 	 0.000000 	 1000.000000 	 0 
4 	 3 	 1 	 30 	 0.718002 	 8589.739624 	 200 
4 	 3 	 1 	 31 	 0.717157 	 7246.457534 	 199 
4 	 3 	 2 	 0 	 0.751535 	 38033.982893 	 202 
4 	 3 	 2 	 1 	 0.720108 	 8109.774668 	 220 
4 	 3 	 2 	 2 	 0.718932 	 49997.383386 	 221 
4 	 3 	 2 	 3 	 0.732430 	 13279.303436 	 207 
4 	 3 	 2 	 4 	 0.724395 	 12171.786561 	 196 
4 	 3 	 2 	 5 	 0.717211 	 35522.631481 	 188 
4 	 3 	 2 	 6 	 0.716514 	 12578.180032 	 195 
4 	 3 	 2 	 7 	 0.709959 	 18981.143062 	 198 
4 	 3 	 2 	 8 	 0.708412 	 12090.538303 	 204 
4 	 3 	 2 	 9 	 0.720027 	 49119.150631 	 187 
4 	 3 	 2 	 10 	 0.734620 	 29037.083413 	 200 
4 	 3 	 2 	 11 	 0.715890 	 24649.054045 	 210 
4 	 3 	 2 	 12 	 0.702527 	 14940.801890 	 213 
4 	 3 	 2 	 13 	 0.729324 	 19280.314017 	 218 
4 	 3 	 2 	 14 	 0.705438 	 12287.374667 	 202 
4 	 3 	 2 	 15 	 0.717098 	 16686.110438 	 181 
4 	 3 	 2 	 16 	 0.730046 	 17091.973150 	 223 
4 	 3 	 2 	 17 	 0.715861 	 20878.284349 	 215 
4 	 3 	 2 	 18 	 0.719166 	 16140.641428 	 197 
4 	 3 	 2 	 19 	 0.728121 	 11351.871002 	 190 
4 	 3 	 2 	 20 	 0.724633 	 5504.986758 	 170 
4 	 3 	 2 	 21 	 0.703009 	 9273.719664 	 191 
4 	 3 	 2 	 22 	 0.725835 	 2918.278827 	 178 
4 	 3 	 2 	 23 	 0.707508 	 6220.847674 	 184 
4 	 3 	 2 	 24 	 0.723223 	 6171.699352 	 202 
4 	 3 	 2 	 25 	 0.711869 	 5050.018364 	 173 
4 	 3 	 2 	 26 	 0.693486 	 7099.160077 	 205 
4 	 3 	 2 	 27 	 0.508154 	 1216.781895 	 193 
4 	 3 	 2 	 28 	 0.711264 	 7738.872326 	 179 
4 	 3 	 2 	 29 	 0.703484 	 7320.000405 	 189 
4 	 3 	 2 	 30 	 0.705165 	 14625.104213 	 218 
4 	 3 	 2 	 31 	 0.712281 	 8843.292252 	 207 
4 	 3 	 3 	 0 	 0.724515 	 15474.430659 	 226 
4 	 3 	 3 	 1 	 0.722555 	 20940.929944 	 230 
4 	 3 	 3 	 2 	 0.749525 	 68621.606613 	 207 
4 	 3 	 3 	 3 	 0.704634 	 7115.331889 	 225 
4 	 3 	 3 	 4 	 0.707878 	 12691.109417 	 213 
4 	 3 	 3 	 5 	 0.715077 	 9305.391868 	 197 
4 	 3 	 3 	 6 	 0.710362 	 8622.810989 	 200 
4 	 3 	 3 	 7 	 0.728207 	 14243.343116 	 183 
4 	 3 	 3 	 8 	 0.711223 	 10526.253645 	 195 
4 	 3 	 3 	 9 	 0.716759 	 24913.328831 	 212 
4 	 3 	 3 	 10 	 0.704333 	 9561.619077 	 203 
4 	 3 	 3 	 11 	 0.713976 	 9039.641850 	 166 
4 	 3 	 3 	 12 	 0.706369 	 10863.162348 	 209 
4 	 3 	 3 	 13 	 0.730184 	 12657.823408 	 230 
4 	 3 	 3 	 14 	 0.720424 	 10058.131414 	 191 
4 	 3 	 3 	 15 	 0.719630 	 8462.070829 	 176 
4 	 3 	 3 	 16 	 0.713675 	 16244.317657 	 186 
4 	 3 	 3 	 17 	 0.694089 	 8862.075128 	 177 
4 	 3 	 3 	 18 	 0.700750 	 7588.065009 	 184 
4 	 3 	 3 	 19 	 0.711156 	 8940.867555 	 194 
4 	 3 	 3 	 20 	 0.725818 	 10772.641738 	 170 
4 	 3 	 3 	 21 	 0.633706 	 1107.286015 	 204 
4 	 3 	 3 	 22 	 0.679172 	 938.916427 	 187 
4 	 3 	 3 	 23 	 0.706714 	 17926.115072 	 196 
4 	 3 	 3 	 24 	 0.742829 	 61951.753696 	 182 
4 	 3 	 3 	 25 	 0.725363 	 10348.853954 	 171 
4 	 3 	 3 	 26 	 0.728736 	 46856.577769 	 204 
4 	 3 	 3 	 27 	 0.720861 	 14613.708155 	 190 
4 	 3 	 3 	 28 	 0.000000 	 1000.000000 	 0 
4 	 3 	 3 	 29 	 0.715701 	 8087.403255 	 177 
4 	 3 	 3 	 30 	 0.721022 	 12626.948693 	 187 
4 	 3 	 3 	 31 	 0.714647 	 8807.213505 	 196 
4 	 3 	 4 	 0 	 0.547922 	 1166.649111 	 209 
4 	 3 	 4 	 1 	 0.594415 	 1038.487065 	 155 
4 	 3 	 4 	 2 	 0.724301 	 8860.626927 	 181 
4 	 3 	 4 	 3 	 0.734591 	 20771.965534 	 170 
4 	 3 	 4 	 4 	 0.353914 	 1255.890620 	 206 
4 	 3 	 4 	 5 	 0.709535 	 13857.811024 	 185 
4 	 3 	 4 	 6 	 0.744951 	 50621.214929 	 184 
4 	 3 	 4 	 7 	 0.727305 	 10830.125872 	 202 
4 	 3 	 4 	 8 	 0.708246 	 9191.221046 	 181 
4 	 3 	 4 	 9 	 0.714960 	 9493.711050 	 217 
4 	 3 	 4 	 10 	 0.708942 	 8439.064566 	 188 
4 	 3 	 4 	 11 	 0.715697 	 14379.870397 	 199 
4 	 3 	 4 	 12 	 0.717163 	 72655.499827 	 201 
4 	 3 	 4 	 13 	 0.696033 	 16960.753544 	 219 
4 	 3 	 4 	 14 	 0.719839 	 13325.237204 	 193 
4 	 3 	 4 	 15 	 0.000000 	 1000.000000 	 0 
4 	 3 	 4 	 16 	 0.726879 	 11028.720366 	 186 
4 	 3 	 4 	 17 	 0.641324 	 1112.016658 	 188 
4 	 3 	 4 	 18 	 0.706127 	 6966.510376 	 197 
4 	 3 	 4 	 19 	 0.720844 	 16710.063159 	 189 
4 	 3 	 4 	 20 	 0.693388 	 8445.387650 	 177 
4 	 3 	 4 	 21 	 0.728171 	 5765.096788 	 205 
4 	 3 	 4 	 22 	 0.711886 	 3759.861473 	 161 
4 	 3 	 4 	 23 	 0.724512 	 8849.471821 	 189 
4 	 3 	 4 	 24 	 0.716913 	 8050.717577 	 176 
4 	 3 	 4 	 25 	 0.687790 	 1189.532619 	 178 
4 	 3 	 4 	 26 	 0.728328 	 10495.232929 	 178 
4 	 3 	 4 	 27 	 0.695727 	 15729.382757 	 177 
4 	 3 	 4 	 28 	 0.703251 	 33961.370758 	 187 
4 	 3 	 4 	 29 	 0.738344 	 32588.953114 	 189 
4 	 3 	 4 	 30 	 0.707473 	 17533.829084 	 163 
4 	 3 	 4 	 31 	 0.693521 	 6283.969568 	 155 
4 	 3 	 5 	 0 	 0.722824 	 4404.514022 	 125 
4 	 3 	 5 	 1 	 0.696089 	 7713.444230 	 143 
4 	 3 	 5 	 2 	 0.709392 	 4011.377229 	 148 
4 	 3 	 5 	 3 	 0.713939 	 5863.969789 	 149 
4 	 3 	 5 	 4 	 0.713369 	 8953.661007 	 160 
4 	 3 	 5 	 5 	 0.731078 	 18081.707223 	 158 
4 	 3 	 5 	 6 	 0.716171 	 7062.232480 	 141 
4 	 3 	 5 	 7 	 0.706808 	 9091.675816 	 161 
4 	 3 	 5 	 8 	 0.722792 	 14242.211978 	 170 
4 	 3 	 5 	 9 	 0.715223 	 4944.575906 	 142 
4 	 3 	 5 	 10 	 0.717409 	 4768.415979 	 154 
4 	 3 	 5 	 11 	 0.701705 	 1008.353860 	 150 
4 	 3 	 5 	 12 	 0.000000 	 1000.000000 	 0 
4 	 3 	 5 	 13 	 0.709266 	 10176.132251 	 179 
4 	 3 	 5 	 14 	 0.723198 	 1042.275127 	 170 
4 	 3 	 5 	 15 	 0.723852 	 9400.657478 	 179 
4 	 3 	 5 	 16 	 0.707579 	 7995.298294 	 171 
4 	 3 	 5 	 17 	 0.727949 	 16086.002522 	 146 
4 	 3 	 5 	 18 	 0.717528 	 5433.504996 	 176 
4 	 3 	 5 	 19 	 0.683417 	 11250.973902 	 189 
4 	 3 	 5 	 20 	 0.681470 	 6887.548408 	 151 
4 	 3 	 5 	 21 	 0.721494 	 7960.262710 	 149 
4 	 3 	 5 	 22 	 0.555643 	 940.438342 	 157 
4 	 3 	 5 	 23 	 0.000000 	 1000.000000 	 0 
4 	 3 	 5 	 24 	 0.709333 	 6103.179024 	 128 
4 	 3 	 5 	 25 	 0.735075 	 7201.020311 	 151 
4 	 3 	 5 	 26 	 0.699631 	 5659.200661 	 135 
4 	 3 	 5 	 27 	 0.736420 	 13450.322674 	 135 
4 	 3 	 5 	 28 	 0.557658 	 968.827885 	 147 
4 	 3 	 5 	 29 	 0.724788 	 7258.637325 	 131 
4 	 3 	 5 	 30 	 0.713777 	 4203.152976 	 121 
4 	 3 	 5 	 31 	 0.736003 	 6187.143819 	 156 
4 	 4 	 0 	 0 	 0.736948 	 15680.549762 	 170 
4 	 4 	 0 	 1 	 0.700823 	 13535.345191 	 191 
4 	 4 	 0 	 2 	 0.687907 	 1430.050355 	 171 
4 	 4 	 0 	 3 	 0.703949 	 11425.576410 	 185 
4 	 4 	 0 	 4 	 0.718747 	 7225.701932 	 200 
4 	 4 	 0 	 5 	 0.724367 	 17026.741713 	 194 
4 	 4 	 0 	 6 	 0.702702 	 9374.405607 	 193 
4 	 4 	 0 	 7 	 0.714662 	 15490.899865 	 185 
4 	 4 	 0 	 8 	 0.720283 	 7179.827534 	 170 
4 	 4 	 0 	 9 	 0.696811 	 9514.980234 	 166 
4 	 4 	 0 	 10 	 0.711681 	 15844.341695 	 159 
4 	 4 	 0 	 11 	 0.728241 	 24217.345342 	 148 
4 	 4 	 0 	 12 	 0.727963 	 10936.432465 	 184 
4 	 4 	 0 	 13 	 0.710656 	 13229.428749 	 149 
4 	 4 	 0 	 14 	 0.788587 	 909.719056 	 171 
4 	 4 	 0 	 15 	 0.710347 	 5446.124445 	 155 
4 	 4 	 0 	 16 	 0.711010 	 7054.935223 	 168 
4 	 4 	 0 	 17 	 0.728743 	 24680.275973 	 157 
4 	 4 	 0 	 18 	 0.710915 	 5377.423769 	 171 
4 	 4 	 0 	 19 	 0.721255 	 7121.520553 	 169 
4 	 4 	 0 	 20 	 0.678800 	 7776.236525 	 166 
4 	 4 	 0 	 21 	 0.711266 	 8068.667581 	 182 
4 	 4 	 0 	 22 	 0.698482 	 30347.994119 	 153 
4 	 4 	 0 	 23 	 0.711368 	 8263.901514 	 147 
4 	 4 	 0 	 24 	 0.731157 	 8029.575365 	 201 
4 	 4 	 0 	 25 	 0.705623 	 19288.446573 	 200 
4 	 4 	 0 	 26 	 0.713217 	 10451.096594 	 201 
4 	 4 	 0 	 27 	 0.711673 	 6632.505377 	 166 
4 	 4 	 0 	 28 	 0.715142 	 10598.138887 	 183 
4 	 4 	 0 	 29 	 0.716542 	 12935.019323 	 204 
4 	 4 	 0 	 30 	 0.714185 	 6443.379829 	 193 
4 	 4 	 0 	 31 	 0.734588 	 11233.788563 	 187 
4 	 4 	 1 	 0 	 0.710371 	 15168.927891 	 200 
4 	 4 	 1 	 1 	 0.714727 	 13878.023658 	 224 
4 	 4 	 1 	 2 	 0.715454 	 13036.105563 	 209 
4 	 4 	 1 	 3 	 0.722438 	 21991.962436 	 202 
4 	 4 	 1 	 4 	 0.719346 	 14883.449185 	 226 
4 	 4 	 1 	 5 	 0.710476 	 12592.129950 	 219 
4 	 4 	 1 	 6 	 0.709526 	 20141.646255 	 205 
4 	 4 	 1 	 7 	 0.711825 	 6981.836131 	 197 
4 	 4 	 1 	 8 	 0.710236 	 10778.606117 	 208 
4 	 4 	 1 	 9 	 0.663495 	 1120.876945 	 206 
4 	 4 	 1 	 10 	 0.722333 	 17984.138951 	 183 
4 	 4 	 1 	 11 	 0.710840 	 9249.647431 	 214 
4 	 4 	 1 	 12 	 0.699715 	 15441.259970 	 192 
4 	 4 	 1 	 13 	 0.000000 	 1000.000000 	 0 
4 	 4 	 1 	 14 	 0.728214 	 8983.735982 	 183 
4 	 4 	 1 	 15 	 0.711738 	 13792.872813 	 195 
4 	 4 	 1 	 16 	 0.748556 	 950.678631 	 213 
4 	 4 	 1 	 17 	 0.707596 	 15211.643369 	 216 
4 	 4 	 1 	 18 	 0.725251 	 27433.834114 	 203 
4 	 4 	 1 	 19 	 0.696963 	 1358.931433 	 211 
4 	 4 	 1 	 20 	 0.734334 	 5036.773289 	 191 
4 	 4 	 1 	 21 	 0.711558 	 19790.984064 	 202 
4 	 4 	 1 	 22 	 0.666698 	 906.196234 	 184 
4 	 4 	 1 	 23 	 0.716912 	 31294.594317 	 149 
4 	 4 	 1 	 24 	 0.719598 	 8977.805055 	 238 
4 	 4 	 1 	 25 	 0.711037 	 14871.839574 	 230 
4 	 4 	 1 	 26 	 0.709876 	 9426.837780 	 197 
4 	 4 	 1 	 27 	 0.623027 	 1087.254474 	 211 
4 	 4 	 1 	 28 	 0.700517 	 7060.874043 	 214 
4 	 4 	 1 	 29 	 0.700227 	 10146.930547 	 210 
4 	 4 	 1 	 30 	 0.700186 	 12429.626201 	 242 
4 	 4 	 1 	 31 	 0.707323 	 8647.343060 	 179 
4 	 4 	 2 	 0 	 0.708699 	 15639.723387 	 230 
4 	 4 	 2 	 1 	 0.728027 	 13296.399355 	 212 
4 	 4 	 2 	 2 	 0.713369 	 15863.400549 	 219 
4 	 4 	 2 	 3 	 0.714421 	 15479.017704 	 221 
4 	 4 	 2 	 4 	 0.708599 	 13741.349816 	 222 
4 	 4 	 2 	 5 	 0.716026 	 11146.650029 	 207 
4 	 4 	 2 	 6 	 0.713692 	 14558.496200 	 217 
4 	 4 	 2 	 7 	 0.000000 	 1000.000000 	 0 
4 	 4 	 2 	 8 	 0.723386 	 10350.403594 	 235 
4 	 4 	 2 	 9 	 0.716469 	 18441.709751 	 213 
4 	 4 	 2 	 10 	 0.709151 	 12499.250035 	 190 
4 	 4 	 2 	 11 	 0.709098 	 13273.462150 	 236 
4 	 4 	 2 	 12 	 0.719289 	 16802.037432 	 212 
4 	 4 	 2 	 13 	 0.716298 	 9180.361784 	 221 
4 	 4 	 2 	 14 	 0.706343 	 12591.322955 	 220 
4 	 4 	 2 	 15 	 0.710673 	 7913.515775 	 205 
4 	 4 	 2 	 16 	 0.735567 	 11805.167140 	 184 
4 	 4 	 2 	 17 	 0.691167 	 8407.049093 	 219 
4 	 4 	 2 	 18 	 0.721260 	 23538.502883 	 216 
4 	 4 	 2 	 19 	 0.725982 	 13865.702173 	 205 
4 	 4 	 2 	 20 	 0.694307 	 1367.370978 	 196 
4 	 4 	 2 	 21 	 0.702514 	 8673.825837 	 208 
4 	 4 	 2 	 22 	 0.711927 	 8037.896114 	 216 
4 	 4 	 2 	 23 	 0.728900 	 12016.758622 	 223 
4 	 4 	 2 	 24 	 0.711789 	 14250.391675 	 224 
4 	 4 	 2 	 25 	 0.716329 	 10231.426326 	 214 
4 	 4 	 2 	 26 	 0.713114 	 17105.907137 	 208 
4 	 4 	 2 	 27 	 0.703623 	 15699.412783 	 199 
4 	 4 	 2 	 28 	 0.721454 	 19818.176297 	 217 
4 	 4 	 2 	 29 	 0.720052 	 19633.053401 	 216 
4 	 4 	 2 	 30 	 0.728237 	 8740.844770 	 231 
4 	 4 	 2 	 31 	 0.710104 	 14016.656478 	 242 
4 	 4 	 3 	 0 	 0.733359 	 8272.682675 	 200 
4 	 4 	 3 	 1 	 0.719342 	 9794.200001 	 197 
4 	 4 	 3 	 2 	 0.732926 	 8874.860155 	 183 
4 	 4 	 3 	 3 	 0.730627 	 10536.467363 	 233 
4 	 4 	 3 	 4 	 0.713205 	 7554.349190 	 217 
4 	 4 	 3 	 5 	 0.717573 	 14603.969418 	 214 
4 	 4 	 3 	 6 	 0.715772 	 9752.357297 	 215 
4 	 4 	 3 	 7 	 0.734318 	 30037.681022 	 226 
4 	 4 	 3 	 8 	 0.722206 	 20812.045711 	 228 
4 	 4 	 3 	 9 	 0.717430 	 12168.457469 	 222 
4 	 4 	 3 	 10 	 0.700459 	 10189.911849 	 204 
4 	 4 	 3 	 11 	 0.702788 	 16374.422131 	 219 
4 	 4 	 3 	 12 	 0.706691 	 10138.074337 	 206 
4 	 4 	 3 	 13 	 0.712085 	 10678.341267 	 240 
4 	 4 	 3 	 14 	 0.079385 	 1224.831073 	 216 
4 	 4 	 3 	 15 	 0.000000 	 1000.000000 	 0 
4 	 4 	 3 	 16 	 0.704582 	 11149.922859 	 217 
4 	 4 	 3 	 17 	 0.708680 	 10252.392237 	 220 
4 	 4 	 3 	 18 	 0.706688 	 20890.250476 	 172 
4 	 4 	 3 	 19 	 0.679422 	 1113.007111 	 197 
4 	 4 	 3 	 20 	 0.706299 	 9720.024822 	 177 
4 	 4 	 3 	 21 	 0.724871 	 31746.634985 	 201 
4 	 4 	 3 	 22 	 0.728715 	 11861.995846 	 201 
4 	 4 	 3 	 23 	 0.702979 	 10730.062908 	 198 
4 	 4 	 3 	 24 	 0.722357 	 39770.318641 	 209 
4 	 4 	 3 	 25 	 0.726575 	 17440.504418 	 227 
4 	 4 	 3 	 26 	 0.690499 	 9034.191192 	 188 
4 	 4 	 3 	 27 	 0.712666 	 7450.483166 	 204 
4 	 4 	 3 	 28 	 0.000000 	 1000.000000 	 0 
4 	 4 	 3 	 29 	 0.703233 	 12545.555849 	 222 
4 	 4 	 3 	 30 	 0.709399 	 4776.389600 	 200 
4 	 4 	 3 	 31 	 0.710927 	 10541.064042 	 207 
4 	 4 	 4 	 0 	 0.718255 	 11716.878382 	 214 
4 	 4 	 4 	 1 	 0.723032 	 20151.844357 	 197 
4 	 4 	 4 	 2 	 0.724791 	 18629.522482 	 197 
4 	 4 	 4 	 3 	 0.713801 	 13684.887370 	 220 
4 	 4 	 4 	 4 	 0.712818 	 14789.725580 	 211 
4 	 4 	 4 	 5 	 0.702356 	 1182.174467 	 174 
4 	 4 	 4 	 6 	 0.000000 	 1000.000000 	 0 
4 	 4 	 4 	 7 	 0.719780 	 11541.119310 	 171 
4 	 4 	 4 	 8 	 0.000000 	 1000.000000 	 0 
4 	 4 	 4 	 9 	 0.756568 	 1091.110141 	 202 
4 	 4 	 4 	 10 	 0.717736 	 10525.678720 	 216 
4 	 4 	 4 	 11 	 0.715042 	 30284.109661 	 223 
4 	 4 	 4 	 12 	 0.714407 	 10612.687571 	 223 
4 	 4 	 4 	 13 	 0.800199 	 888.878639 	 227 
4 	 4 	 4 	 14 	 0.707857 	 11692.544295 	 191 
4 	 4 	 4 	 15 	 0.000000 	 1000.000000 	 0 
4 	 4 	 4 	 16 	 0.717243 	 11732.344588 	 202 
4 	 4 	 4 	 17 	 0.718602 	 14371.211002 	 231 
4 	 4 	 4 	 18 	 0.697567 	 10975.378217 	 212 
4 	 4 	 4 	 19 	 0.000000 	 1000.000000 	 0 
4 	 4 	 4 	 20 	 0.000000 	 1000.000000 	 0 
4 	 4 	 4 	 21 	 0.712954 	 7075.737132 	 204 
4 	 4 	 4 	 22 	 0.000000 	 1000.000000 	 0 
4 	 4 	 4 	 23 	 0.000000 	 1000.000000 	 0 
4 	 4 	 4 	 24 	 0.712741 	 6159.639095 	 204 
4 	 4 	 4 	 25 	 0.716297 	 34397.697035 	 183 
4 	 4 	 4 	 26 	 0.000000 	 1000.000000 	 0 
4 	 4 	 4 	 27 	 0.714944 	 10662.021216 	 190 
4 	 4 	 4 	 28 	 0.711970 	 10923.194541 	 207 
4 	 4 	 4 	 29 	 0.732222 	 10779.149722 	 190 
4 	 4 	 4 	 30 	 0.710186 	 23025.544136 	 211 
4 	 4 	 4 	 31 	 0.701333 	 10565.176199 	 192 
4 	 4 	 5 	 0 	 0.698532 	 7120.132489 	 158 
4 	 4 	 5 	 1 	 0.708657 	 9005.290665 	 155 
4 	 4 	 5 	 2 	 0.712201 	 8758.394542 	 156 
4 	 4 	 5 	 3 	 0.694210 	 3189.752671 	 138 
4 	 4 	 5 	 4 	 0.709351 	 8853.619633 	 147 
4 	 4 	 5 	 5 	 0.719268 	 7605.343512 	 139 
4 	 4 	 5 	 6 	 0.708532 	 10618.319620 	 153 
4 	 4 	 5 	 7 	 0.698490 	 12850.858692 	 177 
4 	 4 	 5 	 8 	 0.740402 	 20978.307147 	 180 
4 	 4 	 5 	 9 	 0.563229 	 1105.124310 	 185 
4 	 4 	 5 	 10 	 0.705880 	 15447.351677 	 192 
4 	 4 	 5 	 11 	 0.722363 	 13211.175565 	 185 
4 	 4 	 5 	 12 	 0.686942 	 1291.912924 	 193 
4 	 4 	 5 	 13 	 0.722166 	 21367.357363 	 190 
4 	 4 	 5 	 14 	 0.707764 	 12100.809996 	 166 
4 	 4 	 5 	 15 	 0.694950 	 10825.652343 	 209 
4 	 4 	 5 	 16 	 0.713877 	 6157.328677 	 171 
4 	 4 	 5 	 17 	 0.706206 	 8385.791407 	 181 
4 	 4 	 5 	 18 	 0.712883 	 7328.566219 	 157 
4 	 4 	 5 	 19 	 0.703312 	 8484.722676 	 184 
4 	 4 	 5 	 20 	 0.711239 	 13076.672547 	 188 
4 	 4 	 5 	 21 	 0.740681 	 21513.355914 	 194 
4 	 4 	 5 	 22 	 0.697172 	 18117.112639 	 179 
4 	 4 	 5 	 23 	 0.712273 	 10150.429318 	 190 
4 	 4 	 5 	 24 	 0.675748 	 1074.166987 	 176 
4 	 4 	 5 	 25 	 0.712069 	 15944.122212 	 152 
4 	 4 	 5 	 26 	 0.712293 	 7028.677474 	 160 
4 	 4 	 5 	 27 	 0.707822 	 11273.141588 	 169 
4 	 4 	 5 	 28 	 0.698376 	 5892.884538 	 152 
4 	 4 	 5 	 29 	 0.699937 	 4539.997516 	 162 
4 	 4 	 5 	 30 	 0.714316 	 4686.491897 	 142 
4 	 4 	 5 	 31 	 0.725226 	 6648.359849 	 148 
4 	 5 	 0 	 0 	 0.000000 	 1000.000000 	 0 
4 	 5 	 0 	 1 	 0.000000 	 1000.000000 	 0 
4 	 5 	 0 	 2 	 0.000000 	 1000.000000 	 0 
4 	 5 	 0 	 3 	 0.000000 	 1000.000000 	 0 
4 	 5 	 0 	 4 	 0.000000 	 1000.000000 	 0 
4 	 5 	 0 	 5 	 0.000000 	 1000.000000 	 0 
4 	 5 	 0 	 6 	 0.000000 	 1000.000000 	 0 
4 	 5 	 0 	 7 	 0.000000 	 1000.000000 	 0 
4 	 5 	 0 	 8 	 0.000000 	 1000.000000 	 0 
4 	 5 	 0 	 9 	 0.000000 	 1000.000000 	 0 
4 	 5 	 0 	 10 	 0.000000 	 1000.000000 	 0 
4 	 5 	 0 	 11 	 0.000000 	 1000.000000 	 0 
4 	 5 	 0 	 12 	 0.000000 	 1000.000000 	 0 
4 	 5 	 0 	 13 	 0.000000 	 1000.000000 	 0 
4 	 5 	 0 	 14 	 0.000000 	 1000.000000 	 0 
4 	 5 	 0 	 15 	 0.000000 	 1000.000000 	 0 
4 	 5 	 0 	 16 	 0.000000 	 1000.000000 	 0 
4 	 5 	 0 	 17 	 0.000000 	 1000.000000 	 0 
4 	 5 	 0 	 18 	 0.000000 	 1000.000000 	 0 
4 	 5 	 0 	 19 	 0.000000 	 1000.000000 	 0 
4 	 5 	 0 	 20 	 0.000000 	 1000.000000 	 0 
4 	 5 	 0 	 21 	 0.000000 	 1000.000000 	 0 
4 	 5 	 0 	 22 	 0.000000 	 1000.000000 	 0 
4 	 5 	 0 	 23 	 0.000000 	 1000.000000 	 0 
4 	 5 	 0 	 24 	 0.000000 	 1000.000000 	 0 
4 	 5 	 0 	 25 	 0.000000 	 1000.000000 	 0 
4 	 5 	 0 	 26 	 0.000000 	 1000.000000 	 0 
4 	 5 	 0 	 27 	 0.000000 	 1000.000000 	 0 
4 	 5 	 0 	 28 	 0.000000 	 1000.000000 	 0 
4 	 5 	 0 	 29 	 0.000000 	 1000.000000 	 0 
4 	 5 	 0 	 30 	 0.000000 	 1000.000000 	 0 
4 	 5 	 0 	 31 	 0.000000 	 1000.000000 	 0 
4 	 5 	 1 	 0 	 0.710500 	 13734.387243 	 168 
4 	 5 	 1 	 1 	 0.710261 	 1306.351944 	 196 
4 	 5 	 1 	 2 	 0.723782 	 13996.093703 	 195 
4 	 5 	 1 	 3 	 0.719532 	 29076.295178 	 199 
4 	 5 	 1 	 4 	 0.702280 	 8360.632534 	 176 
4 	 5 	 1 	 5 	 0.717058 	 22953.032932 	 184 
4 	 5 	 1 	 6 	 0.719006 	 10087.046260 	 182 
4 	 5 	 1 	 7 	 0.710863 	 6965.726847 	 148 
4 	 5 	 1 	 8 	 0.671346 	 1132.715584 	 178 
4 	 5 	 1 	 9 	 0.711597 	 29652.097029 	 163 
4 	 5 	 1 	 10 	 0.700916 	 5854.027247 	 169 
4 	 5 	 1 	 11 	 0.731979 	 6390.446575 	 185 
4 	 5 	 1 	 12 	 0.726916 	 10061.394347 	 181 
4 	 5 	 1 	 13 	 0.713713 	 12700.373646 	 168 
4 	 5 	 1 	 14 	 0.714678 	 14052.427128 	 192 
4 	 5 	 1 	 15 	 0.706094 	 10690.304278 	 166 
4 	 5 	 1 	 16 	 0.715229 	 11671.630318 	 173 
4 	 5 	 1 	 17 	 0.709568 	 16242.191238 	 204 
4 	 5 	 1 	 18 	 0.701990 	 28282.340537 	 195 
4 	 5 	 1 	 19 	 0.725560 	 19125.856084 	 191 
4 	 5 	 1 	 20 	 0.712068 	 1092.705306 	 217 
4 	 5 	 1 	 21 	 0.677900 	 944.782173 	 197 
4 	 5 	 1 	 22 	 0.707917 	 7325.070106 	 188 
4 	 5 	 1 	 23 	 0.737205 	 9714.129207 	 220 
4 	 5 	 1 	 24 	 0.717665 	 16092.252155 	 200 
4 	 5 	 1 	 25 	 0.717416 	 11818.672979 	 182 
4 	 5 	 1 	 26 	 0.714887 	 9446.020107 	 208 
4 	 5 	 1 	 27 	 0.721095 	 19064.251411 	 219 
4 	 5 	 1 	 28 	 0.698256 	 21316.038370 	 192 
4 	 5 	 1 	 29 	 0.715876 	 15070.202325 	 199 
4 	 5 	 1 	 30 	 0.721763 	 15295.431667 	 192 
4 	 5 	 1 	 31 	 0.713559 	 11278.614459 	 207 
4 	 5 	 2 	 0 	 0.709001 	 11404.261365 	 209 
4 	 5 	 2 	 1 	 0.708344 	 9950.071502 	 202 
4 	 5 	 2 	 2 	 0.715632 	 10800.877271 	 174 
4 	 5 	 2 	 3 	 0.711085 	 19520.096340 	 177 
4 	 5 	 2 	 4 	 0.000000 	 1000.000000 	 170 
4 	 5 	 2 	 5 	 0.726565 	 15786.394823 	 162 
4 	 5 	 2 	 6 	 0.699033 	 850.970106 	 158 
4 	 5 	 2 	 7 	 0.719405 	 7298.286110 	 169 
4 	 5 	 2 	 8 	 0.000000 	 1000.000000 	 0 
4 	 5 	 2 	 9 	 0.696843 	 16518.374585 	 166 
4 	 5 	 2 	 10 	 0.714968 	 10613.922982 	 212 
4 	 5 	 2 	 11 	 0.711743 	 17104.306465 	 176 
4 	 5 	 2 	 12 	 0.723574 	 10213.748461 	 176 
4 	 5 	 2 	 13 	 0.709388 	 11356.720594 	 187 
4 	 5 	 2 	 14 	 0.726002 	 9698.989628 	 178 
4 	 5 	 2 	 15 	 0.723175 	 13620.613730 	 213 
4 	 5 	 2 	 16 	 0.735273 	 27247.734452 	 197 
4 	 5 	 2 	 17 	 0.719700 	 13273.189210 	 190 
4 	 5 	 2 	 18 	 0.723031 	 14347.216536 	 180 
4 	 5 	 2 	 19 	 0.695298 	 8680.126116 	 190 
4 	 5 	 2 	 20 	 0.716066 	 6740.747550 	 193 
4 	 5 	 2 	 21 	 0.625165 	 1142.619229 	 202 
4 	 5 	 2 	 22 	 0.720819 	 13913.888778 	 193 
4 	 5 	 2 	 23 	 0.728679 	 16326.587989 	 192 
4 	 5 	 2 	 24 	 0.719314 	 9044.144628 	 201 
4 	 5 	 2 	 25 	 0.747509 	 49234.019596 	 206 
4 	 5 	 2 	 26 	 0.716660 	 10227.956375 	 196 
4 	 5 	 2 	 27 	 0.710318 	 20513.807347 	 219 
4 	 5 	 2 	 28 	 0.707150 	 10943.337640 	 202 
4 	 5 	 2 	 29 	 0.719320 	 13470.750884 	 201 
4 	 5 	 2 	 30 	 0.000000 	 1000.000000 	 0 
4 	 5 	 2 	 31 	 0.721183 	 8219.061178 	 203 
4 	 5 	 3 	 0 	 0.700024 	 5789.170671 	 180 
4 	 5 	 3 	 1 	 0.687329 	 7739.712957 	 203 
4 	 5 	 3 	 2 	 0.727518 	 12892.721906 	 200 
4 	 5 	 3 	 3 	 0.703892 	 9937.302494 	 194 
4 	 5 	 3 	 4 	 0.714996 	 16355.325539 	 165 
4 	 5 	 3 	 5 	 0.700956 	 4019.042368 	 157 
4 	 5 	 3 	 6 	 0.705461 	 9348.689025 	 156 
4 	 5 	 3 	 7 	 0.755014 	 9989.284294 	 157 
4 	 5 	 3 	 8 	 0.729029 	 7579.817605 	 173 
4 	 5 	 3 	 9 	 0.697700 	 23761.213166 	 210 
4 	 5 	 3 	 10 	 0.703005 	 7146.797800 	 175 
4 	 5 	 3 	 11 	 0.721676 	 6934.696492 	 182 
4 	 5 	 3 	 12 	 0.717277 	 14380.862922 	 205 
4 	 5 	 3 	 13 	 0.714693 	 32607.239695 	 177 
4 	 5 	 3 	 14 	 0.707414 	 16442.341519 	 182 
4 	 5 	 3 	 15 	 0.000000 	 1000.000000 	 0 
4 	 5 	 3 	 16 	 0.728734 	 11252.855257 	 161 
4 	 5 	 3 	 17 	 0.716603 	 9396.925392 	 204 
4 	 5 	 3 	 18 	 0.720274 	 6273.341721 	 211 
4 	 5 	 3 	 19 	 0.708458 	 5563.949078 	 188 
4 	 5 	 3 	 20 	 0.652219 	 1158.573038 	 205 
4 	 5 	 3 	 21 	 0.702486 	 18170.984124 	 193 
4 	 5 	 3 	 22 	 0.000000 	 1000.000000 	 0 
4 	 5 	 3 	 23 	 0.732163 	 11329.422886 	 212 
4 	 5 	 3 	 24 	 0.000000 	 1000.000000 	 0 
4 	 5 	 3 	 25 	 0.711579 	 16366.635747 	 174 
4 	 5 	 3 	 26 	 0.833305 	 1555.478369 	 203 
4 	 5 	 3 	 27 	 0.710475 	 8629.696630 	 182 
4 	 5 	 3 	 28 	 0.706334 	 13168.993558 	 206 
4 	 5 	 3 	 29 	 0.719947 	 18758.945432 	 183 
4 	 5 	 3 	 30 	 0.716674 	 31273.648500 	 191 
4 	 5 	 3 	 31 	 0.710229 	 18339.636777 	 201 
4 	 5 	 4 	 0 	 0.720448 	 9121.532112 	 191 
4 	 5 	 4 	 1 	 0.622398 	 1125.635536 	 176 
4 	 5 	 4 	 2 	 0.711412 	 10981.625025 	 142 
4 	 5 	 4 	 3 	 0.712649 	 8695.157231 	 194 
4 	 5 	 4 	 4 	 0.713225 	 6452.146692 	 157 
4 	 5 	 4 	 5 	 0.723107 	 16297.035402 	 179 
4 	 5 	 4 	 6 	 0.718976 	 31231.377465 	 164 
4 	 5 	 4 	 7 	 0.705667 	 6487.949830 	 150 
4 	 5 	 4 	 8 	 0.728080 	 14776.489141 	 159 
4 	 5 	 4 	 9 	 0.707215 	 12545.467368 	 163 
4 	 5 	 4 	 10 	 0.000000 	 1000.000000 	 0 
4 	 5 	 4 	 11 	 0.724525 	 7045.135576 	 178 
4 	 5 	 4 	 12 	 0.692908 	 9070.663437 	 179 
4 	 5 	 4 	 13 	 0.708053 	 11329.158435 	 185 
4 	 5 	 4 	 14 	 0.667981 	 1069.331133 	 170 
4 	 5 	 4 	 15 	 0.706878 	 9952.216199 	 159 
4 	 5 	 4 	 16 	 0.724642 	 13032.561727 	 200 
4 	 5 	 4 	 17 	 0.723542 	 8419.450049 	 170 
4 	 5 	 4 	 18 	 0.734239 	 36069.629234 	 176 
4 	 5 	 4 	 19 	 0.716418 	 13957.556425 	 177 
4 	 5 	 4 	 20 	 0.714928 	 8390.682140 	 210 
4 	 5 	 4 	 21 	 0.728099 	 8189.026527 	 195 
4 	 5 	 4 	 22 	 0.708388 	 6734.821740 	 183 
4 	 5 	 4 	 23 	 0.000000 	 1000.000000 	 0 
4 	 5 	 4 	 24 	 0.733916 	 8060.769081 	 185 
4 	 5 	 4 	 25 	 0.725591 	 5575.978581 	 179 
4 	 5 	 4 	 26 	 0.729282 	 5761.397835 	 190 
4 	 5 	 4 	 27 	 0.714959 	 1009.679142 	 174 
4 	 5 	 4 	 28 	 0.705624 	 7134.999192 	 195 
4 	 5 	 4 	 29 	 0.708102 	 9083.524331 	 181 
4 	 5 	 4 	 30 	 0.718756 	 4311.657079 	 160 
4 	 5 	 4 	 31 	 0.711088 	 6090.957424 	 177 
4 	 5 	 5 	 0 	 0.710694 	 10626.358462 	 159 
4 	 5 	 5 	 1 	 0.721362 	 8029.374488 	 148 
4 	 5 	 5 	 2 	 0.712705 	 5044.950846 	 134 
4 	 5 	 5 	 3 	 0.715391 	 10320.653350 	 123 
4 	 5 	 5 	 4 	 0.670778 	 1072.203718 	 142 
4 	 5 	 5 	 5 	 0.702024 	 4800.036669 	 126 
4 	 5 	 5 	 6 	 0.719413 	 13470.115991 	 132 
4 	 5 	 5 	 7 	 0.726598 	 4914.853792 	 128 
4 	 5 	 5 	 8 	 0.737994 	 8409.451342 	 140 
4 	 5 	 5 	 9 	 0.726185 	 8456.213650 	 157 
4 	 5 	 5 	 10 	 0.701863 	 8961.649220 	 146 
4 	 5 	 5 	 11 	 0.711011 	 10220.552073 	 172 
4 	 5 	 5 	 12 	 0.704471 	 10118.534239 	 154 
4 	 5 	 5 	 13 	 0.000000 	 1000.000000 	 0 
4 	 5 	 5 	 14 	 0.000000 	 1000.000000 	 0 
4 	 5 	 5 	 15 	 0.713488 	 10815.547029 	 162 
4 	 5 	 5 	 16 	 0.712119 	 8425.491920 	 135 
4 	 5 	 5 	 17 	 0.721104 	 14956.059002 	 153 
4 	 5 	 5 	 18 	 0.714210 	 8110.645714 	 167 
4 	 5 	 5 	 19 	 0.700503 	 6649.073715 	 139 
4 	 5 	 5 	 20 	 0.703091 	 11355.445516 	 164 
4 	 5 	 5 	 21 	 0.722209 	 5837.755377 	 187 
4 	 5 	 5 	 22 	 0.717081 	 5861.929209 	 176 
4 	 5 	 5 	 23 	 0.712665 	 15255.335169 	 169 
4 	 5 	 5 	 24 	 0.711887 	 18797.689687 	 141 
4 	 5 	 5 	 25 	 0.712866 	 9358.665211 	 142 
4 	 5 	 5 	 26 	 0.707282 	 16117.827432 	 123 
4 	 5 	 5 	 27 	 0.683602 	 8892.815991 	 160 
4 	 5 	 5 	 28 	 0.712483 	 10841.760362 	 144 
4 	 5 	 5 	 29 	 0.694438 	 7830.348953 	 146 
4 	 5 	 5 	 30 	 0.718523 	 6694.296698 	 140 
4 	 5 	 5 	 31 	 0.726951 	 4717.398055 	 151 
5 	 0 	 0 	 0 	 0.706440 	 6137.518480 	 152 
5 	 0 	 0 	 1 	 0.669598 	 15219.832950 	 116 
5 	 0 	 0 	 2 	 0.728637 	 3966.719980 	 131 
5 	 0 	 0 	 3 	 0.740778 	 15970.331538 	 139 
5 	 0 	 0 	 4 	 0.698407 	 5722.693876 	 112 
5 	 0 	 0 	 5 	 0.705435 	 5699.061539 	 148 
5 	 0 	 0 	 6 	 0.000000 	 1000.000000 	 0 
5 	 0 	 0 	 7 	 0.000000 	 1000.000000 	 0 
5 	 0 	 0 	 8 	 0.705403 	 5138.381887 	 109 
5 	 0 	 0 	 9 	 0.711778 	 4892.498437 	 103 
5 	 0 	 0 	 10 	 0.717966 	 7018.352678 	 115 
5 	 0 	 0 	 11 	 0.674378 	 3148.260079 	 117 
5 	 0 	 0 	 12 	 0.000000 	 1000.000000 	 0 
5 	 0 	 0 	 13 	 0.704316 	 5811.240826 	 125 
5 	 0 	 0 	 14 	 0.706934 	 6432.128946 	 124 
5 	 0 	 0 	 15 	 0.703503 	 11002.024103 	 112 
5 	 0 	 0 	 16 	 0.699892 	 5245.348106 	 131 
5 	 0 	 0 	 17 	 0.771242 	 886.782070 	 110 
5 	 0 	 0 	 18 	 0.698046 	 7655.844471 	 152 
5 	 0 	 0 	 19 	 0.714050 	 12497.416031 	 129 
5 	 0 	 0 	 20 	 0.709935 	 5708.458026 	 140 
5 	 0 	 0 	 21 	 0.706900 	 7454.125120 	 138 
5 	 0 	 0 	 22 	 0.731597 	 62271.951784 	 137 
5 	 0 	 0 	 23 	 0.711168 	 9523.574947 	 136 
5 	 0 	 0 	 24 	 0.732066 	 27655.817638 	 150 
5 	 0 	 0 	 25 	 0.716554 	 5642.697108 	 127 
5 	 0 	 0 	 26 	 0.702139 	 4793.792102 	 147 
5 	 0 	 0 	 27 	 0.000000 	 1000.000000 	 0 
5 	 0 	 0 	 28 	 0.699656 	 4731.433884 	 156 
5 	 0 	 0 	 29 	 0.710546 	 37539.973517 	 144 
5 	 0 	 0 	 30 	 0.724197 	 5217.246028 	 157 
5 	 0 	 0 	 31 	 0.000000 	 1000.000000 	 0 
5 	 0 	 1 	 0 	 0.000000 	 1000.000000 	 0 
5 	 0 	 1 	 1 	 0.000000 	 1000.000000 	 0 
5 	 0 	 1 	 2 	 0.000000 	 1000.000000 	 0 
5 	 0 	 1 	 3 	 0.000000 	 1000.000000 	 0 
5 	 0 	 1 	 4 	 0.000000 	 1000.000000 	 0 
5 	 0 	 1 	 5 	 0.000000 	 1000.000000 	 0 
5 	 0 	 1 	 6 	 0.000000 	 1000.000000 	 0 
5 	 0 	 1 	 7 	 0.000000 	 1000.000000 	 0 
5 	 0 	 1 	 8 	 0.000000 	 1000.000000 	 0 
5 	 0 	 1 	 9 	 0.000000 	 1000.000000 	 0 
5 	 0 	 1 	 10 	 0.000000 	 1000.000000 	 0 
5 	 0 	 1 	 11 	 0.000000 	 1000.000000 	 0 
5 	 0 	 1 	 12 	 0.000000 	 1000.000000 	 0 
5 	 0 	 1 	 13 	 0.000000 	 1000.000000 	 0 
5 	 0 	 1 	 14 	 0.000000 	 1000.000000 	 0 
5 	 0 	 1 	 15 	 0.000000 	 1000.000000 	 0 
5 	 0 	 1 	 16 	 0.000000 	 1000.000000 	 0 
5 	 0 	 1 	 17 	 0.000000 	 1000.000000 	 0 
5 	 0 	 1 	 18 	 0.000000 	 1000.000000 	 0 
5 	 0 	 1 	 19 	 0.000000 	 1000.000000 	 0 
5 	 0 	 1 	 20 	 0.000000 	 1000.000000 	 0 
5 	 0 	 1 	 21 	 0.000000 	 1000.000000 	 0 
5 	 0 	 1 	 22 	 0.000000 	 1000.000000 	 0 
5 	 0 	 1 	 23 	 0.000000 	 1000.000000 	 0 
5 	 0 	 1 	 24 	 0.000000 	 1000.000000 	 0 
5 	 0 	 1 	 25 	 0.000000 	 1000.000000 	 0 
5 	 0 	 1 	 26 	 0.000000 	 1000.000000 	 0 
5 	 0 	 1 	 27 	 0.000000 	 1000.000000 	 0 
5 	 0 	 1 	 28 	 0.000000 	 1000.000000 	 0 
5 	 0 	 1 	 29 	 0.000000 	 1000.000000 	 0 
5 	 0 	 1 	 30 	 0.000000 	 1000.000000 	 0 
5 	 0 	 1 	 31 	 0.000000 	 1000.000000 	 0 
5 	 0 	 2 	 0 	 0.000000 	 1000.000000 	 0 
5 	 0 	 2 	 1 	 0.000000 	 1000.000000 	 0 
5 	 0 	 2 	 2 	 0.000000 	 1000.000000 	 0 
5 	 0 	 2 	 3 	 0.000000 	 1000.000000 	 0 
5 	 0 	 2 	 4 	 0.000000 	 1000.000000 	 0 
5 	 0 	 2 	 5 	 0.000000 	 1000.000000 	 0 
5 	 0 	 2 	 6 	 0.000000 	 1000.000000 	 0 
5 	 0 	 2 	 7 	 0.000000 	 1000.000000 	 0 
5 	 0 	 2 	 8 	 0.000000 	 1000.000000 	 0 
5 	 0 	 2 	 9 	 0.000000 	 1000.000000 	 0 
5 	 0 	 2 	 10 	 0.000000 	 1000.000000 	 0 
5 	 0 	 2 	 11 	 0.000000 	 1000.000000 	 0 
5 	 0 	 2 	 12 	 0.000000 	 1000.000000 	 0 
5 	 0 	 2 	 13 	 0.000000 	 1000.000000 	 0 
5 	 0 	 2 	 14 	 0.000000 	 1000.000000 	 0 
5 	 0 	 2 	 15 	 0.000000 	 1000.000000 	 0 
5 	 0 	 2 	 16 	 0.697253 	 4678.416500 	 139 
5 	 0 	 2 	 17 	 0.713936 	 3505.398805 	 156 
5 	 0 	 2 	 18 	 0.728643 	 16284.986446 	 145 
5 	 0 	 2 	 19 	 0.617513 	 1030.229519 	 146 
5 	 0 	 2 	 20 	 0.693831 	 6284.113285 	 159 
5 	 0 	 2 	 21 	 0.708353 	 16104.907310 	 171 
5 	 0 	 2 	 22 	 0.700106 	 7287.450644 	 156 
5 	 0 	 2 	 23 	 0.727998 	 7751.492988 	 160 
5 	 0 	 2 	 24 	 0.731698 	 5978.802426 	 174 
5 	 0 	 2 	 25 	 0.000000 	 1000.000000 	 0 
5 	 0 	 2 	 26 	 0.725615 	 6826.685770 	 147 
5 	 0 	 2 	 27 	 0.713123 	 4423.313574 	 147 
5 	 0 	 2 	 28 	 0.722185 	 4516.752501 	 140 
5 	 0 	 2 	 29 	 0.699941 	 8707.058472 	 169 
5 	 0 	 2 	 30 	 0.732934 	 11996.240725 	 140 
5 	 0 	 2 	 31 	 0.768014 	 770.890893 	 141 
5 	 0 	 3 	 0 	 0.733492 	 4035.063111 	 114 
5 	 0 	 3 	 1 	 0.705833 	 3769.468888 	 98 
5 	 0 	 3 	 2 	 0.000000 	 1000.000000 	 0 
5 	 0 	 3 	 3 	 0.744369 	 4432.659477 	 118 
5 	 0 	 3 	 4 	 0.700378 	 5670.825616 	 113 
5 	 0 	 3 	 5 	 0.721924 	 5596.461348 	 97 
5 	 0 	 3 	 6 	 0.711244 	 4511.983378 	 102 
5 	 0 	 3 	 7 	 0.733212 	 4870.701419 	 92 
5 	 0 	 3 	 8 	 0.725782 	 27761.328386 	 97 
5 	 0 	 3 	 9 	 0.708002 	 18090.383509 	 115 
5 	 0 	 3 	 10 	 0.686481 	 16337.361235 	 114 
5 	 0 	 3 	 11 	 0.714311 	 6807.353032 	 121 
5 	 0 	 3 	 12 	 0.655914 	 847.094938 	 93 
5 	 0 	 3 	 13 	 0.709281 	 9351.567245 	 115 
5 	 0 	 3 	 14 	 0.710817 	 4737.537307 	 124 
5 	 0 	 3 	 15 	 0.699230 	 5620.734773 	 107 
5 	 0 	 3 	 16 	 0.714967 	 4470.476912 	 118 
5 	 0 	 3 	 17 	 0.709809 	 4040.793935 	 118 
5 	 0 	 3 	 18 	 0.711750 	 12649.446003 	 150 
5 	 0 	 3 	 19 	 0.703421 	 16626.861512 	 129 
5 	 0 	 3 	 20 	 0.719572 	 9452.612805 	 125 
5 	 0 	 3 	 21 	 0.748228 	 12711.907155 	 148 
5 	 0 	 3 	 22 	 0.000000 	 1000.000000 	 0 
5 	 0 	 3 	 23 	 0.000000 	 1000.000000 	 0 
5 	 0 	 3 	 24 	 0.713586 	 9889.539005 	 92 
5 	 0 	 3 	 25 	 0.717142 	 4814.044390 	 132 
5 	 0 	 3 	 26 	 0.000000 	 1000.000000 	 0 
5 	 0 	 3 	 27 	 0.690477 	 4783.793902 	 139 
5 	 0 	 3 	 28 	 0.000000 	 1000.000000 	 0 
5 	 0 	 3 	 29 	 0.711082 	 3972.844766 	 107 
5 	 0 	 3 	 30 	 0.692295 	 1053.831875 	 135 
5 	 0 	 3 	 31 	 0.714752 	 5554.990935 	 113 
5 	 0 	 4 	 0 	 0.741831 	 4957.077690 	 87 
5 	 0 	 4 	 1 	 0.744438 	 3699.182310 	 100 
5 	 0 	 4 	 2 	 0.708412 	 4484.376317 	 94 
5 	 0 	 4 	 3 	 0.675941 	 3823.797706 	 85 
5 	 0 	 4 	 4 	 0.672085 	 9307.518577 	 102 
5 	 0 	 4 	 5 	 0.706744 	 7012.168965 	 99 
5 	 0 	 4 	 6 	 0.694848 	 3930.552383 	 90 
5 	 0 	 4 	 7 	 0.000000 	 1000.000000 	 0 
5 	 0 	 4 	 8 	 0.722279 	 5355.740667 	 99 
5 	 0 	 4 	 9 	 0.714208 	 3842.635994 	 91 
5 	 0 	 4 	 10 	 0.730496 	 2705.570469 	 84 
5 	 0 	 4 	 11 	 0.755866 	 75941.651226 	 76 
5 	 0 	 4 	 12 	 0.713634 	 4848.800784 	 96 
5 	 0 	 4 	 13 	 0.724396 	 4107.994106 	 104 
5 	 0 	 4 	 14 	 0.720313 	 5628.533833 	 99 
5 	 0 	 4 	 15 	 0.000000 	 1000.000000 	 0 
5 	 0 	 4 	 16 	 0.680352 	 12156.912032 	 102 
5 	 0 	 4 	 17 	 0.719012 	 3783.785738 	 119 
5 	 0 	 4 	 18 	 0.706768 	 13486.420952 	 107 
5 	 0 	 4 	 19 	 0.716019 	 572.147779 	 113 
5 	 0 	 4 	 20 	 0.718763 	 3929.688587 	 117 
5 	 0 	 4 	 21 	 0.704817 	 7724.596318 	 102 
5 	 0 	 4 	 22 	 0.000000 	 1000.000000 	 0 
5 	 0 	 4 	 23 	 0.714009 	 4915.462986 	 102 
5 	 0 	 4 	 24 	 0.689572 	 9509.865992 	 104 
5 	 0 	 4 	 25 	 0.704044 	 5296.474441 	 116 
5 	 0 	 4 	 26 	 0.712992 	 9433.155992 	 104 
5 	 0 	 4 	 27 	 0.718024 	 967.694928 	 118 
5 	 0 	 4 	 28 	 0.638527 	 956.430944 	 95 
5 	 0 	 4 	 29 	 0.720099 	 834.665864 	 112 
5 	 0 	 4 	 30 	 0.717629 	 2082.804935 	 93 
5 	 0 	 4 	 31 	 0.837275 	 654.345933 	 98 
5 	 0 	 5 	 0 	 0.000000 	 1000.000000 	 0 
5 	 0 	 5 	 1 	 0.000000 	 1000.000000 	 0 
5 	 0 	 5 	 2 	 0.000000 	 1000.000000 	 0 
5 	 0 	 5 	 3 	 0.000000 	 1000.000000 	 0 
5 	 0 	 5 	 4 	 0.000000 	 1000.000000 	 0 
5 	 0 	 5 	 5 	 0.000000 	 1000.000000 	 0 
5 	 0 	 5 	 6 	 0.000000 	 1000.000000 	 0 
5 	 0 	 5 	 7 	 0.000000 	 1000.000000 	 0 
5 	 0 	 5 	 8 	 0.000000 	 1000.000000 	 0 
5 	 0 	 5 	 9 	 0.000000 	 1000.000000 	 0 
5 	 0 	 5 	 10 	 0.000000 	 1000.000000 	 0 
5 	 0 	 5 	 11 	 0.000000 	 1000.000000 	 0 
5 	 0 	 5 	 12 	 0.000000 	 1000.000000 	 0 
5 	 0 	 5 	 13 	 0.000000 	 1000.000000 	 0 
5 	 0 	 5 	 14 	 0.000000 	 1000.000000 	 0 
5 	 0 	 5 	 15 	 0.000000 	 1000.000000 	 0 
5 	 0 	 5 	 16 	 0.000000 	 1000.000000 	 0 
5 	 0 	 5 	 17 	 0.000000 	 1000.000000 	 0 
5 	 0 	 5 	 18 	 0.000000 	 1000.000000 	 0 
5 	 0 	 5 	 19 	 0.000000 	 1000.000000 	 0 
5 	 0 	 5 	 20 	 0.000000 	 1000.000000 	 0 
5 	 0 	 5 	 21 	 0.000000 	 1000.000000 	 0 
5 	 0 	 5 	 22 	 0.000000 	 1000.000000 	 0 
5 	 0 	 5 	 23 	 0.000000 	 1000.000000 	 0 
5 	 0 	 5 	 24 	 0.000000 	 1000.000000 	 0 
5 	 0 	 5 	 25 	 0.000000 	 1000.000000 	 0 
5 	 0 	 5 	 26 	 0.000000 	 1000.000000 	 0 
5 	 0 	 5 	 27 	 0.000000 	 1000.000000 	 0 
5 	 0 	 5 	 28 	 0.000000 	 1000.000000 	 0 
5 	 0 	 5 	 29 	 0.000000 	 1000.000000 	 0 
5 	 0 	 5 	 30 	 0.000000 	 1000.000000 	 0 
5 	 0 	 5 	 31 	 0.000000 	 1000.000000 	 0 
5 	 1 	 0 	 0 	 0.714948 	 5428.914618 	 146 
5 	 1 	 0 	 1 	 0.708800 	 8922.422573 	 155 
5 	 1 	 0 	 2 	 0.718309 	 4477.498276 	 143 
5 	 1 	 0 	 3 	 0.743913 	 145261.637985 	 184 
5 	 1 	 0 	 4 	 0.709645 	 7048.135321 	 175 
5 	 1 	 0 	 5 	 0.697667 	 7828.792458 	 154 
5 	 1 	 0 	 6 	 0.717454 	 9756.261864 	 171 
5 	 1 	 0 	 7 	 0.716536 	 4371.565148 	 146 
5 	 1 	 0 	 8 	 0.700342 	 6036.711959 	 145 
5 	 1 	 0 	 9 	 0.732967 	 12068.660098 	 136 
5 	 1 	 0 	 10 	 0.699220 	 5701.442280 	 145 
5 	 1 	 0 	 11 	 0.720275 	 18264.867532 	 166 
5 	 1 	 0 	 12 	 0.713919 	 10326.538044 	 127 
5 	 1 	 0 	 13 	 0.708002 	 1111.869583 	 147 
5 	 1 	 0 	 14 	 0.733836 	 13683.398407 	 164 
5 	 1 	 0 	 15 	 0.727966 	 6837.933000 	 139 
5 	 1 	 0 	 16 	 0.000000 	 1000.000000 	 0 
5 	 1 	 0 	 17 	 0.709244 	 6762.041632 	 174 
5 	 1 	 0 	 18 	 0.000000 	 1000.000000 	 0 
5 	 1 	 0 	 19 	 0.747089 	 1175.241319 	 163 
5 	 1 	 0 	 20 	 0.736533 	 7508.433951 	 154 
5 	 1 	 0 	 21 	 0.722069 	 9421.757125 	 145 
5 	 1 	 0 	 22 	 0.725201 	 13261.919188 	 150 
5 	 1 	 0 	 23 	 0.699754 	 19768.575873 	 151 
5 	 1 	 0 	 24 	 0.731161 	 14589.598401 	 165 
5 	 1 	 0 	 25 	 0.706893 	 10338.050969 	 169 
5 	 1 	 0 	 26 	 0.687169 	 20460.171266 	 188 
5 	 1 	 0 	 27 	 0.702774 	 11206.546753 	 180 
5 	 1 	 0 	 28 	 0.714406 	 9360.116917 	 179 
5 	 1 	 0 	 29 	 0.000000 	 1000.000000 	 0 
5 	 1 	 0 	 30 	 0.714168 	 6819.767330 	 166 
5 	 1 	 0 	 31 	 0.717466 	 6150.538836 	 166 
5 	 1 	 1 	 0 	 0.704616 	 16781.499909 	 194 
5 	 1 	 1 	 1 	 0.714627 	 5227.490045 	 179 
5 	 1 	 1 	 2 	 0.716630 	 10007.769244 	 176 
5 	 1 	 1 	 3 	 0.716110 	 16815.125038 	 183 
5 	 1 	 1 	 4 	 0.703758 	 11143.190196 	 178 
5 	 1 	 1 	 5 	 0.715586 	 38258.974462 	 196 
5 	 1 	 1 	 6 	 0.720539 	 5669.032134 	 173 
5 	 1 	 1 	 7 	 0.705059 	 7610.662848 	 183 
5 	 1 	 1 	 8 	 0.709910 	 1188.820679 	 185 
5 	 1 	 1 	 9 	 0.000000 	 1000.000000 	 0 
5 	 1 	 1 	 10 	 0.721142 	 7849.029897 	 145 
5 	 1 	 1 	 11 	 0.705676 	 7107.208362 	 173 
5 	 1 	 1 	 12 	 0.000000 	 1000.000000 	 0 
5 	 1 	 1 	 13 	 0.703044 	 11719.952125 	 165 
5 	 1 	 1 	 14 	 0.725315 	 6738.935120 	 170 
5 	 1 	 1 	 15 	 0.705985 	 8108.792188 	 163 
5 	 1 	 1 	 16 	 0.714657 	 5911.993139 	 167 
5 	 1 	 1 	 17 	 0.628908 	 910.103081 	 202 
5 	 1 	 1 	 18 	 0.711401 	 14075.741479 	 204 
5 	 1 	 1 	 19 	 0.702757 	 8669.635576 	 191 
5 	 1 	 1 	 20 	 0.697502 	 12615.384690 	 174 
5 	 1 	 1 	 21 	 0.703392 	 27217.748095 	 219 
5 	 1 	 1 	 22 	 0.720300 	 4861.998904 	 177 
5 	 1 	 1 	 23 	 0.654996 	 1051.722111 	 207 
5 	 1 	 1 	 24 	 0.720875 	 10001.676710 	 186 
5 	 1 	 1 	 25 	 0.706671 	 8427.552977 	 181 
5 	 1 	 1 	 26 	 0.717315 	 17882.050721 	 197 
5 	 1 	 1 	 27 	 0.712518 	 18393.519200 	 164 
5 	 1 	 1 	 28 	 0.734359 	 7838.220628 	 188 
5 	 1 	 1 	 29 	 0.714145 	 7029.995382 	 162 
5 	 1 	 1 	 30 	 0.713591 	 8603.970522 	 195 
5 	 1 	 1 	 31 	 0.714295 	 12533.977921 	 174 
5 	 1 	 2 	 0 	 0.698908 	 7230.298521 	 177 
5 	 1 	 2 	 1 	 0.722130 	 11385.876135 	 184 
5 	 1 	 2 	 2 	 0.702176 	 1010.503690 	 158 
5 	 1 	 2 	 3 	 0.704452 	 8362.266578 	 138 
5 	 1 	 2 	 4 	 0.507727 	 1043.573776 	 152 
5 	 1 	 2 	 5 	 0.721444 	 5057.659415 	 154 
5 	 1 	 2 	 6 	 0.713480 	 5778.309011 	 174 
5 	 1 	 2 	 7 	 0.710022 	 10566.496861 	 154 
5 	 1 	 2 	 8 	 0.721200 	 3648.401543 	 166 
5 	 1 	 2 	 9 	 0.701219 	 10243.259956 	 172 
5 	 1 	 2 	 10 	 0.688633 	 1116.841645 	 162 
5 	 1 	 2 	 11 	 0.000000 	 1000.000000 	 0 
5 	 1 	 2 	 12 	 0.728656 	 6820.588641 	 191 
5 	 1 	 2 	 13 	 0.000000 	 1000.000000 	 0 
5 	 1 	 2 	 14 	 0.000000 	 1000.000000 	 0 
5 	 1 	 2 	 15 	 0.000000 	 1000.000000 	 0 
5 	 1 	 2 	 16 	 0.723714 	 23702.400104 	 158 
5 	 1 	 2 	 17 	 0.722419 	 9032.265725 	 216 
5 	 1 	 2 	 18 	 0.706897 	 8385.679931 	 204 
5 	 1 	 2 	 19 	 0.646914 	 1188.198107 	 207 
5 	 1 	 2 	 20 	 0.709258 	 11075.661841 	 189 
5 	 1 	 2 	 21 	 0.720237 	 9683.967228 	 173 
5 	 1 	 2 	 22 	 0.720959 	 15053.214160 	 188 
5 	 1 	 2 	 23 	 0.736686 	 13202.214539 	 210 
5 	 1 	 2 	 24 	 0.709648 	 11659.513725 	 177 
5 	 1 	 2 	 25 	 0.713024 	 8818.240853 	 170 
5 	 1 	 2 	 26 	 0.702374 	 12076.133341 	 184 
5 	 1 	 2 	 27 	 0.701229 	 5922.783713 	 178 
5 	 1 	 2 	 28 	 0.705653 	 5752.985066 	 170 
5 	 1 	 2 	 29 	 0.704017 	 7166.302830 	 165 
5 	 1 	 2 	 30 	 0.704736 	 10801.882309 	 165 
5 	 1 	 2 	 31 	 0.715251 	 7448.550110 	 156 
5 	 1 	 3 	 0 	 0.000000 	 1000.000000 	 0 
5 	 1 	 3 	 1 	 0.703559 	 10256.720353 	 138 
5 	 1 	 3 	 2 	 0.708885 	 17784.741019 	 145 
5 	 1 	 3 	 3 	 0.707192 	 7175.462683 	 155 
5 	 1 	 3 	 4 	 0.711703 	 11736.707498 	 135 
5 	 1 	 3 	 5 	 0.706537 	 4039.861701 	 129 
5 	 1 	 3 	 6 	 0.708494 	 10950.697615 	 118 
5 	 1 	 3 	 7 	 0.697859 	 5988.244629 	 121 
5 	 1 	 3 	 8 	 0.713849 	 10959.050085 	 150 
5 	 1 	 3 	 9 	 0.735120 	 3518.615697 	 135 
5 	 1 	 3 	 10 	 0.688065 	 10727.509396 	 126 
5 	 1 	 3 	 11 	 0.702420 	 26120.750242 	 162 
5 	 1 	 3 	 12 	 0.703817 	 8283.772631 	 168 
5 	 1 	 3 	 13 	 0.709748 	 7762.631162 	 146 
5 	 1 	 3 	 14 	 0.722088 	 4764.983248 	 151 
5 	 1 	 3 	 15 	 0.727504 	 10164.846156 	 164 
5 	 1 	 3 	 16 	 0.713800 	 7243.324686 	 149 
5 	 1 	 3 	 17 	 0.000000 	 1000.000000 	 0 
5 	 1 	 3 	 18 	 0.000000 	 1000.000000 	 0 
5 	 1 	 3 	 19 	 0.732171 	 17795.510206 	 166 
5 	 1 	 3 	 20 	 0.714574 	 10926.243101 	 128 
5 	 1 	 3 	 21 	 0.688767 	 863.545598 	 150 
5 	 1 	 3 	 22 	 0.723708 	 7971.611590 	 161 
5 	 1 	 3 	 23 	 0.000000 	 1000.000000 	 0 
5 	 1 	 3 	 24 	 0.000000 	 1000.000000 	 0 
5 	 1 	 3 	 25 	 0.742798 	 24172.738819 	 149 
5 	 1 	 3 	 26 	 0.684541 	 1001.708867 	 140 
5 	 1 	 3 	 27 	 0.717668 	 11969.978322 	 153 
5 	 1 	 3 	 28 	 0.726395 	 6375.859382 	 144 
5 	 1 	 3 	 29 	 0.734498 	 12797.306248 	 142 
5 	 1 	 3 	 30 	 0.704146 	 7574.410241 	 137 
5 	 1 	 3 	 31 	 0.709761 	 14003.769224 	 177 
5 	 1 	 4 	 0 	 0.704601 	 12242.431844 	 125 
5 	 1 	 4 	 1 	 0.723607 	 15328.647823 	 116 
5 	 1 	 4 	 2 	 0.000000 	 1000.000000 	 0 
5 	 1 	 4 	 3 	 0.000000 	 1000.000000 	 0 
5 	 1 	 4 	 4 	 0.708461 	 4398.133882 	 104 
5 	 1 	 4 	 5 	 0.737256 	 6415.083403 	 90 
5 	 1 	 4 	 6 	 0.692919 	 6407.113309 	 105 
5 	 1 	 4 	 7 	 0.737147 	 5278.175348 	 109 
5 	 1 	 4 	 8 	 0.720945 	 13532.641114 	 112 
5 	 1 	 4 	 9 	 0.723221 	 20668.287183 	 112 
5 	 1 	 4 	 10 	 0.700353 	 7442.843604 	 121 
5 	 1 	 4 	 11 	 0.708232 	 7514.977915 	 127 
5 	 1 	 4 	 12 	 0.764585 	 160867.285219 	 117 
5 	 1 	 4 	 13 	 0.698755 	 5469.938520 	 127 
5 	 1 	 4 	 14 	 0.714564 	 6063.316789 	 115 
5 	 1 	 4 	 15 	 0.702600 	 5303.282704 	 114 
5 	 1 	 4 	 16 	 0.000000 	 1000.000000 	 0 
5 	 1 	 4 	 17 	 0.000000 	 1000.000000 	 0 
5 	 1 	 4 	 18 	 0.719807 	 8089.516541 	 129 
5 	 1 	 4 	 19 	 0.710112 	 5416.980623 	 136 
5 	 1 	 4 	 20 	 0.000000 	 1000.000000 	 0 
5 	 1 	 4 	 21 	 0.000000 	 1000.000000 	 0 
5 	 1 	 4 	 22 	 0.706359 	 4684.258202 	 113 
5 	 1 	 4 	 23 	 0.000000 	 1000.000000 	 0 
5 	 1 	 4 	 24 	 0.706644 	 3712.779149 	 128 
5 	 1 	 4 	 25 	 0.706061 	 31441.420740 	 136 
5 	 1 	 4 	 26 	 0.729064 	 5813.442946 	 131 
5 	 1 	 4 	 27 	 0.728284 	 8349.330853 	 138 
5 	 1 	 4 	 28 	 0.716815 	 4903.591640 	 113 
5 	 1 	 4 	 29 	 0.000000 	 1000.000000 	 0 
5 	 1 	 4 	 30 	 0.709330 	 13399.306896 	 124 
5 	 1 	 4 	 31 	 0.728883 	 4002.395754 	 99 
5 	 1 	 5 	 0 	 0.704116 	 4374.256500 	 82 
5 	 1 	 5 	 1 	 0.000000 	 1000.000000 	 0 
5 	 1 	 5 	 2 	 0.712705 	 3270.388482 	 91 
5 	 1 	 5 	 3 	 0.685801 	 3018.489761 	 87 
5 	 1 	 5 	 4 	 0.696312 	 3554.341749 	 75 
5 	 1 	 5 	 5 	 0.719014 	 3780.138815 	 81 
5 	 1 	 5 	 6 	 0.704148 	 2443.317952 	 94 
5 	 1 	 5 	 7 	 0.000000 	 1000.000000 	 0 
5 	 1 	 5 	 8 	 0.704604 	 4182.483511 	 102 
5 	 1 	 5 	 9 	 0.697862 	 8992.712849 	 102 
5 	 1 	 5 	 10 	 0.718179 	 6983.779023 	 114 
5 	 1 	 5 	 11 	 0.717165 	 12395.011228 	 110 
5 	 1 	 5 	 12 	 0.729592 	 28461.524714 	 86 
5 	 1 	 5 	 13 	 0.715621 	 4915.983112 	 105 
5 	 1 	 5 	 14 	 0.743197 	 6494.511478 	 115 
5 	 1 	 5 	 15 	 0.703596 	 6460.665234 	 126 
5 	 1 	 5 	 16 	 0.706385 	 8518.782344 	 113 
5 	 1 	 5 	 17 	 0.708096 	 10804.038356 	 111 
5 	 1 	 5 	 18 	 0.722468 	 8473.997502 	 130 
5 	 1 	 5 	 19 	 0.686520 	 5494.822464 	 109 
5 	 1 	 5 	 20 	 0.719803 	 1688.857134 	 96 
5 	 1 	 5 	 21 	 0.712873 	 6183.931566 	 112 
5 	 1 	 5 	 22 	 0.727780 	 28323.826974 	 112 
5 	 1 	 5 	 23 	 0.721542 	 9331.459043 	 123 
5 	 1 	 5 	 24 	 0.721181 	 5187.767749 	 98 
5 	 1 	 5 	 25 	 0.723291 	 2250.195116 	 95 
5 	 1 	 5 	 26 	 0.727279 	 5729.298699 	 104 
5 	 1 	 5 	 27 	 0.721316 	 2567.062685 	 86 
5 	 1 	 5 	 28 	 0.680687 	 737.472516 	 91 
5 	 1 	 5 	 29 	 0.000000 	 1000.000000 	 0 
5 	 1 	 5 	 30 	 0.713414 	 2335.691017 	 90 
5 	 1 	 5 	 31 	 0.708921 	 650.318146 	 92 
5 	 2 	 0 	 0 	 0.000000 	 1000.000000 	 0 
5 	 2 	 0 	 1 	 0.000000 	 1000.000000 	 0 
5 	 2 	 0 	 2 	 0.000000 	 1000.000000 	 0 
5 	 2 	 0 	 3 	 0.000000 	 1000.000000 	 0 
5 	 2 	 0 	 4 	 0.000000 	 1000.000000 	 0 
5 	 2 	 0 	 5 	 0.000000 	 1000.000000 	 0 
5 	 2 	 0 	 6 	 0.000000 	 1000.000000 	 0 
5 	 2 	 0 	 7 	 0.000000 	 1000.000000 	 0 
5 	 2 	 0 	 8 	 0.000000 	 1000.000000 	 0 
5 	 2 	 0 	 9 	 0.000000 	 1000.000000 	 0 
5 	 2 	 0 	 10 	 0.000000 	 1000.000000 	 0 
5 	 2 	 0 	 11 	 0.000000 	 1000.000000 	 0 
5 	 2 	 0 	 12 	 0.000000 	 1000.000000 	 0 
5 	 2 	 0 	 13 	 0.000000 	 1000.000000 	 0 
5 	 2 	 0 	 14 	 0.000000 	 1000.000000 	 0 
5 	 2 	 0 	 15 	 0.000000 	 1000.000000 	 0 
5 	 2 	 0 	 16 	 0.000000 	 1000.000000 	 0 
5 	 2 	 0 	 17 	 0.000000 	 1000.000000 	 0 
5 	 2 	 0 	 18 	 0.000000 	 1000.000000 	 0 
5 	 2 	 0 	 19 	 0.000000 	 1000.000000 	 0 
5 	 2 	 0 	 20 	 0.000000 	 1000.000000 	 0 
5 	 2 	 0 	 21 	 0.000000 	 1000.000000 	 0 
5 	 2 	 0 	 22 	 0.000000 	 1000.000000 	 0 
5 	 2 	 0 	 23 	 0.000000 	 1000.000000 	 0 
5 	 2 	 0 	 24 	 0.714299 	 1106.141240 	 164 
5 	 2 	 0 	 25 	 0.724282 	 14334.216352 	 185 
5 	 2 	 0 	 26 	 0.711788 	 15829.811467 	 172 
5 	 2 	 0 	 27 	 0.711517 	 30919.013802 	 181 
5 	 2 	 0 	 28 	 0.708369 	 13774.935420 	 183 
5 	 2 	 0 	 29 	 0.721337 	 14947.294467 	 191 
5 	 2 	 0 	 30 	 0.721783 	 13854.289512 	 190 
5 	 2 	 0 	 31 	 0.720688 	 991.562697 	 170 
5 	 2 	 1 	 0 	 0.731133 	 24175.107539 	 188 
5 	 2 	 1 	 1 	 0.000000 	 1000.000000 	 0 
5 	 2 	 1 	 2 	 0.705217 	 8133.426437 	 189 
5 	 2 	 1 	 3 	 0.724290 	 29410.244130 	 209 
5 	 2 	 1 	 4 	 0.726691 	 31020.452188 	 187 
5 	 2 	 1 	 5 	 0.678971 	 1143.383986 	 196 
5 	 2 	 1 	 6 	 0.816844 	 1147.442215 	 202 
5 	 2 	 1 	 7 	 0.714381 	 9111.029874 	 203 
5 	 2 	 1 	 8 	 0.715810 	 9526.099127 	 167 
5 	 2 	 1 	 9 	 0.744952 	 12803.843775 	 204 
5 	 2 	 1 	 10 	 0.709404 	 17585.863283 	 196 
5 	 2 	 1 	 11 	 0.724549 	 5970.963454 	 166 
5 	 2 	 1 	 12 	 0.709031 	 5590.169740 	 169 
5 	 2 	 1 	 13 	 0.713421 	 17475.821535 	 193 
5 	 2 	 1 	 14 	 0.709746 	 12026.831581 	 203 
5 	 2 	 1 	 15 	 0.725847 	 9355.603672 	 179 
5 	 2 	 1 	 16 	 0.719890 	 8948.224354 	 169 
5 	 2 	 1 	 17 	 0.706032 	 14373.944491 	 200 
5 	 2 	 1 	 18 	 0.738169 	 14469.084100 	 198 
5 	 2 	 1 	 19 	 0.736235 	 9883.374962 	 193 
5 	 2 	 1 	 20 	 0.732706 	 9930.425268 	 184 
5 	 2 	 1 	 21 	 0.708074 	 9243.942967 	 173 
5 	 2 	 1 	 22 	 0.717564 	 14959.457505 	 214 
5 	 2 	 1 	 23 	 0.714333 	 12994.338696 	 177 
5 	 2 	 1 	 24 	 0.726294 	 9429.711569 	 222 
5 	 2 	 1 	 25 	 0.725105 	 16274.262565 	 182 
5 	 2 	 1 	 26 	 0.734656 	 31116.869321 	 220 
5 	 2 	 1 	 27 	 0.677883 	 1237.702706 	 208 
5 	 2 	 1 	 28 	 0.670869 	 1025.986014 	 193 
5 	 2 	 1 	 29 	 0.721163 	 12793.742440 	 190 
5 	 2 	 1 	 30 	 0.722515 	 19938.033114 	 189 
5 	 2 	 1 	 31 	 0.726560 	 5042.540094 	 206 
5 	 2 	 2 	 0 	 0.719972 	 6758.501391 	 164 
5 	 2 	 2 	 1 	 0.720279 	 8265.635221 	 166 
5 	 2 	 2 	 2 	 0.746683 	 38763.036170 	 160 
5 	 2 	 2 	 3 	 0.727002 	 1169.683827 	 181 
5 	 2 	 2 	 4 	 0.696202 	 10997.434467 	 201 
5 	 2 	 2 	 5 	 0.728700 	 6944.603067 	 184 
5 	 2 	 2 	 6 	 0.000000 	 1000.000000 	 0 
5 	 2 	 2 	 7 	 0.736115 	 943.290316 	 174 
5 	 2 	 2 	 8 	 0.000000 	 1000.000000 	 0 
5 	 2 	 2 	 9 	 0.000000 	 1000.000000 	 0 
5 	 2 	 2 	 10 	 0.000000 	 1000.000000 	 0 
5 	 2 	 2 	 11 	 0.000000 	 1000.000000 	 0 
5 	 2 	 2 	 12 	 0.000000 	 1000.000000 	 0 
5 	 2 	 2 	 13 	 0.000000 	 1000.000000 	 0 
5 	 2 	 2 	 14 	 0.000000 	 1000.000000 	 0 
5 	 2 	 2 	 15 	 0.000000 	 1000.000000 	 0 
5 	 2 	 2 	 16 	 0.728979 	 9424.366180 	 189 
5 	 2 	 2 	 17 	 0.690679 	 1026.500032 	 193 
5 	 2 	 2 	 18 	 0.728845 	 8346.352872 	 211 
5 	 2 	 2 	 19 	 0.729558 	 45286.343560 	 217 
5 	 2 	 2 	 20 	 0.712148 	 11179.149586 	 196 
5 	 2 	 2 	 21 	 0.700539 	 23561.224552 	 196 
5 	 2 	 2 	 22 	 0.735933 	 31162.511936 	 197 
5 	 2 	 2 	 23 	 0.708151 	 18373.218797 	 204 
5 	 2 	 2 	 24 	 0.736002 	 29376.754577 	 181 
5 	 2 	 2 	 25 	 0.698275 	 6028.162009 	 176 
5 	 2 	 2 	 26 	 0.718751 	 17541.343842 	 181 
5 	 2 	 2 	 27 	 0.701384 	 7725.199232 	 186 
5 	 2 	 2 	 28 	 0.696361 	 13878.484115 	 212 
5 	 2 	 2 	 29 	 0.706197 	 7956.300737 	 171 
5 	 2 	 2 	 30 	 0.701816 	 7865.713596 	 172 
5 	 2 	 2 	 31 	 0.726016 	 24135.302125 	 178 
5 	 2 	 3 	 0 	 0.709993 	 9007.124219 	 141 
5 	 2 	 3 	 1 	 0.727156 	 9123.339856 	 149 
5 	 2 	 3 	 2 	 0.703152 	 7572.249948 	 128 
5 	 2 	 3 	 3 	 0.716950 	 7276.660831 	 143 
5 	 2 	 3 	 4 	 0.000000 	 1000.000000 	 0 
5 	 2 	 3 	 5 	 0.709413 	 11096.725566 	 150 
5 	 2 	 3 	 6 	 0.696786 	 9413.556853 	 167 
5 	 2 	 3 	 7 	 0.722242 	 6614.272871 	 143 
5 	 2 	 3 	 8 	 0.706099 	 7381.269747 	 172 
5 	 2 	 3 	 9 	 0.701238 	 10624.237481 	 143 
5 	 2 	 3 	 10 	 0.735449 	 16850.322918 	 155 
5 	 2 	 3 	 11 	 0.000000 	 1000.000000 	 0 
5 	 2 	 3 	 12 	 0.734299 	 7157.244501 	 162 
5 	 2 	 3 	 13 	 0.730514 	 9724.888141 	 164 
5 	 2 	 3 	 14 	 0.703768 	 2598.694654 	 135 
5 	 2 	 3 	 15 	 0.723928 	 4844.285618 	 151 
5 	 2 	 3 	 16 	 0.712858 	 5806.934081 	 170 
5 	 2 	 3 	 17 	 0.720885 	 26186.149475 	 157 
5 	 2 	 3 	 18 	 0.709455 	 21680.533583 	 173 
5 	 2 	 3 	 19 	 0.718055 	 9507.444547 	 177 
5 	 2 	 3 	 20 	 0.703416 	 6567.533663 	 182 
5 	 2 	 3 	 21 	 0.697927 	 7663.997024 	 181 
5 	 2 	 3 	 22 	 0.660992 	 953.961668 	 143 
5 	 2 	 3 	 23 	 0.723014 	 15031.787772 	 149 
5 	 2 	 3 	 24 	 0.719027 	 4983.149640 	 154 
5 	 2 	 3 	 25 	 0.706205 	 5428.859046 	 135 
5 	 2 	 3 	 26 	 0.706433 	 5223.268840 	 127 
5 	 2 	 3 	 27 	 0.733011 	 9798.259969 	 142 
5 	 2 	 3 	 28 	 0.733751 	 8420.367982 	 149 
5 	 2 	 3 	 29 	 0.712395 	 10936.077731 	 134 
5 	 2 	 3 	 30 	 0.700488 	 22483.981124 	 170 
5 	 2 	 3 	 31 	 0.715997 	 11209.184534 	 151 
5 	 2 	 4 	 0 	 0.722527 	 7083.672028 	 116 
5 	 2 	 4 	 1 	 0.703819 	 5543.651281 	 134 
5 	 2 	 4 	 2 	 0.726803 	 16512.500713 	 119 
5 	 2 	 4 	 3 	 0.712661 	 10054.007564 	 144 
5 	 2 	 4 	 4 	 0.000000 	 1000.000000 	 0 
5 	 2 	 4 	 5 	 0.000000 	 1000.000000 	 0 
5 	 2 	 4 	 6 	 0.704678 	 15445.387485 	 135 
5 	 2 	 4 	 7 	 0.712345 	 15851.798907 	 127 
5 	 2 	 4 	 8 	 0.698171 	 6609.571602 	 140 
5 	 2 	 4 	 9 	 0.726640 	 3873.926847 	 134 
5 	 2 	 4 	 10 	 0.723412 	 10438.904767 	 148 
5 	 2 	 4 	 11 	 0.722227 	 8669.552992 	 141 
5 	 2 	 4 	 12 	 0.000000 	 1000.000000 	 0 
5 	 2 	 4 	 13 	 0.729139 	 18062.868307 	 135 
5 	 2 	 4 	 14 	 0.719751 	 7067.003301 	 130 
5 	 2 	 4 	 15 	 0.720274 	 6429.250001 	 142 
5 	 2 	 4 	 16 	 0.000000 	 1000.000000 	 0 
5 	 2 	 4 	 17 	 0.000000 	 1000.000000 	 0 
5 	 2 	 4 	 18 	 0.675303 	 17420.213867 	 145 
5 	 2 	 4 	 19 	 0.723146 	 5081.237551 	 138 
5 	 2 	 4 	 20 	 0.729580 	 11033.495038 	 128 
5 	 2 	 4 	 21 	 0.000000 	 1000.000000 	 0 
5 	 2 	 4 	 22 	 0.690737 	 8326.296162 	 142 
5 	 2 	 4 	 23 	 0.721653 	 5569.832994 	 141 
5 	 2 	 4 	 24 	 0.000000 	 1000.000000 	 0 
5 	 2 	 4 	 25 	 0.000000 	 1000.000000 	 0 
5 	 2 	 4 	 26 	 0.000000 	 1000.000000 	 0 
5 	 2 	 4 	 27 	 0.732689 	 6881.436961 	 116 
5 	 2 	 4 	 28 	 0.706241 	 5034.006103 	 129 
5 	 2 	 4 	 29 	 0.706661 	 7931.987301 	 134 
5 	 2 	 4 	 30 	 0.724881 	 9056.406876 	 141 
5 	 2 	 4 	 31 	 0.727207 	 3939.653736 	 131 
5 	 2 	 5 	 0 	 0.696222 	 4050.926963 	 93 
5 	 2 	 5 	 1 	 0.710266 	 6152.286247 	 94 
5 	 2 	 5 	 2 	 0.714799 	 2386.109180 	 113 
5 	 2 	 5 	 3 	 0.712345 	 5182.651355 	 98 
5 	 2 	 5 	 4 	 0.741325 	 2362.995736 	 99 
5 	 2 	 5 	 5 	 0.717835 	 15121.556806 	 100 
5 	 2 	 5 	 6 	 0.733653 	 1736.875119 	 81 
5 	 2 	 5 	 7 	 0.703204 	 4293.889722 	 84 
5 	 2 	 5 	 8 	 0.000000 	 1000.000000 	 0 
5 	 2 	 5 	 9 	 0.706029 	 7947.323280 	 112 
5 	 2 	 5 	 10 	 0.719272 	 10396.156592 	 115 
5 	 2 	 5 	 11 	 0.712133 	 4626.452203 	 109 
5 	 2 	 5 	 12 	 0.708480 	 6518.393748 	 121 
5 	 2 	 5 	 13 	 0.725643 	 15816.188352 	 117 
5 	 2 	 5 	 14 	 0.689998 	 4776.517915 	 110 
5 	 2 	 5 	 15 	 0.699375 	 8644.128079 	 140 
5 	 2 	 5 	 16 	 0.000000 	 1000.000000 	 0 
5 	 2 	 5 	 17 	 0.666870 	 1040.785920 	 114 
5 	 2 	 5 	 18 	 0.721986 	 67408.628492 	 135 
5 	 2 	 5 	 19 	 0.725170 	 22116.675975 	 115 
5 	 2 	 5 	 20 	 0.710518 	 3401.734789 	 114 
5 	 2 	 5 	 21 	 0.748593 	 10216.465885 	 120 
5 	 2 	 5 	 22 	 0.720061 	 5285.918786 	 106 
5 	 2 	 5 	 23 	 0.723749 	 5572.007780 	 106 
5 	 2 	 5 	 24 	 0.718194 	 10749.675292 	 95 
5 	 2 	 5 	 25 	 0.712805 	 8556.762673 	 97 
5 	 2 	 5 	 26 	 0.695295 	 8738.525148 	 78 
5 	 2 	 5 	 27 	 0.721562 	 5468.201097 	 86 
5 	 2 	 5 	 28 	 0.723707 	 3049.128993 	 79 
5 	 2 	 5 	 29 	 0.711727 	 4363.476010 	 104 
5 	 2 	 5 	 30 	 0.699793 	 8582.609520 	 114 
5 	 2 	 5 	 31 	 0.705916 	 5383.505917 	 110 
5 	 3 	 0 	 0 	 0.720836 	 11489.594455 	 191 
5 	 3 	 0 	 1 	 0.707609 	 10859.679034 	 183 
5 	 3 	 0 	 2 	 0.736972 	 9853.190695 	 142 
5 	 3 	 0 	 3 	 0.715611 	 17205.668041 	 208 
5 	 3 	 0 	 4 	 0.710381 	 8982.717637 	 193 
5 	 3 	 0 	 5 	 0.728789 	 6957.487043 	 175 
5 	 3 	 0 	 6 	 0.705719 	 16676.938093 	 209 
5 	 3 	 0 	 7 	 0.709355 	 10040.328556 	 182 
5 	 3 	 0 	 8 	 0.000000 	 1000.000000 	 0 
5 	 3 	 0 	 9 	 0.000000 	 1000.000000 	 0 
5 	 3 	 0 	 10 	 0.000000 	 1000.000000 	 0 
5 	 3 	 0 	 11 	 0.000000 	 1000.000000 	 0 
5 	 3 	 0 	 12 	 0.000000 	 1000.000000 	 0 
5 	 3 	 0 	 13 	 0.000000 	 1000.000000 	 0 
5 	 3 	 0 	 14 	 0.000000 	 1000.000000 	 0 
5 	 3 	 0 	 15 	 0.000000 	 1000.000000 	 0 
5 	 3 	 0 	 16 	 0.718107 	 10487.477502 	 170 
5 	 3 	 0 	 17 	 0.716265 	 9007.960683 	 162 
5 	 3 	 0 	 18 	 0.721926 	 5564.609665 	 172 
5 	 3 	 0 	 19 	 0.712203 	 11096.037890 	 168 
5 	 3 	 0 	 20 	 0.722024 	 6685.906875 	 168 
5 	 3 	 0 	 21 	 0.717213 	 34459.029561 	 171 
5 	 3 	 0 	 22 	 0.727640 	 8212.519481 	 193 
5 	 3 	 0 	 23 	 0.727745 	 5446.478029 	 178 
5 	 3 	 0 	 24 	 0.714703 	 6261.102783 	 171 
5 	 3 	 0 	 25 	 0.711543 	 8673.334991 	 201 
5 	 3 	 0 	 26 	 0.728949 	 18140.813510 	 185 
5 	 3 	 0 	 27 	 0.644512 	 1049.027397 	 167 
5 	 3 	 0 	 28 	 0.743661 	 1252.113418 	 184 
5 	 3 	 0 	 29 	 0.708871 	 10866.162034 	 174 
5 	 3 	 0 	 30 	 0.704673 	 12175.500618 	 159 
5 	 3 	 0 	 31 	 0.731282 	 11833.062792 	 193 
5 	 3 	 1 	 0 	 0.000000 	 1000.000000 	 0 
5 	 3 	 1 	 1 	 0.000000 	 1000.000000 	 0 
5 	 3 	 1 	 2 	 0.000000 	 1000.000000 	 0 
5 	 3 	 1 	 3 	 0.000000 	 1000.000000 	 0 
5 	 3 	 1 	 4 	 0.000000 	 1000.000000 	 0 
5 	 3 	 1 	 5 	 0.000000 	 1000.000000 	 0 
5 	 3 	 1 	 6 	 0.000000 	 1000.000000 	 0 
5 	 3 	 1 	 7 	 0.000000 	 1000.000000 	 0 
5 	 3 	 1 	 8 	 0.000000 	 1000.000000 	 0 
5 	 3 	 1 	 9 	 0.000000 	 1000.000000 	 0 
5 	 3 	 1 	 10 	 0.000000 	 1000.000000 	 0 
5 	 3 	 1 	 11 	 0.000000 	 1000.000000 	 0 
5 	 3 	 1 	 12 	 0.000000 	 1000.000000 	 0 
5 	 3 	 1 	 13 	 0.000000 	 1000.000000 	 0 
5 	 3 	 1 	 14 	 0.000000 	 1000.000000 	 0 
5 	 3 	 1 	 15 	 0.000000 	 1000.000000 	 0 
5 	 3 	 1 	 16 	 0.000000 	 1000.000000 	 0 
5 	 3 	 1 	 17 	 0.000000 	 1000.000000 	 0 
5 	 3 	 1 	 18 	 0.000000 	 1000.000000 	 0 
5 	 3 	 1 	 19 	 0.000000 	 1000.000000 	 0 
5 	 3 	 1 	 20 	 0.000000 	 1000.000000 	 0 
5 	 3 	 1 	 21 	 0.000000 	 1000.000000 	 0 
5 	 3 	 1 	 22 	 0.000000 	 1000.000000 	 0 
5 	 3 	 1 	 23 	 0.000000 	 1000.000000 	 0 
5 	 3 	 1 	 24 	 0.000000 	 1000.000000 	 0 
5 	 3 	 1 	 25 	 0.000000 	 1000.000000 	 0 
5 	 3 	 1 	 26 	 0.000000 	 1000.000000 	 0 
5 	 3 	 1 	 27 	 0.000000 	 1000.000000 	 0 
5 	 3 	 1 	 28 	 0.000000 	 1000.000000 	 0 
5 	 3 	 1 	 29 	 0.000000 	 1000.000000 	 0 
5 	 3 	 1 	 30 	 0.000000 	 1000.000000 	 0 
5 	 3 	 1 	 31 	 0.000000 	 1000.000000 	 0 
5 	 3 	 2 	 0 	 0.000000 	 1000.000000 	 0 
5 	 3 	 2 	 1 	 0.000000 	 1000.000000 	 0 
5 	 3 	 2 	 2 	 0.000000 	 1000.000000 	 0 
5 	 3 	 2 	 3 	 0.000000 	 1000.000000 	 0 
5 	 3 	 2 	 4 	 0.000000 	 1000.000000 	 0 
5 	 3 	 2 	 5 	 0.000000 	 1000.000000 	 0 
5 	 3 	 2 	 6 	 0.000000 	 1000.000000 	 0 
5 	 3 	 2 	 7 	 0.000000 	 1000.000000 	 0 
5 	 3 	 2 	 8 	 0.000000 	 1000.000000 	 0 
5 	 3 	 2 	 9 	 0.000000 	 1000.000000 	 0 
5 	 3 	 2 	 10 	 0.000000 	 1000.000000 	 0 
5 	 3 	 2 	 11 	 0.000000 	 1000.000000 	 0 
5 	 3 	 2 	 12 	 0.000000 	 1000.000000 	 0 
5 	 3 	 2 	 13 	 0.000000 	 1000.000000 	 0 
5 	 3 	 2 	 14 	 0.000000 	 1000.000000 	 0 
5 	 3 	 2 	 15 	 0.000000 	 1000.000000 	 0 
5 	 3 	 2 	 16 	 0.000000 	 1000.000000 	 0 
5 	 3 	 2 	 17 	 0.000000 	 1000.000000 	 0 
5 	 3 	 2 	 18 	 0.000000 	 1000.000000 	 0 
5 	 3 	 2 	 19 	 0.000000 	 1000.000000 	 0 
5 	 3 	 2 	 20 	 0.000000 	 1000.000000 	 0 
5 	 3 	 2 	 21 	 0.000000 	 1000.000000 	 0 
5 	 3 	 2 	 22 	 0.000000 	 1000.000000 	 0 
5 	 3 	 2 	 23 	 0.000000 	 1000.000000 	 0 
5 	 3 	 2 	 24 	 0.000000 	 1000.000000 	 0 
5 	 3 	 2 	 25 	 0.000000 	 1000.000000 	 0 
5 	 3 	 2 	 26 	 0.000000 	 1000.000000 	 0 
5 	 3 	 2 	 27 	 0.000000 	 1000.000000 	 0 
5 	 3 	 2 	 28 	 0.000000 	 1000.000000 	 0 
5 	 3 	 2 	 29 	 0.000000 	 1000.000000 	 0 
5 	 3 	 2 	 30 	 0.000000 	 1000.000000 	 0 
5 	 3 	 2 	 31 	 0.000000 	 1000.000000 	 0 
5 	 3 	 3 	 0 	 0.000000 	 1000.000000 	 0 
5 	 3 	 3 	 1 	 0.000000 	 1000.000000 	 0 
5 	 3 	 3 	 2 	 0.000000 	 1000.000000 	 0 
5 	 3 	 3 	 3 	 0.000000 	 1000.000000 	 0 
5 	 3 	 3 	 4 	 0.000000 	 1000.000000 	 0 
5 	 3 	 3 	 5 	 0.000000 	 1000.000000 	 0 
5 	 3 	 3 	 6 	 0.000000 	 1000.000000 	 0 
5 	 3 	 3 	 7 	 0.000000 	 1000.000000 	 0 
5 	 3 	 3 	 8 	 0.000000 	 1000.000000 	 0 
5 	 3 	 3 	 9 	 0.000000 	 1000.000000 	 0 
5 	 3 	 3 	 10 	 0.000000 	 1000.000000 	 0 
5 	 3 	 3 	 11 	 0.000000 	 1000.000000 	 0 
5 	 3 	 3 	 12 	 0.000000 	 1000.000000 	 0 
5 	 3 	 3 	 13 	 0.000000 	 1000.000000 	 0 
5 	 3 	 3 	 14 	 0.000000 	 1000.000000 	 0 
5 	 3 	 3 	 15 	 0.000000 	 1000.000000 	 0 
5 	 3 	 3 	 16 	 0.000000 	 1000.000000 	 0 
5 	 3 	 3 	 17 	 0.000000 	 1000.000000 	 0 
5 	 3 	 3 	 18 	 0.000000 	 1000.000000 	 0 
5 	 3 	 3 	 19 	 0.000000 	 1000.000000 	 0 
5 	 3 	 3 	 20 	 0.000000 	 1000.000000 	 0 
5 	 3 	 3 	 21 	 0.000000 	 1000.000000 	 0 
5 	 3 	 3 	 22 	 0.000000 	 1000.000000 	 0 
5 	 3 	 3 	 23 	 0.000000 	 1000.000000 	 0 
5 	 3 	 3 	 24 	 0.000000 	 1000.000000 	 0 
5 	 3 	 3 	 25 	 0.000000 	 1000.000000 	 0 
5 	 3 	 3 	 26 	 0.000000 	 1000.000000 	 0 
5 	 3 	 3 	 27 	 0.000000 	 1000.000000 	 0 
5 	 3 	 3 	 28 	 0.000000 	 1000.000000 	 0 
5 	 3 	 3 	 29 	 0.000000 	 1000.000000 	 0 
5 	 3 	 3 	 30 	 0.000000 	 1000.000000 	 0 
5 	 3 	 3 	 31 	 0.000000 	 1000.000000 	 0 
5 	 3 	 4 	 0 	 0.000000 	 1000.000000 	 0 
5 	 3 	 4 	 1 	 0.000000 	 1000.000000 	 0 
5 	 3 	 4 	 2 	 0.000000 	 1000.000000 	 0 
5 	 3 	 4 	 3 	 0.000000 	 1000.000000 	 0 
5 	 3 	 4 	 4 	 0.000000 	 1000.000000 	 0 
5 	 3 	 4 	 5 	 0.000000 	 1000.000000 	 0 
5 	 3 	 4 	 6 	 0.000000 	 1000.000000 	 0 
5 	 3 	 4 	 7 	 0.000000 	 1000.000000 	 0 
5 	 3 	 4 	 8 	 0.000000 	 1000.000000 	 0 
5 	 3 	 4 	 9 	 0.000000 	 1000.000000 	 0 
5 	 3 	 4 	 10 	 0.000000 	 1000.000000 	 0 
5 	 3 	 4 	 11 	 0.000000 	 1000.000000 	 0 
5 	 3 	 4 	 12 	 0.000000 	 1000.000000 	 0 
5 	 3 	 4 	 13 	 0.000000 	 1000.000000 	 0 
5 	 3 	 4 	 14 	 0.000000 	 1000.000000 	 0 
5 	 3 	 4 	 15 	 0.000000 	 1000.000000 	 0 
5 	 3 	 4 	 16 	 0.000000 	 1000.000000 	 0 
5 	 3 	 4 	 17 	 0.000000 	 1000.000000 	 0 
5 	 3 	 4 	 18 	 0.000000 	 1000.000000 	 0 
5 	 3 	 4 	 19 	 0.000000 	 1000.000000 	 0 
5 	 3 	 4 	 20 	 0.000000 	 1000.000000 	 0 
5 	 3 	 4 	 21 	 0.000000 	 1000.000000 	 0 
5 	 3 	 4 	 22 	 0.000000 	 1000.000000 	 0 
5 	 3 	 4 	 23 	 0.000000 	 1000.000000 	 0 
5 	 3 	 4 	 24 	 0.000000 	 1000.000000 	 0 
5 	 3 	 4 	 25 	 0.000000 	 1000.000000 	 0 
5 	 3 	 4 	 26 	 0.000000 	 1000.000000 	 0 
5 	 3 	 4 	 27 	 0.000000 	 1000.000000 	 0 
5 	 3 	 4 	 28 	 0.000000 	 1000.000000 	 0 
5 	 3 	 4 	 29 	 0.000000 	 1000.000000 	 0 
5 	 3 	 4 	 30 	 0.000000 	 1000.000000 	 0 
5 	 3 	 4 	 31 	 0.000000 	 1000.000000 	 0 
5 	 3 	 5 	 0 	 0.000000 	 1000.000000 	 0 
5 	 3 	 5 	 1 	 0.000000 	 1000.000000 	 0 
5 	 3 	 5 	 2 	 0.000000 	 1000.000000 	 0 
5 	 3 	 5 	 3 	 0.000000 	 1000.000000 	 0 
5 	 3 	 5 	 4 	 0.000000 	 1000.000000 	 0 
5 	 3 	 5 	 5 	 0.000000 	 1000.000000 	 0 
5 	 3 	 5 	 6 	 0.000000 	 1000.000000 	 0 
5 	 3 	 5 	 7 	 0.000000 	 1000.000000 	 0 
5 	 3 	 5 	 8 	 0.000000 	 1000.000000 	 0 
5 	 3 	 5 	 9 	 0.000000 	 1000.000000 	 0 
5 	 3 	 5 	 10 	 0.000000 	 1000.000000 	 0 
5 	 3 	 5 	 11 	 0.000000 	 1000.000000 	 0 
5 	 3 	 5 	 12 	 0.000000 	 1000.000000 	 0 
5 	 3 	 5 	 13 	 0.000000 	 1000.000000 	 0 
5 	 3 	 5 	 14 	 0.000000 	 1000.000000 	 0 
5 	 3 	 5 	 15 	 0.000000 	 1000.000000 	 0 
5 	 3 	 5 	 16 	 0.000000 	 1000.000000 	 0 
5 	 3 	 5 	 17 	 0.000000 	 1000.000000 	 0 
5 	 3 	 5 	 18 	 0.000000 	 1000.000000 	 0 
5 	 3 	 5 	 19 	 0.000000 	 1000.000000 	 0 
5 	 3 	 5 	 20 	 0.000000 	 1000.000000 	 0 
5 	 3 	 5 	 21 	 0.000000 	 1000.000000 	 0 
5 	 3 	 5 	 22 	 0.000000 	 1000.000000 	 0 
5 	 3 	 5 	 23 	 0.000000 	 1000.000000 	 0 
5 	 3 	 5 	 24 	 0.000000 	 1000.000000 	 0 
5 	 3 	 5 	 25 	 0.000000 	 1000.000000 	 0 
5 	 3 	 5 	 26 	 0.000000 	 1000.000000 	 0 
5 	 3 	 5 	 27 	 0.000000 	 1000.000000 	 0 
5 	 3 	 5 	 28 	 0.000000 	 1000.000000 	 0 
5 	 3 	 5 	 29 	 0.000000 	 1000.000000 	 0 
5 	 3 	 5 	 30 	 0.000000 	 1000.000000 	 0 
5 	 3 	 5 	 31 	 0.000000 	 1000.000000 	 0 
5 	 4 	 0 	 0 	 0.729569 	 20089.406104 	 163 
5 	 4 	 0 	 1 	 0.712554 	 11553.022937 	 162 
5 	 4 	 0 	 2 	 0.399322 	 1146.027291 	 185 
5 	 4 	 0 	 3 	 0.708048 	 12537.791673 	 186 
5 	 4 	 0 	 4 	 0.706950 	 10068.056562 	 156 
5 	 4 	 0 	 5 	 0.705438 	 12557.249030 	 183 
5 	 4 	 0 	 6 	 0.721840 	 8442.133784 	 167 
5 	 4 	 0 	 7 	 0.733098 	 6762.915276 	 152 
5 	 4 	 0 	 8 	 0.698252 	 7000.554919 	 164 
5 	 4 	 0 	 9 	 0.725279 	 9227.184710 	 175 
5 	 4 	 0 	 10 	 0.695518 	 4846.570392 	 162 
5 	 4 	 0 	 11 	 0.706697 	 9835.651719 	 170 
5 	 4 	 0 	 12 	 0.708475 	 4763.235635 	 160 
5 	 4 	 0 	 13 	 0.738060 	 34229.110054 	 169 
5 	 4 	 0 	 14 	 0.711568 	 11324.881280 	 159 
5 	 4 	 0 	 15 	 0.699461 	 1116.629041 	 153 
5 	 4 	 0 	 16 	 0.713581 	 5592.393791 	 165 
5 	 4 	 0 	 17 	 0.722814 	 15276.839835 	 155 
5 	 4 	 0 	 18 	 0.716779 	 7297.915764 	 161 
5 	 4 	 0 	 19 	 0.755221 	 9740.382840 	 155 
5 	 4 	 0 	 20 	 0.741733 	 2789.870658 	 117 
5 	 4 	 0 	 21 	 0.712900 	 6017.954794 	 147 
5 	 4 	 0 	 22 	 0.716867 	 5385.163812 	 147 
5 	 4 	 0 	 23 	 0.726078 	 52182.698405 	 163 
5 	 4 	 0 	 24 	 0.714199 	 13472.368359 	 172 
5 	 4 	 0 	 25 	 0.712287 	 5796.317014 	 166 
5 	 4 	 0 	 26 	 0.773076 	 1007.323266 	 182 
5 	 4 	 0 	 27 	 0.774182 	 40917.582995 	 179 
5 	 4 	 0 	 28 	 0.000000 	 1000.000000 	 0 
5 	 4 	 0 	 29 	 0.731270 	 11304.200556 	 172 
5 	 4 	 0 	 30 	 0.709959 	 8467.114406 	 174 
5 	 4 	 0 	 31 	 0.633310 	 1117.403233 	 151 
5 	 4 	 1 	 0 	 0.733228 	 28547.986597 	 186 
5 	 4 	 1 	 1 	 0.714225 	 9225.130719 	 190 
5 	 4 	 1 	 2 	 0.718762 	 11419.201350 	 207 
5 	 4 	 1 	 3 	 0.693345 	 10737.396073 	 188 
5 	 4 	 1 	 4 	 0.716390 	 13209.497458 	 197 
5 	 4 	 1 	 5 	 0.719786 	 12715.615302 	 176 
5 	 4 	 1 	 6 	 0.709282 	 13803.217561 	 217 
5 	 4 	 1 	 7 	 0.721128 	 8007.271345 	 200 
5 	 4 	 1 	 8 	 0.704615 	 18251.148195 	 192 
5 	 4 	 1 	 9 	 0.705032 	 15836.108673 	 179 
5 	 4 	 1 	 10 	 0.726425 	 10740.813639 	 164 
5 	 4 	 1 	 11 	 0.696417 	 948.185714 	 196 
5 	 4 	 1 	 12 	 0.709080 	 14448.061573 	 179 
5 	 4 	 1 	 13 	 0.733836 	 33987.485736 	 189 
5 	 4 	 1 	 14 	 0.727971 	 23021.621947 	 187 
5 	 4 	 1 	 15 	 0.726620 	 10770.241501 	 177 
5 	 4 	 1 	 16 	 0.706550 	 10450.681231 	 177 
5 	 4 	 1 	 17 	 0.697757 	 13405.430805 	 177 
5 	 4 	 1 	 18 	 0.707484 	 6726.840796 	 175 
5 	 4 	 1 	 19 	 0.689837 	 15568.495440 	 195 
5 	 4 	 1 	 20 	 0.725009 	 12941.326664 	 171 
5 	 4 	 1 	 21 	 0.720842 	 13869.357840 	 192 
5 	 4 	 1 	 22 	 0.000000 	 1000.000000 	 0 
5 	 4 	 1 	 23 	 0.698819 	 6509.047490 	 174 
5 	 4 	 1 	 24 	 0.718422 	 11088.146018 	 168 
5 	 4 	 1 	 25 	 0.727519 	 12256.327619 	 179 
5 	 4 	 1 	 26 	 0.720047 	 7524.297579 	 168 
5 	 4 	 1 	 27 	 0.712381 	 6315.701398 	 177 
5 	 4 	 1 	 28 	 0.636150 	 1199.274516 	 173 
5 	 4 	 1 	 29 	 0.713291 	 6930.961672 	 211 
5 	 4 	 1 	 30 	 0.704637 	 6597.140283 	 187 
5 	 4 	 1 	 31 	 0.725096 	 12010.486582 	 180 
5 	 4 	 2 	 0 	 0.731915 	 16294.156367 	 158 
5 	 4 	 2 	 1 	 0.709086 	 16296.249360 	 189 
5 	 4 	 2 	 2 	 0.717126 	 15833.652353 	 169 
5 	 4 	 2 	 3 	 0.710440 	 16521.754458 	 158 
5 	 4 	 2 	 4 	 0.709037 	 7645.316794 	 168 
5 	 4 	 2 	 5 	 0.713375 	 4065.152188 	 194 
5 	 4 	 2 	 6 	 0.712185 	 5721.385010 	 156 
5 	 4 	 2 	 7 	 0.705865 	 10546.924041 	 145 
5 	 4 	 2 	 8 	 0.727322 	 7936.337422 	 164 
5 	 4 	 2 	 9 	 0.745189 	 974.680842 	 185 
5 	 4 	 2 	 10 	 0.000000 	 1000.000000 	 0 
5 	 4 	 2 	 11 	 0.000000 	 1000.000000 	 0 
5 	 4 	 2 	 12 	 0.701543 	 7919.652585 	 182 
5 	 4 	 2 	 13 	 0.724461 	 10972.193380 	 165 
5 	 4 	 2 	 14 	 0.727205 	 5483.493727 	 191 
5 	 4 	 2 	 15 	 0.681023 	 1313.519440 	 185 
5 	 4 	 2 	 16 	 0.724733 	 6724.590688 	 158 
5 	 4 	 2 	 17 	 0.707792 	 4947.330484 	 180 
5 	 4 	 2 	 18 	 0.706779 	 9413.375414 	 185 
5 	 4 	 2 	 19 	 0.722772 	 6155.645978 	 176 
5 	 4 	 2 	 20 	 0.715037 	 9406.274627 	 174 
5 	 4 	 2 	 21 	 0.716301 	 29405.964437 	 197 
5 	 4 	 2 	 22 	 0.708669 	 13054.610921 	 166 
5 	 4 	 2 	 23 	 0.718429 	 6780.643431 	 175 
5 	 4 	 2 	 24 	 0.722693 	 12873.264825 	 166 
5 	 4 	 2 	 25 	 0.746020 	 9123.708571 	 135 
5 	 4 	 2 	 26 	 0.715288 	 7135.325664 	 166 
5 	 4 	 2 	 27 	 0.712704 	 7065.828248 	 173 
5 	 4 	 2 	 28 	 0.734986 	 13996.426884 	 152 
5 	 4 	 2 	 29 	 0.702034 	 6918.407553 	 155 
5 	 4 	 2 	 30 	 0.713387 	 24993.075025 	 157 
5 	 4 	 2 	 31 	 0.723389 	 12940.767628 	 176 
5 	 4 	 3 	 0 	 0.723306 	 5256.736023 	 150 
5 	 4 	 3 	 1 	 0.712549 	 12352.155564 	 149 
5 	 4 	 3 	 2 	 0.699775 	 10285.357660 	 149 
5 	 4 	 3 	 3 	 0.722086 	 16731.118184 	 147 
5 	 4 	 3 	 4 	 0.706447 	 14317.482163 	 164 
5 	 4 	 3 	 5 	 0.727029 	 17938.342245 	 162 
5 	 4 	 3 	 6 	 0.735325 	 23373.729008 	 157 
5 	 4 	 3 	 7 	 0.744103 	 19462.661215 	 151 
5 	 4 	 3 	 8 	 0.000000 	 1000.000000 	 0 
5 	 4 	 3 	 9 	 0.714162 	 9691.106907 	 165 
5 	 4 	 3 	 10 	 0.713725 	 9074.041686 	 176 
5 	 4 	 3 	 11 	 0.725643 	 8598.119260 	 190 
5 	 4 	 3 	 12 	 0.710029 	 8314.443397 	 163 
5 	 4 	 3 	 13 	 0.719555 	 8050.032267 	 149 
5 	 4 	 3 	 14 	 0.710058 	 14832.352683 	 175 
5 	 4 	 3 	 15 	 0.730717 	 79885.592200 	 134 
5 	 4 	 3 	 16 	 0.713039 	 9360.214233 	 160 
5 	 4 	 3 	 17 	 0.705048 	 13510.802999 	 173 
5 	 4 	 3 	 18 	 0.710223 	 9970.204775 	 148 
5 	 4 	 3 	 19 	 0.700852 	 3672.559195 	 130 
5 	 4 	 3 	 20 	 0.709270 	 7135.491779 	 155 
5 	 4 	 3 	 21 	 0.692326 	 11870.935405 	 146 
5 	 4 	 3 	 22 	 0.732850 	 14073.635759 	 171 
5 	 4 	 3 	 23 	 0.718125 	 7592.852535 	 148 
5 	 4 	 3 	 24 	 0.766748 	 30452.817314 	 148 
5 	 4 	 3 	 25 	 0.706131 	 8478.866896 	 137 
5 	 4 	 3 	 26 	 0.778493 	 983.939514 	 136 
5 	 4 	 3 	 27 	 0.744493 	 10154.659635 	 161 
5 	 4 	 3 	 28 	 0.776582 	 870.062326 	 155 
5 	 4 	 3 	 29 	 0.000000 	 1000.000000 	 0 
5 	 4 	 3 	 30 	 0.728804 	 28734.179143 	 160 
5 	 4 	 3 	 31 	 0.742392 	 964.003657 	 157 
5 	 4 	 4 	 0 	 0.701371 	 2834.142071 	 139 
5 	 4 	 4 	 1 	 0.690998 	 11472.320580 	 123 
5 	 4 	 4 	 2 	 0.719752 	 4324.288342 	 138 
5 	 4 	 4 	 3 	 0.704793 	 7820.837482 	 112 
5 	 4 	 4 	 4 	 0.683428 	 861.720460 	 122 
5 	 4 	 4 	 5 	 0.703334 	 4730.774020 	 118 
5 	 4 	 4 	 6 	 0.717472 	 3193.725753 	 119 
5 	 4 	 4 	 7 	 0.708119 	 5470.709501 	 138 
5 	 4 	 4 	 8 	 0.732411 	 28082.327077 	 146 
5 	 4 	 4 	 9 	 0.719214 	 29067.930157 	 139 
5 	 4 	 4 	 10 	 0.000000 	 1000.000000 	 0 
5 	 4 	 4 	 11 	 0.700699 	 5862.744287 	 146 
5 	 4 	 4 	 12 	 0.734484 	 5943.563891 	 135 
5 	 4 	 4 	 13 	 0.711831 	 4320.892384 	 128 
5 	 4 	 4 	 14 	 0.706875 	 32988.942003 	 118 
5 	 4 	 4 	 15 	 0.718736 	 7912.163021 	 123 
5 	 4 	 4 	 16 	 0.701545 	 6013.151637 	 138 
5 	 4 	 4 	 17 	 0.739018 	 3460.845659 	 123 
5 	 4 	 4 	 18 	 0.711619 	 5241.604924 	 147 
5 	 4 	 4 	 19 	 0.700325 	 16314.787643 	 137 
5 	 4 	 4 	 20 	 0.692508 	 4484.414209 	 120 
5 	 4 	 4 	 21 	 0.724631 	 2694.797868 	 106 
5 	 4 	 4 	 22 	 0.696347 	 6569.802393 	 134 
5 	 4 	 4 	 23 	 0.712320 	 4351.354048 	 120 
5 	 4 	 4 	 24 	 0.696471 	 6544.873698 	 110 
5 	 4 	 4 	 25 	 0.000000 	 1000.000000 	 0 
5 	 4 	 4 	 26 	 0.708323 	 2448.577306 	 117 
5 	 4 	 4 	 27 	 0.687853 	 10493.544031 	 122 
5 	 4 	 4 	 28 	 0.731762 	 15863.948837 	 129 
5 	 4 	 4 	 29 	 0.000000 	 1000.000000 	 0 
5 	 4 	 4 	 30 	 0.685515 	 3123.029797 	 112 
5 	 4 	 4 	 31 	 0.729925 	 10941.817995 	 119 
5 	 4 	 5 	 0 	 0.000000 	 1000.000000 	 0 
5 	 4 	 5 	 1 	 0.000000 	 1000.000000 	 0 
5 	 4 	 5 	 2 	 0.000000 	 1000.000000 	 0 
5 	 4 	 5 	 3 	 0.000000 	 1000.000000 	 0 
5 	 4 	 5 	 4 	 0.725618 	 6892.316004 	 97 
5 	 4 	 5 	 5 	 0.000000 	 1000.000000 	 0 
5 	 4 	 5 	 6 	 0.702675 	 1770.415424 	 94 
5 	 4 	 5 	 7 	 0.707291 	 7447.616058 	 100 
5 	 4 	 5 	 8 	 0.705281 	 5338.750724 	 103 
5 	 4 	 5 	 9 	 0.721752 	 3410.132476 	 106 
5 	 4 	 5 	 10 	 0.709767 	 9590.590874 	 110 
5 	 4 	 5 	 11 	 0.703310 	 3423.648616 	 117 
5 	 4 	 5 	 12 	 0.718715 	 24528.299505 	 115 
5 	 4 	 5 	 13 	 0.745736 	 9830.776394 	 137 
5 	 4 	 5 	 14 	 0.704155 	 5752.688619 	 116 
5 	 4 	 5 	 15 	 0.666826 	 8369.276316 	 120 
5 	 4 	 5 	 16 	 0.000000 	 1000.000000 	 0 
5 	 4 	 5 	 17 	 0.717433 	 6381.218664 	 88 
5 	 4 	 5 	 18 	 0.649426 	 9813.934304 	 97 
5 	 4 	 5 	 19 	 0.697993 	 5124.555144 	 119 
5 	 4 	 5 	 20 	 0.689959 	 3841.213350 	 114 
5 	 4 	 5 	 21 	 0.722243 	 4751.465059 	 99 
5 	 4 	 5 	 22 	 0.635768 	 1027.037887 	 119 
5 	 4 	 5 	 23 	 0.694026 	 5105.518487 	 106 
5 	 4 	 5 	 24 	 0.701630 	 4267.968746 	 74 
5 	 4 	 5 	 25 	 0.707159 	 2240.021477 	 96 
5 	 4 	 5 	 26 	 0.716857 	 2915.065277 	 88 
5 	 4 	 5 	 27 	 0.710090 	 3675.856049 	 110 
5 	 4 	 5 	 28 	 0.716258 	 5068.946022 	 92 
5 	 4 	 5 	 29 	 0.718562 	 7380.925066 	 92 
5 	 4 	 5 	 30 	 0.703623 	 30215.879681 	 83 
5 	 4 	 5 	 31 	 0.696033 	 3495.176709 	 65 
5 	 5 	 0 	 0 	 0.000000 	 1000.000000 	 0 
5 	 5 	 0 	 1 	 0.000000 	 1000.000000 	 0 
5 	 5 	 0 	 2 	 0.000000 	 1000.000000 	 0 
5 	 5 	 0 	 3 	 0.000000 	 1000.000000 	 0 
5 	 5 	 0 	 4 	 0.000000 	 1000.000000 	 0 
5 	 5 	 0 	 5 	 0.000000 	 1000.000000 	 0 
5 	 5 	 0 	 6 	 0.000000 	 1000.000000 	 0 
5 	 5 	 0 	 7 	 0.000000 	 1000.000000 	 0 
5 	 5 	 0 	 8 	 0.729954 	 8895.965766 	 143 
5 	 5 	 0 	 9 	 0.735650 	 2813.581910 	 135 
5 	 5 	 0 	 10 	 0.698142 	 7374.900021 	 131 
5 	 5 	 0 	 11 	 0.722985 	 4638.110942 	 129 
5 	 5 	 0 	 12 	 0.727241 	 8038.367778 	 128 
5 	 5 	 0 	 13 	 0.741120 	 7694.422093 	 126 
5 	 5 	 0 	 14 	 0.685459 	 16383.683240 	 140 
5 	 5 	 0 	 15 	 0.726927 	 7246.584117 	 145 
5 	 5 	 0 	 16 	 0.000000 	 1000.000000 	 0 
5 	 5 	 0 	 17 	 0.000000 	 1000.000000 	 0 
5 	 5 	 0 	 18 	 0.000000 	 1000.000000 	 0 
5 	 5 	 0 	 19 	 0.699184 	 7188.928453 	 119 
5 	 5 	 0 	 20 	 0.725194 	 4485.020318 	 119 
5 	 5 	 0 	 21 	 0.708761 	 4788.966498 	 115 
5 	 5 	 0 	 22 	 0.000000 	 1000.000000 	 0 
5 	 5 	 0 	 23 	 0.716190 	 28470.726250 	 127 
5 	 5 	 0 	 24 	 0.729082 	 21657.539448 	 139 
5 	 5 	 0 	 25 	 0.720038 	 13400.634409 	 134 
5 	 5 	 0 	 26 	 0.000000 	 1000.000000 	 0 
5 	 5 	 0 	 27 	 0.685348 	 11893.395925 	 153 
5 	 5 	 0 	 28 	 0.687752 	 5490.214610 	 133 
5 	 5 	 0 	 29 	 0.716750 	 6952.150071 	 145 
5 	 5 	 0 	 30 	 0.709493 	 5551.346675 	 141 
5 	 5 	 0 	 31 	 0.726328 	 12554.437623 	 138 
5 	 5 	 1 	 0 	 0.740448 	 11448.470940 	 163 
5 	 5 	 1 	 1 	 0.729320 	 5127.787200 	 171 
5 	 5 	 1 	 2 	 0.730116 	 9849.098176 	 168 
5 	 5 	 1 	 3 	 0.672637 	 1044.480233 	 146 
5 	 5 	 1 	 4 	 0.713835 	 5918.282296 	 176 
5 	 5 	 1 	 5 	 0.704208 	 12321.923645 	 155 
5 	 5 	 1 	 6 	 0.717742 	 7649.670882 	 160 
5 	 5 	 1 	 7 	 0.713311 	 10836.585622 	 163 
5 	 5 	 1 	 8 	 0.716206 	 5843.821147 	 170 
5 	 5 	 1 	 9 	 0.730074 	 8757.996315 	 178 
5 	 5 	 1 	 10 	 0.709213 	 11162.650577 	 181 
5 	 5 	 1 	 11 	 0.708137 	 6796.152447 	 176 
5 	 5 	 1 	 12 	 0.000000 	 1000.000000 	 0 
5 	 5 	 1 	 13 	 0.678329 	 998.913590 	 157 
5 	 5 	 1 	 14 	 0.763022 	 1052.887757 	 160 
5 	 5 	 1 	 15 	 0.703560 	 8385.681256 	 159 
5 	 5 	 1 	 16 	 0.725903 	 18149.336283 	 132 
5 	 5 	 1 	 17 	 0.718212 	 2747.268954 	 132 
5 	 5 	 1 	 18 	 0.705993 	 38872.976347 	 149 
5 	 5 	 1 	 19 	 0.714691 	 8625.665667 	 153 
5 	 5 	 1 	 20 	 0.714159 	 12110.771975 	 149 
5 	 5 	 1 	 21 	 0.711130 	 6439.648556 	 139 
5 	 5 	 1 	 22 	 0.708445 	 6118.047259 	 158 
5 	 5 	 1 	 23 	 0.704993 	 3599.788217 	 143 
5 	 5 	 1 	 24 	 0.694850 	 9228.772444 	 143 
5 	 5 	 1 	 25 	 0.707997 	 8340.735549 	 140 
5 	 5 	 1 	 26 	 0.698568 	 22178.108632 	 125 
5 	 5 	 1 	 27 	 0.735698 	 9012.266961 	 142 
5 	 5 	 1 	 28 	 0.713245 	 4792.242048 	 151 
5 	 5 	 1 	 29 	 0.724029 	 16258.716317 	 150 
5 	 5 	 1 	 30 	 0.722200 	 10582.615606 	 166 
5 	 5 	 1 	 31 	 0.713895 	 4874.068893 	 148 
5 	 5 	 2 	 0 	 0.709714 	 15920.704980 	 163 
5 	 5 	 2 	 1 	 0.705169 	 5905.710925 	 155 
5 	 5 	 2 	 2 	 0.719859 	 6309.440704 	 141 
5 	 5 	 2 	 3 	 0.623730 	 1141.641328 	 164 
5 	 5 	 2 	 4 	 0.702037 	 13819.823260 	 161 
5 	 5 	 2 	 5 	 0.672370 	 919.832488 	 159 
5 	 5 	 2 	 6 	 0.708040 	 6224.902792 	 155 
5 	 5 	 2 	 7 	 0.728485 	 7076.420994 	 157 
5 	 5 	 2 	 8 	 0.727524 	 6305.335242 	 143 
5 	 5 	 2 	 9 	 0.714167 	 11908.333392 	 155 
5 	 5 	 2 	 10 	 0.700390 	 4311.162037 	 157 
5 	 5 	 2 	 11 	 0.723591 	 2395.791975 	 165 
5 	 5 	 2 	 12 	 0.692785 	 4645.203132 	 155 
5 	 5 	 2 	 13 	 0.719849 	 7685.192015 	 162 
5 	 5 	 2 	 14 	 0.733495 	 7151.357974 	 138 
5 	 5 	 2 	 15 	 0.722464 	 12763.805188 	 151 
5 	 5 	 2 	 16 	 0.707050 	 4226.657979 	 162 
5 	 5 	 2 	 17 	 0.715792 	 9862.812287 	 142 
5 	 5 	 2 	 18 	 0.707721 	 26258.630746 	 164 
5 	 5 	 2 	 19 	 0.707286 	 8056.419969 	 146 
5 	 5 	 2 	 20 	 0.664401 	 880.065652 	 126 
5 	 5 	 2 	 21 	 0.716106 	 4376.932678 	 137 
5 	 5 	 2 	 22 	 0.716603 	 23228.098224 	 143 
5 	 5 	 2 	 23 	 0.715532 	 7976.292824 	 129 
5 	 5 	 2 	 24 	 0.705586 	 8297.716085 	 128 
5 	 5 	 2 	 25 	 0.719001 	 4900.686667 	 122 
5 	 5 	 2 	 26 	 0.717762 	 4822.242694 	 147 
5 	 5 	 2 	 27 	 0.000000 	 1000.000000 	 0 
5 	 5 	 2 	 28 	 0.703270 	 9989.413949 	 136 
5 	 5 	 2 	 29 	 0.735036 	 16475.212851 	 120 
5 	 5 	 2 	 30 	 0.711783 	 5370.229301 	 134 
5 	 5 	 2 	 31 	 0.721543 	 8909.355645 	 122 
5 	 5 	 3 	 0 	 0.718689 	 6638.302741 	 132 
5 	 5 	 3 	 1 	 0.705066 	 9920.773509 	 139 
5 	 5 	 3 	 2 	 0.726946 	 12250.769454 	 134 
5 	 5 	 3 	 3 	 0.713411 	 8279.724703 	 122 
5 	 5 	 3 	 4 	 0.723064 	 16095.696227 	 133 
5 	 5 	 3 	 5 	 0.000000 	 1000.000000 	 0 
5 	 5 	 3 	 6 	 0.691922 	 10608.672562 	 152 
5 	 5 	 3 	 7 	 0.730514 	 6465.481263 	 120 
5 	 5 	 3 	 8 	 0.704710 	 4608.284795 	 129 
5 	 5 	 3 	 9 	 0.727548 	 15887.785058 	 132 
5 	 5 	 3 	 10 	 0.698483 	 4766.349526 	 130 
5 	 5 	 3 	 11 	 0.710696 	 12902.926662 	 128 
5 	 5 	 3 	 12 	 0.710023 	 10428.455468 	 149 
5 	 5 	 3 	 13 	 0.705466 	 8646.645205 	 140 
5 	 5 	 3 	 14 	 0.710984 	 9167.060391 	 149 
5 	 5 	 3 	 15 	 0.720161 	 17781.627320 	 126 
5 	 5 	 3 	 16 	 0.740254 	 5959.498511 	 108 
5 	 5 	 3 	 17 	 0.736012 	 38448.461730 	 152 
5 	 5 	 3 	 18 	 0.000000 	 1000.000000 	 0 
5 	 5 	 3 	 19 	 0.706282 	 7050.158994 	 117 
5 	 5 	 3 	 20 	 0.730853 	 5643.212018 	 117 
5 	 5 	 3 	 21 	 0.730445 	 4684.976080 	 115 
5 	 5 	 3 	 22 	 0.706853 	 5026.117387 	 118 
5 	 5 	 3 	 23 	 0.724662 	 5592.566626 	 101 
5 	 5 	 3 	 24 	 0.697623 	 6802.113850 	 116 
5 	 5 	 3 	 25 	 0.740659 	 6442.784340 	 116 
5 	 5 	 3 	 26 	 0.673398 	 6657.821335 	 112 
5 	 5 	 3 	 27 	 0.692973 	 9870.285431 	 140 
5 	 5 	 3 	 28 	 0.716340 	 5562.175526 	 124 
5 	 5 	 3 	 29 	 0.729932 	 6063.496766 	 122 
5 	 5 	 3 	 30 	 0.722149 	 3068.011587 	 108 
5 	 5 	 3 	 31 	 0.788296 	 767.560286 	 118 
5 	 5 	 4 	 0 	 0.000000 	 1000.000000 	 0 
5 	 5 	 4 	 1 	 0.000000 	 1000.000000 	 0 
5 	 5 	 4 	 2 	 0.000000 	 1000.000000 	 0 
5 	 5 	 4 	 3 	 0.000000 	 1000.000000 	 0 
5 	 5 	 4 	 4 	 0.000000 	 1000.000000 	 0 
5 	 5 	 4 	 5 	 0.000000 	 1000.000000 	 0 
5 	 5 	 4 	 6 	 0.000000 	 1000.000000 	 0 
5 	 5 	 4 	 7 	 0.000000 	 1000.000000 	 0 
5 	 5 	 4 	 8 	 0.000000 	 1000.000000 	 0 
5 	 5 	 4 	 9 	 0.000000 	 1000.000000 	 0 
5 	 5 	 4 	 10 	 0.000000 	 1000.000000 	 0 
5 	 5 	 4 	 11 	 0.000000 	 1000.000000 	 0 
5 	 5 	 4 	 12 	 0.000000 	 1000.000000 	 0 
5 	 5 	 4 	 13 	 0.000000 	 1000.000000 	 0 
5 	 5 	 4 	 14 	 0.000000 	 1000.000000 	 0 
5 	 5 	 4 	 15 	 0.000000 	 1000.000000 	 0 
5 	 5 	 4 	 16 	 0.000000 	 1000.000000 	 0 
5 	 5 	 4 	 17 	 0.000000 	 1000.000000 	 0 
5 	 5 	 4 	 18 	 0.000000 	 1000.000000 	 0 
5 	 5 	 4 	 19 	 0.000000 	 1000.000000 	 0 
5 	 5 	 4 	 20 	 0.000000 	 1000.000000 	 0 
5 	 5 	 4 	 21 	 0.000000 	 1000.000000 	 0 
5 	 5 	 4 	 22 	 0.000000 	 1000.000000 	 0 
5 	 5 	 4 	 23 	 0.000000 	 1000.000000 	 0 
5 	 5 	 4 	 24 	 0.000000 	 1000.000000 	 0 
5 	 5 	 4 	 25 	 0.000000 	 1000.000000 	 0 
5 	 5 	 4 	 26 	 0.000000 	 1000.000000 	 0 
5 	 5 	 4 	 27 	 0.000000 	 1000.000000 	 0 
5 	 5 	 4 	 28 	 0.000000 	 1000.000000 	 0 
5 	 5 	 4 	 29 	 0.000000 	 1000.000000 	 0 
5 	 5 	 4 	 30 	 0.000000 	 1000.000000 	 0 
5 	 5 	 4 	 31 	 0.000000 	 1000.000000 	 0 
5 	 5 	 5 	 0 	 0.700536 	 4417.129696 	 77 
5 	 5 	 5 	 1 	 0.713239 	 4703.604362 	 81 
5 	 5 	 5 	 2 	 0.731156 	 5767.483820 	 82 
5 	 5 	 5 	 3 	 0.713631 	 47295.759225 	 83 
5 	 5 	 5 	 4 	 0.705638 	 7995.115968 	 82 
5 	 5 	 5 	 5 	 0.717370 	 16953.699655 	 90 
5 	 5 	 5 	 6 	 0.690864 	 4685.568013 	 77 
5 	 5 	 5 	 7 	 0.702412 	 2652.549827 	 76 
5 	 5 	 5 	 8 	 0.708583 	 6737.908551 	 103 
5 	 5 	 5 	 9 	 0.710775 	 4742.278165 	 98 
5 	 5 	 5 	 10 	 0.000000 	 1000.000000 	 0 
5 	 5 	 5 	 11 	 0.708591 	 8549.238963 	 98 
5 	 5 	 5 	 12 	 0.681690 	 4348.684183 	 81 
5 	 5 	 5 	 13 	 0.720268 	 4261.533966 	 93 
5 	 5 	 5 	 14 	 0.694922 	 3788.331147 	 89 
5 	 5 	 5 	 15 	 0.721352 	 11443.322492 	 105 
5 	 5 	 5 	 16 	 0.000000 	 1000.000000 	 0 
5 	 5 	 5 	 17 	 0.000000 	 1000.000000 	 0 
5 	 5 	 5 	 18 	 0.000000 	 1000.000000 	 0 
5 	 5 	 5 	 19 	 0.000000 	 1000.000000 	 0 
5 	 5 	 5 	 20 	 0.000000 	 1000.000000 	 0 
5 	 5 	 5 	 21 	 0.000000 	 1000.000000 	 0 
5 	 5 	 5 	 22 	 0.000000 	 1000.000000 	 0 
5 	 5 	 5 	 23 	 0.000000 	 1000.000000 	 0 
5 	 5 	 5 	 24 	 0.702749 	 1298.875077 	 58 
5 	 5 	 5 	 25 	 0.000000 	 1000.000000 	 0 
5 	 5 	 5 	 26 	 0.668481 	 2465.477308 	 76 
5 	 5 	 5 	 27 	 0.719805 	 5455.144083 	 74 
5 	 5 	 5 	 28 	 0.000000 	 1000.000000 	 0 
5 	 5 	 5 	 29 	 0.686699 	 729.424519 	 90 
5 	 5 	 5 	 30 	 0.701134 	 6656.132061 	 73 
5 	 5 	 5 	 31 	 0.737126 	 2887.065189 	 70 
6 	 0 	 0 	 0 	 0.000000 	 1000.000000 	 0 
6 	 0 	 0 	 1 	 0.000000 	 1000.000000 	 0 
6 	 0 	 0 	 2 	 0.000000 	 1000.000000 	 0 
6 	 0 	 0 	 3 	 0.000000 	 1000.000000 	 0 
6 	 0 	 0 	 4 	 0.000000 	 1000.000000 	 0 
6 	 0 	 0 	 5 	 0.000000 	 1000.000000 	 0 
6 	 0 	 0 	 6 	 0.000000 	 1000.000000 	 0 
6 	 0 	 0 	 7 	 0.000000 	 1000.000000 	 0 
6 	 0 	 0 	 8 	 0.000000 	 1000.000000 	 0 
6 	 0 	 0 	 9 	 0.000000 	 1000.000000 	 0 
6 	 0 	 0 	 10 	 0.000000 	 1000.000000 	 0 
6 	 0 	 0 	 11 	 0.000000 	 1000.000000 	 0 
6 	 0 	 0 	 12 	 0.000000 	 1000.000000 	 0 
6 	 0 	 0 	 13 	 0.000000 	 1000.000000 	 0 
6 	 0 	 0 	 14 	 0.000000 	 1000.000000 	 0 
6 	 0 	 0 	 15 	 0.000000 	 1000.000000 	 0 
6 	 0 	 0 	 16 	 0.000000 	 1000.000000 	 0 
6 	 0 	 0 	 17 	 0.000000 	 1000.000000 	 0 
6 	 0 	 0 	 18 	 0.000000 	 1000.000000 	 0 
6 	 0 	 0 	 19 	 0.000000 	 1000.000000 	 0 
6 	 0 	 0 	 20 	 0.000000 	 1000.000000 	 0 
6 	 0 	 0 	 21 	 0.000000 	 1000.000000 	 0 
6 	 0 	 0 	 22 	 0.000000 	 1000.000000 	 0 
6 	 0 	 0 	 23 	 0.000000 	 1000.000000 	 0 
6 	 0 	 0 	 24 	 0.000000 	 1000.000000 	 0 
6 	 0 	 0 	 25 	 0.000000 	 1000.000000 	 0 
6 	 0 	 0 	 26 	 0.000000 	 1000.000000 	 0 
6 	 0 	 0 	 27 	 0.000000 	 1000.000000 	 0 
6 	 0 	 0 	 28 	 0.000000 	 1000.000000 	 0 
6 	 0 	 0 	 29 	 0.000000 	 1000.000000 	 0 
6 	 0 	 0 	 30 	 0.000000 	 1000.000000 	 0 
6 	 0 	 0 	 31 	 0.000000 	 1000.000000 	 0 
6 	 0 	 1 	 0 	 0.000000 	 1000.000000 	 0 
6 	 0 	 1 	 1 	 0.000000 	 1000.000000 	 0 
6 	 0 	 1 	 2 	 0.000000 	 1000.000000 	 0 
6 	 0 	 1 	 3 	 0.000000 	 1000.000000 	 0 
6 	 0 	 1 	 4 	 0.000000 	 1000.000000 	 0 
6 	 0 	 1 	 5 	 0.000000 	 1000.000000 	 0 
6 	 0 	 1 	 6 	 0.000000 	 1000.000000 	 0 
6 	 0 	 1 	 7 	 0.000000 	 1000.000000 	 0 
6 	 0 	 1 	 8 	 0.000000 	 1000.000000 	 0 
6 	 0 	 1 	 9 	 0.000000 	 1000.000000 	 0 
6 	 0 	 1 	 10 	 0.000000 	 1000.000000 	 0 
6 	 0 	 1 	 11 	 0.000000 	 1000.000000 	 0 
6 	 0 	 1 	 12 	 0.000000 	 1000.000000 	 0 
6 	 0 	 1 	 13 	 0.000000 	 1000.000000 	 0 
6 	 0 	 1 	 14 	 0.000000 	 1000.000000 	 0 
6 	 0 	 1 	 15 	 0.000000 	 1000.000000 	 0 
6 	 0 	 1 	 16 	 0.715598 	 2117.805996 	 93 
6 	 0 	 1 	 17 	 0.735575 	 4597.103177 	 86 
6 	 0 	 1 	 18 	 0.698328 	 2311.872805 	 79 
6 	 0 	 1 	 19 	 0.712005 	 2998.539510 	 67 
6 	 0 	 1 	 20 	 0.712766 	 4736.618055 	 70 
6 	 0 	 1 	 21 	 0.697671 	 27458.375348 	 81 
6 	 0 	 1 	 22 	 0.733322 	 8922.800479 	 85 
6 	 0 	 1 	 23 	 0.714021 	 8150.658222 	 75 
6 	 0 	 1 	 24 	 0.681845 	 4038.816459 	 100 
6 	 0 	 1 	 25 	 0.661657 	 1298.931453 	 74 
6 	 0 	 1 	 26 	 0.734963 	 3649.252998 	 85 
6 	 0 	 1 	 27 	 0.723467 	 4650.624704 	 75 
6 	 0 	 1 	 28 	 0.719406 	 7867.859888 	 75 
6 	 0 	 1 	 29 	 0.000000 	 1000.000000 	 0 
6 	 0 	 1 	 30 	 0.704577 	 8414.661955 	 94 
6 	 0 	 1 	 31 	 0.686415 	 2327.905816 	 86 
6 	 0 	 2 	 0 	 0.717191 	 8173.469015 	 93 
6 	 0 	 2 	 1 	 0.710402 	 8817.893205 	 129 
6 	 0 	 2 	 2 	 0.695947 	 2991.410445 	 91 
6 	 0 	 2 	 3 	 0.708032 	 9528.579063 	 110 
6 	 0 	 2 	 4 	 0.706950 	 2985.491945 	 125 
6 	 0 	 2 	 5 	 0.715439 	 826.097964 	 111 
6 	 0 	 2 	 6 	 0.728168 	 4366.296448 	 122 
6 	 0 	 2 	 7 	 0.719249 	 10387.030314 	 126 
6 	 0 	 2 	 8 	 0.711392 	 7187.495981 	 100 
6 	 0 	 2 	 9 	 0.711476 	 4164.876600 	 110 
6 	 0 	 2 	 10 	 0.707395 	 4423.732981 	 121 
6 	 0 	 2 	 11 	 0.714382 	 3870.008785 	 108 
6 	 0 	 2 	 12 	 0.697546 	 3841.880085 	 95 
6 	 0 	 2 	 13 	 0.726236 	 20942.044231 	 115 
6 	 0 	 2 	 14 	 0.745650 	 25547.148816 	 107 
6 	 0 	 2 	 15 	 0.721080 	 7183.517124 	 113 
6 	 0 	 2 	 16 	 0.000000 	 1000.000000 	 0 
6 	 0 	 2 	 17 	 0.737333 	 93621.953748 	 87 
6 	 0 	 2 	 18 	 0.703559 	 3717.740662 	 85 
6 	 0 	 2 	 19 	 0.707044 	 3025.548890 	 81 
6 	 0 	 2 	 20 	 0.691591 	 831.157773 	 99 
6 	 0 	 2 	 21 	 0.731748 	 19002.750419 	 89 
6 	 0 	 2 	 22 	 0.685115 	 2114.407346 	 74 
6 	 0 	 2 	 23 	 0.000000 	 1000.000000 	 0 
6 	 0 	 2 	 24 	 0.741921 	 3855.180616 	 81 
6 	 0 	 2 	 25 	 0.704559 	 2011.528436 	 76 
6 	 0 	 2 	 26 	 0.707634 	 3777.391986 	 92 
6 	 0 	 2 	 27 	 0.716184 	 700.857853 	 86 
6 	 0 	 2 	 28 	 0.690614 	 3608.725020 	 91 
6 	 0 	 2 	 29 	 0.000000 	 1000.000000 	 0 
6 	 0 	 2 	 30 	 0.000000 	 1000.000000 	 0 
6 	 0 	 2 	 31 	 0.000000 	 1000.000000 	 0 
6 	 0 	 3 	 0 	 0.000000 	 1000.000000 	 0 
6 	 0 	 3 	 1 	 0.000000 	 1000.000000 	 0 
6 	 0 	 3 	 2 	 0.726552 	 6423.328528 	 114 
6 	 0 	 3 	 3 	 0.695082 	 5440.982210 	 95 
6 	 0 	 3 	 4 	 0.725448 	 7051.849272 	 118 
6 	 0 	 3 	 5 	 0.718471 	 6177.145317 	 110 
6 	 0 	 3 	 6 	 0.739761 	 5794.300756 	 104 
6 	 0 	 3 	 7 	 0.721381 	 3255.094489 	 114 
6 	 0 	 3 	 8 	 0.000000 	 1000.000000 	 0 
6 	 0 	 3 	 9 	 0.602878 	 924.306147 	 114 
6 	 0 	 3 	 10 	 0.720748 	 1032.728076 	 109 
6 	 0 	 3 	 11 	 0.711670 	 1047.882579 	 125 
6 	 0 	 3 	 12 	 0.728026 	 21859.262075 	 116 
6 	 0 	 3 	 13 	 0.681613 	 667.835531 	 89 
6 	 0 	 3 	 14 	 0.690758 	 2376.313816 	 107 
6 	 0 	 3 	 15 	 0.716556 	 2597.755334 	 90 
6 	 0 	 3 	 16 	 0.706719 	 4426.337612 	 91 
6 	 0 	 3 	 17 	 0.696953 	 6865.559375 	 95 
6 	 0 	 3 	 18 	 0.658610 	 854.595254 	 93 
6 	 0 	 3 	 19 	 0.724580 	 6464.685718 	 87 
6 	 0 	 3 	 20 	 0.702975 	 7485.367592 	 115 
6 	 0 	 3 	 21 	 0.712660 	 3918.471383 	 91 
6 	 0 	 3 	 22 	 0.708401 	 4074.217099 	 96 
6 	 0 	 3 	 23 	 0.724100 	 2319.800577 	 95 
6 	 0 	 3 	 24 	 0.000000 	 1000.000000 	 0 
6 	 0 	 3 	 25 	 0.694394 	 3404.603505 	 71 
6 	 0 	 3 	 26 	 0.813391 	 674.640517 	 76 
6 	 0 	 3 	 27 	 0.000000 	 1000.000000 	 0 
6 	 0 	 3 	 28 	 0.755036 	 15646.988267 	 93 
6 	 0 	 3 	 29 	 0.710163 	 3438.452810 	 87 
6 	 0 	 3 	 30 	 0.734404 	 3104.950500 	 80 
6 	 0 	 3 	 31 	 0.699653 	 3632.208558 	 99 
6 	 0 	 4 	 0 	 0.000000 	 1000.000000 	 0 
6 	 0 	 4 	 1 	 0.000000 	 1000.000000 	 0 
6 	 0 	 4 	 2 	 0.000000 	 1000.000000 	 0 
6 	 0 	 4 	 3 	 0.000000 	 1000.000000 	 0 
6 	 0 	 4 	 4 	 0.000000 	 1000.000000 	 0 
6 	 0 	 4 	 5 	 0.000000 	 1000.000000 	 0 
6 	 0 	 4 	 6 	 0.000000 	 1000.000000 	 0 
6 	 0 	 4 	 7 	 0.000000 	 1000.000000 	 0 
6 	 0 	 4 	 8 	 0.000000 	 1000.000000 	 0 
6 	 0 	 4 	 9 	 0.000000 	 1000.000000 	 0 
6 	 0 	 4 	 10 	 0.000000 	 1000.000000 	 0 
6 	 0 	 4 	 11 	 0.000000 	 1000.000000 	 0 
6 	 0 	 4 	 12 	 0.000000 	 1000.000000 	 0 
6 	 0 	 4 	 13 	 0.000000 	 1000.000000 	 0 
6 	 0 	 4 	 14 	 0.000000 	 1000.000000 	 0 
6 	 0 	 4 	 15 	 0.000000 	 1000.000000 	 0 
6 	 0 	 4 	 16 	 0.734521 	 587.840385 	 91 
6 	 0 	 4 	 17 	 0.705395 	 2987.170548 	 99 
6 	 0 	 4 	 18 	 0.712234 	 6253.917816 	 94 
6 	 0 	 4 	 19 	 0.000000 	 1000.000000 	 0 
6 	 0 	 4 	 20 	 0.729613 	 4830.976940 	 95 
6 	 0 	 4 	 21 	 0.674996 	 4862.560214 	 89 
6 	 0 	 4 	 22 	 0.708070 	 3980.290127 	 73 
6 	 0 	 4 	 23 	 0.759028 	 1698.173150 	 58 
6 	 0 	 4 	 24 	 0.676516 	 2049.729886 	 68 
6 	 0 	 4 	 25 	 0.754411 	 3612.018133 	 79 
6 	 0 	 4 	 26 	 0.732731 	 2561.808365 	 71 
6 	 0 	 4 	 27 	 0.699920 	 5287.406079 	 71 
6 	 0 	 4 	 28 	 0.712864 	 1090.733193 	 70 
6 	 0 	 4 	 29 	 0.704395 	 816.623057 	 90 
6 	 0 	 4 	 30 	 0.710210 	 2720.333656 	 82 
6 	 0 	 4 	 31 	 0.726971 	 11852.755694 	 83 
6 	 0 	 5 	 0 	 0.000000 	 1000.000000 	 0 
6 	 0 	 5 	 1 	 0.000000 	 1000.000000 	 0 
6 	 0 	 5 	 2 	 0.000000 	 1000.000000 	 0 
6 	 0 	 5 	 3 	 0.000000 	 1000.000000 	 0 
6 	 0 	 5 	 4 	 0.000000 	 1000.000000 	 0 
6 	 0 	 5 	 5 	 0.000000 	 1000.000000 	 0 
6 	 0 	 5 	 6 	 0.000000 	 1000.000000 	 0 
6 	 0 	 5 	 7 	 0.000000 	 1000.000000 	 0 
6 	 0 	 5 	 8 	 0.000000 	 1000.000000 	 0 
6 	 0 	 5 	 9 	 0.000000 	 1000.000000 	 0 
6 	 0 	 5 	 10 	 0.000000 	 1000.000000 	 0 
6 	 0 	 5 	 11 	 0.000000 	 1000.000000 	 0 
6 	 0 	 5 	 12 	 0.000000 	 1000.000000 	 0 
6 	 0 	 5 	 13 	 0.000000 	 1000.000000 	 0 
6 	 0 	 5 	 14 	 0.000000 	 1000.000000 	 0 
6 	 0 	 5 	 15 	 0.000000 	 1000.000000 	 0 
6 	 0 	 5 	 16 	 0.000000 	 1000.000000 	 0 
6 	 0 	 5 	 17 	 0.000000 	 1000.000000 	 0 
6 	 0 	 5 	 18 	 0.000000 	 1000.000000 	 0 
6 	 0 	 5 	 19 	 0.000000 	 1000.000000 	 0 
6 	 0 	 5 	 20 	 0.000000 	 1000.000000 	 0 
6 	 0 	 5 	 21 	 0.000000 	 1000.000000 	 0 
6 	 0 	 5 	 22 	 0.000000 	 1000.000000 	 0 
6 	 0 	 5 	 23 	 0.000000 	 1000.000000 	 0 
6 	 0 	 5 	 24 	 0.000000 	 1000.000000 	 0 
6 	 0 	 5 	 25 	 0.000000 	 1000.000000 	 0 
6 	 0 	 5 	 26 	 0.000000 	 1000.000000 	 0 
6 	 0 	 5 	 27 	 0.000000 	 1000.000000 	 0 
6 	 0 	 5 	 28 	 0.000000 	 1000.000000 	 0 
6 	 0 	 5 	 29 	 0.000000 	 1000.000000 	 0 
6 	 0 	 5 	 30 	 0.000000 	 1000.000000 	 0 
6 	 0 	 5 	 31 	 0.000000 	 1000.000000 	 0 
6 	 1 	 0 	 0 	 0.000000 	 1000.000000 	 0 
6 	 1 	 0 	 1 	 0.000000 	 1000.000000 	 0 
6 	 1 	 0 	 2 	 0.000000 	 1000.000000 	 0 
6 	 1 	 0 	 3 	 0.000000 	 1000.000000 	 0 
6 	 1 	 0 	 4 	 0.000000 	 1000.000000 	 0 
6 	 1 	 0 	 5 	 0.000000 	 1000.000000 	 0 
6 	 1 	 0 	 6 	 0.000000 	 1000.000000 	 0 
6 	 1 	 0 	 7 	 0.000000 	 1000.000000 	 0 
6 	 1 	 0 	 8 	 0.724048 	 3977.445162 	 106 
6 	 1 	 0 	 9 	 0.758970 	 4685.765401 	 93 
6 	 1 	 0 	 10 	 0.717743 	 5875.010893 	 119 
6 	 1 	 0 	 11 	 0.000000 	 1000.000000 	 0 
6 	 1 	 0 	 12 	 0.698302 	 2597.817301 	 93 
6 	 1 	 0 	 13 	 0.725798 	 4888.531042 	 91 
6 	 1 	 0 	 14 	 0.708403 	 3875.112687 	 106 
6 	 1 	 0 	 15 	 0.000000 	 1000.000000 	 0 
6 	 1 	 0 	 16 	 0.718268 	 3610.147519 	 106 
6 	 1 	 0 	 17 	 0.702144 	 5277.668089 	 102 
6 	 1 	 0 	 18 	 0.694540 	 4503.715114 	 90 
6 	 1 	 0 	 19 	 0.545691 	 716.919597 	 96 
6 	 1 	 0 	 20 	 0.809592 	 633.804659 	 82 
6 	 1 	 0 	 21 	 0.716105 	 7812.056778 	 97 
6 	 1 	 0 	 22 	 0.735554 	 7499.125654 	 79 
6 	 1 	 0 	 23 	 0.730629 	 19727.685466 	 105 
6 	 1 	 0 	 24 	 0.729930 	 2704.394374 	 101 
6 	 1 	 0 	 25 	 0.726890 	 5500.837070 	 94 
6 	 1 	 0 	 26 	 0.712516 	 3999.866008 	 78 
6 	 1 	 0 	 27 	 0.711549 	 5391.037075 	 115 
6 	 1 	 0 	 28 	 0.715116 	 564.994919 	 103 
6 	 1 	 0 	 29 	 0.700218 	 7180.640671 	 93 
6 	 1 	 0 	 30 	 0.625966 	 821.920211 	 104 
6 	 1 	 0 	 31 	 0.000000 	 1000.000000 	 0 
6 	 1 	 1 	 0 	 0.000000 	 1000.000000 	 0 
6 	 1 	 1 	 1 	 0.716399 	 8203.832411 	 131 
6 	 1 	 1 	 2 	 0.728012 	 3980.805613 	 127 
6 	 1 	 1 	 3 	 0.712715 	 6963.065377 	 157 
6 	 1 	 1 	 4 	 0.720709 	 3363.719364 	 123 
6 	 1 	 1 	 5 	 0.660977 	 1059.497948 	 123 
6 	 1 	 1 	 6 	 0.676323 	 849.001141 	 109 
6 	 1 	 1 	 7 	 0.715624 	 739.433473 	 140 
6 	 1 	 1 	 8 	 0.000000 	 1000.000000 	 0 
6 	 1 	 1 	 9 	 0.000000 	 1000.000000 	 0 
6 	 1 	 1 	 10 	 0.000000 	 1000.000000 	 0 
6 	 1 	 1 	 11 	 0.000000 	 1000.000000 	 0 
6 	 1 	 1 	 12 	 0.000000 	 1000.000000 	 0 
6 	 1 	 1 	 13 	 0.000000 	 1000.000000 	 0 
6 	 1 	 1 	 14 	 0.000000 	 1000.000000 	 0 
6 	 1 	 1 	 15 	 0.000000 	 1000.000000 	 0 
6 	 1 	 1 	 16 	 0.714706 	 2461.949973 	 100 
6 	 1 	 1 	 17 	 0.000000 	 1000.000000 	 0 
6 	 1 	 1 	 18 	 0.716717 	 5666.140777 	 125 
6 	 1 	 1 	 19 	 0.713097 	 6000.649132 	 128 
6 	 1 	 1 	 20 	 0.713801 	 14405.675166 	 110 
6 	 1 	 1 	 21 	 0.729251 	 6061.001334 	 106 
6 	 1 	 1 	 22 	 0.612357 	 880.702740 	 117 
6 	 1 	 1 	 23 	 0.723139 	 6444.117082 	 122 
6 	 1 	 1 	 24 	 0.000000 	 1000.000000 	 0 
6 	 1 	 1 	 25 	 0.726265 	 4037.430629 	 122 
6 	 1 	 1 	 26 	 0.728793 	 2957.149822 	 102 
6 	 1 	 1 	 27 	 0.715015 	 16341.501298 	 138 
6 	 1 	 1 	 28 	 0.728984 	 17317.323898 	 142 
6 	 1 	 1 	 29 	 0.685729 	 936.339020 	 138 
6 	 1 	 1 	 30 	 0.727761 	 10475.688717 	 122 
6 	 1 	 1 	 31 	 0.711228 	 5451.030016 	 125 
6 	 1 	 2 	 0 	 0.000000 	 1000.000000 	 0 
6 	 1 	 2 	 1 	 0.000000 	 1000.000000 	 0 
6 	 1 	 2 	 2 	 0.000000 	 1000.000000 	 0 
6 	 1 	 2 	 3 	 0.000000 	 1000.000000 	 0 
6 	 1 	 2 	 4 	 0.000000 	 1000.000000 	 0 
6 	 1 	 2 	 5 	 0.000000 	 1000.000000 	 0 
6 	 1 	 2 	 6 	 0.000000 	 1000.000000 	 0 
6 	 1 	 2 	 7 	 0.000000 	 1000.000000 	 0 
6 	 1 	 2 	 8 	 0.000000 	 1000.000000 	 0 
6 	 1 	 2 	 9 	 0.000000 	 1000.000000 	 0 
6 	 1 	 2 	 10 	 0.000000 	 1000.000000 	 0 
6 	 1 	 2 	 11 	 0.000000 	 1000.000000 	 0 
6 	 1 	 2 	 12 	 0.000000 	 1000.000000 	 0 
6 	 1 	 2 	 13 	 0.000000 	 1000.000000 	 0 
6 	 1 	 2 	 14 	 0.000000 	 1000.000000 	 0 
6 	 1 	 2 	 15 	 0.000000 	 1000.000000 	 0 
6 	 1 	 2 	 16 	 0.713717 	 5143.886683 	 110 
6 	 1 	 2 	 17 	 0.710929 	 2638.918794 	 120 
6 	 1 	 2 	 18 	 0.720466 	 17035.158871 	 128 
6 	 1 	 2 	 19 	 0.000000 	 1000.000000 	 0 
6 	 1 	 2 	 20 	 0.000000 	 1000.000000 	 0 
6 	 1 	 2 	 21 	 0.000000 	 1000.000000 	 0 
6 	 1 	 2 	 22 	 0.734248 	 16733.176122 	 124 
6 	 1 	 2 	 23 	 0.706500 	 6123.113599 	 132 
6 	 1 	 2 	 24 	 0.000000 	 1000.000000 	 0 
6 	 1 	 2 	 25 	 0.000000 	 1000.000000 	 0 
6 	 1 	 2 	 26 	 0.000000 	 1000.000000 	 0 
6 	 1 	 2 	 27 	 0.000000 	 1000.000000 	 0 
6 	 1 	 2 	 28 	 0.000000 	 1000.000000 	 0 
6 	 1 	 2 	 29 	 0.000000 	 1000.000000 	 0 
6 	 1 	 2 	 30 	 0.000000 	 1000.000000 	 0 
6 	 1 	 2 	 31 	 0.000000 	 1000.000000 	 0 
6 	 1 	 3 	 0 	 0.000000 	 1000.000000 	 0 
6 	 1 	 3 	 1 	 0.000000 	 1000.000000 	 0 
6 	 1 	 3 	 2 	 0.644115 	 1080.157429 	 129 
6 	 1 	 3 	 3 	 0.725705 	 9874.943880 	 116 
6 	 1 	 3 	 4 	 0.683728 	 6892.910602 	 134 
6 	 1 	 3 	 5 	 0.721130 	 4532.614217 	 119 
6 	 1 	 3 	 6 	 0.000000 	 1000.000000 	 0 
6 	 1 	 3 	 7 	 0.000000 	 1000.000000 	 0 
6 	 1 	 3 	 8 	 0.715116 	 4984.042897 	 128 
6 	 1 	 3 	 9 	 0.718644 	 3998.548966 	 122 
6 	 1 	 3 	 10 	 0.721451 	 14239.221155 	 139 
6 	 1 	 3 	 11 	 0.725174 	 5736.581685 	 134 
6 	 1 	 3 	 12 	 0.707845 	 8780.225427 	 147 
6 	 1 	 3 	 13 	 0.702399 	 4950.404332 	 146 
6 	 1 	 3 	 14 	 0.000000 	 1000.000000 	 0 
6 	 1 	 3 	 15 	 0.000000 	 1000.000000 	 0 
6 	 1 	 3 	 16 	 0.735578 	 8320.562238 	 127 
6 	 1 	 3 	 17 	 0.699843 	 5392.823500 	 121 
6 	 1 	 3 	 18 	 0.742239 	 8258.205084 	 128 
6 	 1 	 3 	 19 	 0.704296 	 5443.655347 	 130 
6 	 1 	 3 	 20 	 0.710102 	 9498.512922 	 146 
6 	 1 	 3 	 21 	 0.710746 	 9104.715650 	 122 
6 	 1 	 3 	 22 	 0.702567 	 6157.318548 	 129 
6 	 1 	 3 	 23 	 0.614544 	 850.369779 	 118 
6 	 1 	 3 	 24 	 0.000000 	 1000.000000 	 0 
6 	 1 	 3 	 25 	 0.000000 	 1000.000000 	 0 
6 	 1 	 3 	 26 	 0.000000 	 1000.000000 	 0 
6 	 1 	 3 	 27 	 0.000000 	 1000.000000 	 0 
6 	 1 	 3 	 28 	 0.000000 	 1000.000000 	 0 
6 	 1 	 3 	 29 	 0.000000 	 1000.000000 	 0 
6 	 1 	 3 	 30 	 0.000000 	 1000.000000 	 0 
6 	 1 	 3 	 31 	 0.000000 	 1000.000000 	 0 
6 	 1 	 4 	 0 	 0.000000 	 1000.000000 	 0 
6 	 1 	 4 	 1 	 0.000000 	 1000.000000 	 0 
6 	 1 	 4 	 2 	 0.000000 	 1000.000000 	 0 
6 	 1 	 4 	 3 	 0.737929 	 8270.082906 	 104 
6 	 1 	 4 	 4 	 0.747457 	 987.645625 	 129 
6 	 1 	 4 	 5 	 0.697619 	 3019.500856 	 111 
6 	 1 	 4 	 6 	 0.732719 	 10668.333644 	 111 
6 	 1 	 4 	 7 	 0.708180 	 6708.006448 	 120 
6 	 1 	 4 	 8 	 0.000000 	 1000.000000 	 0 
6 	 1 	 4 	 9 	 0.000000 	 1000.000000 	 0 
6 	 1 	 4 	 10 	 0.000000 	 1000.000000 	 0 
6 	 1 	 4 	 11 	 0.000000 	 1000.000000 	 0 
6 	 1 	 4 	 12 	 0.000000 	 1000.000000 	 0 
6 	 1 	 4 	 13 	 0.000000 	 1000.000000 	 0 
6 	 1 	 4 	 14 	 0.000000 	 1000.000000 	 0 
6 	 1 	 4 	 15 	 0.000000 	 1000.000000 	 0 
6 	 1 	 4 	 16 	 0.645414 	 881.026776 	 127 
6 	 1 	 4 	 17 	 0.709071 	 4263.005354 	 124 
6 	 1 	 4 	 18 	 0.000000 	 1000.000000 	 0 
6 	 1 	 4 	 19 	 0.703797 	 5071.941018 	 120 
6 	 1 	 4 	 20 	 0.000000 	 1000.000000 	 0 
6 	 1 	 4 	 21 	 0.725945 	 5832.209993 	 117 
6 	 1 	 4 	 22 	 0.708408 	 7058.982131 	 114 
6 	 1 	 4 	 23 	 0.719722 	 6705.728543 	 122 
6 	 1 	 4 	 24 	 0.718668 	 5268.087568 	 117 
6 	 1 	 4 	 25 	 0.705827 	 3974.753874 	 95 
6 	 1 	 4 	 26 	 0.706754 	 8878.052102 	 108 
6 	 1 	 4 	 27 	 0.712232 	 4905.261303 	 91 
6 	 1 	 4 	 28 	 0.669009 	 3535.493853 	 97 
6 	 1 	 4 	 29 	 0.725994 	 16738.445796 	 129 
6 	 1 	 4 	 30 	 0.000000 	 1000.000000 	 0 
6 	 1 	 4 	 31 	 0.000000 	 1000.000000 	 0 
6 	 1 	 5 	 0 	 0.725880 	 11920.579303 	 93 
6 	 1 	 5 	 1 	 0.708992 	 4392.990040 	 100 
6 	 1 	 5 	 2 	 0.000000 	 1000.000000 	 0 
6 	 1 	 5 	 3 	 0.000000 	 1000.000000 	 0 
6 	 1 	 5 	 4 	 0.729703 	 15654.037993 	 99 
6 	 1 	 5 	 5 	 0.000000 	 1000.000000 	 0 
6 	 1 	 5 	 6 	 0.000000 	 1000.000000 	 0 
6 	 1 	 5 	 7 	 0.000000 	 1000.000000 	 0 
6 	 1 	 5 	 8 	 0.000000 	 1000.000000 	 0 
6 	 1 	 5 	 9 	 0.691691 	 5833.165788 	 106 
6 	 1 	 5 	 10 	 0.703898 	 5453.057784 	 124 
6 	 1 	 5 	 11 	 0.000000 	 1000.000000 	 0 
6 	 1 	 5 	 12 	 0.000000 	 1000.000000 	 0 
6 	 1 	 5 	 13 	 0.724660 	 21459.178012 	 97 
6 	 1 	 5 	 14 	 0.707048 	 4273.956002 	 102 
6 	 1 	 5 	 15 	 0.737174 	 2295.407649 	 98 
6 	 1 	 5 	 16 	 0.679554 	 8588.247341 	 99 
6 	 1 	 5 	 17 	 0.683939 	 17415.296943 	 92 
6 	 1 	 5 	 18 	 0.717650 	 874.501019 	 99 
6 	 1 	 5 	 19 	 0.705862 	 6513.623093 	 92 
6 	 1 	 5 	 20 	 0.702871 	 4044.904007 	 113 
6 	 1 	 5 	 21 	 0.718011 	 4976.530276 	 107 
6 	 1 	 5 	 22 	 0.698357 	 4855.220625 	 92 
6 	 1 	 5 	 23 	 0.710014 	 4482.433481 	 99 
6 	 1 	 5 	 24 	 0.690512 	 10180.609813 	 92 
6 	 1 	 5 	 25 	 0.703619 	 2114.484935 	 77 
6 	 1 	 5 	 26 	 0.698771 	 21466.048783 	 90 
6 	 1 	 5 	 27 	 0.000000 	 1000.000000 	 0 
6 	 1 	 5 	 28 	 0.712317 	 4076.230396 	 84 
6 	 1 	 5 	 29 	 0.000000 	 1000.000000 	 0 
6 	 1 	 5 	 30 	 0.724475 	 3247.036844 	 76 
6 	 1 	 5 	 31 	 0.000000 	 1000.000000 	 0 
6 	 2 	 0 	 0 	 0.000000 	 1000.000000 	 0 
6 	 2 	 0 	 1 	 0.000000 	 1000.000000 	 0 
6 	 2 	 0 	 2 	 0.000000 	 1000.000000 	 0 
6 	 2 	 0 	 3 	 0.000000 	 1000.000000 	 0 
6 	 2 	 0 	 4 	 0.000000 	 1000.000000 	 0 
6 	 2 	 0 	 5 	 0.000000 	 1000.000000 	 0 
6 	 2 	 0 	 6 	 0.000000 	 1000.000000 	 0 
6 	 2 	 0 	 7 	 0.000000 	 1000.000000 	 0 
6 	 2 	 0 	 8 	 0.000000 	 1000.000000 	 0 
6 	 2 	 0 	 9 	 0.000000 	 1000.000000 	 0 
6 	 2 	 0 	 10 	 0.000000 	 1000.000000 	 0 
6 	 2 	 0 	 11 	 0.000000 	 1000.000000 	 0 
6 	 2 	 0 	 12 	 0.000000 	 1000.000000 	 0 
6 	 2 	 0 	 13 	 0.000000 	 1000.000000 	 0 
6 	 2 	 0 	 14 	 0.000000 	 1000.000000 	 0 
6 	 2 	 0 	 15 	 0.000000 	 1000.000000 	 0 
6 	 2 	 0 	 16 	 0.000000 	 1000.000000 	 0 
6 	 2 	 0 	 17 	 0.000000 	 1000.000000 	 0 
6 	 2 	 0 	 18 	 0.000000 	 1000.000000 	 0 
6 	 2 	 0 	 19 	 0.000000 	 1000.000000 	 0 
6 	 2 	 0 	 20 	 0.000000 	 1000.000000 	 0 
6 	 2 	 0 	 21 	 0.000000 	 1000.000000 	 0 
6 	 2 	 0 	 22 	 0.000000 	 1000.000000 	 0 
6 	 2 	 0 	 23 	 0.000000 	 1000.000000 	 0 
6 	 2 	 0 	 24 	 0.000000 	 1000.000000 	 0 
6 	 2 	 0 	 25 	 0.000000 	 1000.000000 	 0 
6 	 2 	 0 	 26 	 0.000000 	 1000.000000 	 0 
6 	 2 	 0 	 27 	 0.000000 	 1000.000000 	 0 
6 	 2 	 0 	 28 	 0.000000 	 1000.000000 	 0 
6 	 2 	 0 	 29 	 0.000000 	 1000.000000 	 0 
6 	 2 	 0 	 30 	 0.000000 	 1000.000000 	 0 
6 	 2 	 0 	 31 	 0.000000 	 1000.000000 	 0 
6 	 2 	 1 	 0 	 0.000000 	 1000.000000 	 0 
6 	 2 	 1 	 1 	 0.000000 	 1000.000000 	 0 
6 	 2 	 1 	 2 	 0.000000 	 1000.000000 	 0 
6 	 2 	 1 	 3 	 0.000000 	 1000.000000 	 0 
6 	 2 	 1 	 4 	 0.000000 	 1000.000000 	 0 
6 	 2 	 1 	 5 	 0.000000 	 1000.000000 	 0 
6 	 2 	 1 	 6 	 0.000000 	 1000.000000 	 0 
6 	 2 	 1 	 7 	 0.000000 	 1000.000000 	 0 
6 	 2 	 1 	 8 	 0.000000 	 1000.000000 	 0 
6 	 2 	 1 	 9 	 0.000000 	 1000.000000 	 0 
6 	 2 	 1 	 10 	 0.000000 	 1000.000000 	 0 
6 	 2 	 1 	 11 	 0.000000 	 1000.000000 	 0 
6 	 2 	 1 	 12 	 0.000000 	 1000.000000 	 0 
6 	 2 	 1 	 13 	 0.000000 	 1000.000000 	 0 
6 	 2 	 1 	 14 	 0.000000 	 1000.000000 	 0 
6 	 2 	 1 	 15 	 0.000000 	 1000.000000 	 0 
6 	 2 	 1 	 16 	 0.000000 	 1000.000000 	 0 
6 	 2 	 1 	 17 	 0.000000 	 1000.000000 	 0 
6 	 2 	 1 	 18 	 0.000000 	 1000.000000 	 0 
6 	 2 	 1 	 19 	 0.000000 	 1000.000000 	 0 
6 	 2 	 1 	 20 	 0.000000 	 1000.000000 	 0 
6 	 2 	 1 	 21 	 0.000000 	 1000.000000 	 0 
6 	 2 	 1 	 22 	 0.000000 	 1000.000000 	 0 
6 	 2 	 1 	 23 	 0.000000 	 1000.000000 	 0 
6 	 2 	 1 	 24 	 0.000000 	 1000.000000 	 0 
6 	 2 	 1 	 25 	 0.000000 	 1000.000000 	 0 
6 	 2 	 1 	 26 	 0.000000 	 1000.000000 	 0 
6 	 2 	 1 	 27 	 0.000000 	 1000.000000 	 0 
6 	 2 	 1 	 28 	 0.000000 	 1000.000000 	 0 
6 	 2 	 1 	 29 	 0.000000 	 1000.000000 	 0 
6 	 2 	 1 	 30 	 0.000000 	 1000.000000 	 0 
6 	 2 	 1 	 31 	 0.000000 	 1000.000000 	 0 
6 	 2 	 2 	 0 	 0.000000 	 1000.000000 	 0 
6 	 2 	 2 	 1 	 0.714675 	 1019.120668 	 168 
6 	 2 	 2 	 2 	 0.716016 	 11797.448031 	 170 
6 	 2 	 2 	 3 	 0.705106 	 8212.729061 	 167 
6 	 2 	 2 	 4 	 0.708459 	 8218.992465 	 171 
6 	 2 	 2 	 5 	 0.726443 	 11239.027412 	 168 
6 	 2 	 2 	 6 	 0.000000 	 1000.000000 	 0 
6 	 2 	 2 	 7 	 0.000000 	 1000.000000 	 0 
6 	 2 	 2 	 8 	 0.000000 	 1000.000000 	 0 
6 	 2 	 2 	 9 	 0.000000 	 1000.000000 	 0 
6 	 2 	 2 	 10 	 0.710032 	 6190.972988 	 171 
6 	 2 	 2 	 11 	 0.000000 	 1000.000000 	 0 
6 	 2 	 2 	 12 	 0.734155 	 4350.041514 	 166 
6 	 2 	 2 	 13 	 0.718171 	 28457.116536 	 155 
6 	 2 	 2 	 14 	 0.727172 	 15383.775531 	 181 
6 	 2 	 2 	 15 	 0.000000 	 1000.000000 	 0 
6 	 2 	 2 	 16 	 0.724896 	 9818.128425 	 147 
6 	 2 	 2 	 17 	 0.699777 	 15260.678179 	 123 
6 	 2 	 2 	 18 	 0.709993 	 7178.804570 	 143 
6 	 2 	 2 	 19 	 0.721203 	 8784.113115 	 158 
6 	 2 	 2 	 20 	 0.724278 	 8861.170410 	 154 
6 	 2 	 2 	 21 	 0.693783 	 7326.751507 	 158 
6 	 2 	 2 	 22 	 0.722949 	 13082.917512 	 160 
6 	 2 	 2 	 23 	 0.709210 	 3845.540396 	 120 
6 	 2 	 2 	 24 	 0.000000 	 1000.000000 	 0 
6 	 2 	 2 	 25 	 0.000000 	 1000.000000 	 0 
6 	 2 	 2 	 26 	 0.000000 	 1000.000000 	 0 
6 	 2 	 2 	 27 	 0.000000 	 1000.000000 	 0 
6 	 2 	 2 	 28 	 0.000000 	 1000.000000 	 0 
6 	 2 	 2 	 29 	 0.000000 	 1000.000000 	 0 
6 	 2 	 2 	 30 	 0.000000 	 1000.000000 	 0 
6 	 2 	 2 	 31 	 0.000000 	 1000.000000 	 0 
6 	 2 	 3 	 0 	 0.000000 	 1000.000000 	 0 
6 	 2 	 3 	 1 	 0.000000 	 1000.000000 	 0 
6 	 2 	 3 	 2 	 0.000000 	 1000.000000 	 0 
6 	 2 	 3 	 3 	 0.000000 	 1000.000000 	 0 
6 	 2 	 3 	 4 	 0.000000 	 1000.000000 	 0 
6 	 2 	 3 	 5 	 0.000000 	 1000.000000 	 0 
6 	 2 	 3 	 6 	 0.000000 	 1000.000000 	 0 
6 	 2 	 3 	 7 	 0.000000 	 1000.000000 	 0 
6 	 2 	 3 	 8 	 0.716118 	 17393.008934 	 163 
6 	 2 	 3 	 9 	 0.708545 	 23426.089966 	 168 
6 	 2 	 3 	 10 	 0.705861 	 1064.523057 	 160 
6 	 2 	 3 	 11 	 0.725533 	 10146.084420 	 152 
6 	 2 	 3 	 12 	 0.687907 	 9797.141931 	 167 
6 	 2 	 3 	 13 	 0.706091 	 5676.171451 	 151 
6 	 2 	 3 	 14 	 0.719152 	 21931.321939 	 171 
6 	 2 	 3 	 15 	 0.000000 	 1000.000000 	 0 
6 	 2 	 3 	 16 	 0.000000 	 1000.000000 	 0 
6 	 2 	 3 	 17 	 0.000000 	 1000.000000 	 0 
6 	 2 	 3 	 18 	 0.000000 	 1000.000000 	 0 
6 	 2 	 3 	 19 	 0.000000 	 1000.000000 	 0 
6 	 2 	 3 	 20 	 0.000000 	 1000.000000 	 0 
6 	 2 	 3 	 21 	 0.000000 	 1000.000000 	 0 
6 	 2 	 3 	 22 	 0.000000 	 1000.000000 	 0 
6 	 2 	 3 	 23 	 0.000000 	 1000.000000 	 0 
6 	 2 	 3 	 24 	 0.000000 	 1000.000000 	 0 
6 	 2 	 3 	 25 	 0.000000 	 1000.000000 	 0 
6 	 2 	 3 	 26 	 0.702961 	 9021.046660 	 153 
6 	 2 	 3 	 27 	 0.724312 	 5791.725653 	 147 
6 	 2 	 3 	 28 	 0.000000 	 1000.000000 	 0 
6 	 2 	 3 	 29 	 0.697028 	 5363.885945 	 137 
6 	 2 	 3 	 30 	 0.717439 	 9912.831647 	 143 
6 	 2 	 3 	 31 	 0.729629 	 11354.251012 	 142 
6 	 2 	 4 	 0 	 0.708962 	 12176.610232 	 141 
6 	 2 	 4 	 1 	 0.730534 	 13348.081633 	 142 
6 	 2 	 4 	 2 	 0.722962 	 4536.168709 	 148 
6 	 2 	 4 	 3 	 0.722302 	 7128.691780 	 120 
6 	 2 	 4 	 4 	 0.694271 	 11131.734256 	 146 
6 	 2 	 4 	 5 	 0.709789 	 6374.859290 	 144 
6 	 2 	 4 	 6 	 0.684643 	 6109.515734 	 131 
6 	 2 	 4 	 7 	 0.726403 	 1401.871583 	 142 
6 	 2 	 4 	 8 	 0.710373 	 8836.102091 	 153 
6 	 2 	 4 	 9 	 0.709059 	 10629.638340 	 161 
6 	 2 	 4 	 10 	 0.747705 	 20420.687050 	 157 
6 	 2 	 4 	 11 	 0.694820 	 9494.849424 	 153 
6 	 2 	 4 	 12 	 0.720540 	 5293.485083 	 160 
6 	 2 	 4 	 13 	 0.722197 	 8282.209281 	 161 
6 	 2 	 4 	 14 	 0.703515 	 4833.669274 	 129 
6 	 2 	 4 	 15 	 0.653528 	 1043.593351 	 162 
6 	 2 	 4 	 16 	 0.000000 	 1000.000000 	 0 
6 	 2 	 4 	 17 	 0.707800 	 3999.559137 	 133 
6 	 2 	 4 	 18 	 0.697825 	 7212.049947 	 144 
6 	 2 	 4 	 19 	 0.671069 	 678.014560 	 123 
6 	 2 	 4 	 20 	 0.725155 	 9519.150616 	 147 
6 	 2 	 4 	 21 	 0.697927 	 6951.682308 	 144 
6 	 2 	 4 	 22 	 0.716932 	 2499.116469 	 124 
6 	 2 	 4 	 23 	 0.706733 	 4997.438030 	 118 
6 	 2 	 4 	 24 	 0.000000 	 1000.000000 	 0 
6 	 2 	 4 	 25 	 0.000000 	 1000.000000 	 0 
6 	 2 	 4 	 26 	 0.000000 	 1000.000000 	 0 
6 	 2 	 4 	 27 	 0.000000 	 1000.000000 	 0 
6 	 2 	 4 	 28 	 0.000000 	 1000.000000 	 0 
6 	 2 	 4 	 29 	 0.000000 	 1000.000000 	 0 
6 	 2 	 4 	 30 	 0.000000 	 1000.000000 	 0 
6 	 2 	 4 	 31 	 0.000000 	 1000.000000 	 0 
6 	 2 	 5 	 0 	 0.000000 	 1000.000000 	 0 
6 	 2 	 5 	 1 	 0.000000 	 1000.000000 	 0 
6 	 2 	 5 	 2 	 0.000000 	 1000.000000 	 0 
6 	 2 	 5 	 3 	 0.000000 	 1000.000000 	 0 
6 	 2 	 5 	 4 	 0.000000 	 1000.000000 	 0 
6 	 2 	 5 	 5 	 0.000000 	 1000.000000 	 0 
6 	 2 	 5 	 6 	 0.000000 	 1000.000000 	 0 
6 	 2 	 5 	 7 	 0.000000 	 1000.000000 	 0 
6 	 2 	 5 	 8 	 0.719176 	 9049.609911 	 110 
6 	 2 	 5 	 9 	 0.711156 	 17075.475117 	 125 
6 	 2 	 5 	 10 	 0.717129 	 9961.622622 	 124 
6 	 2 	 5 	 11 	 0.708856 	 990.470002 	 114 
6 	 2 	 5 	 12 	 0.000000 	 1000.000000 	 0 
6 	 2 	 5 	 13 	 0.722272 	 5407.931911 	 154 
6 	 2 	 5 	 14 	 0.707725 	 7194.616789 	 133 
6 	 2 	 5 	 15 	 0.709576 	 36257.578185 	 130 
6 	 2 	 5 	 16 	 0.000000 	 1000.000000 	 0 
6 	 2 	 5 	 17 	 0.717237 	 3481.157462 	 128 
6 	 2 	 5 	 18 	 0.681929 	 5469.279474 	 115 
6 	 2 	 5 	 19 	 0.692766 	 5352.607578 	 108 
6 	 2 	 5 	 20 	 0.730801 	 2884.263950 	 117 
6 	 2 	 5 	 21 	 0.662830 	 8282.771407 	 110 
6 	 2 	 5 	 22 	 0.707759 	 883.677194 	 130 
6 	 2 	 5 	 23 	 0.000000 	 1000.000000 	 0 
6 	 2 	 5 	 24 	 0.715034 	 6474.195095 	 97 
6 	 2 	 5 	 25 	 0.731893 	 2524.508881 	 88 
6 	 2 	 5 	 26 	 0.720965 	 13007.945971 	 102 
6 	 2 	 5 	 27 	 0.712966 	 3446.955616 	 87 
6 	 2 	 5 	 28 	 0.715059 	 13937.198487 	 112 
6 	 2 	 5 	 29 	 0.673237 	 1638.970250 	 94 
6 	 2 	 5 	 30 	 0.668637 	 16636.377108 	 103 
6 	 2 	 5 	 31 	 0.665975 	 5346.355847 	 98 
6 	 3 	 0 	 0 	 0.695551 	 6822.892216 	 135 
6 	 3 	 0 	 1 	 0.697993 	 17181.490225 	 142 
6 	 3 	 0 	 2 	 0.694545 	 6291.194018 	 146 
6 	 3 	 0 	 3 	 0.728114 	 5732.996666 	 148 
6 	 3 	 0 	 4 	 0.722436 	 6455.135098 	 134 
6 	 3 	 0 	 5 	 0.719845 	 1053.685636 	 143 
6 	 3 	 0 	 6 	 0.727989 	 32735.949510 	 157 
6 	 3 	 0 	 7 	 0.712495 	 5045.330123 	 141 
6 	 3 	 0 	 8 	 0.000000 	 1000.000000 	 0 
6 	 3 	 0 	 9 	 0.000000 	 1000.000000 	 0 
6 	 3 	 0 	 10 	 0.000000 	 1000.000000 	 0 
6 	 3 	 0 	 11 	 0.000000 	 1000.000000 	 0 
6 	 3 	 0 	 12 	 0.000000 	 1000.000000 	 0 
6 	 3 	 0 	 13 	 0.000000 	 1000.000000 	 0 
6 	 3 	 0 	 14 	 0.000000 	 1000.000000 	 0 
6 	 3 	 0 	 15 	 0.000000 	 1000.000000 	 0 
6 	 3 	 0 	 16 	 0.679582 	 4351.041612 	 100 
6 	 3 	 0 	 17 	 0.713555 	 3714.968359 	 114 
6 	 3 	 0 	 18 	 0.696574 	 5635.592606 	 124 
6 	 3 	 0 	 19 	 0.740098 	 20431.361727 	 134 
6 	 3 	 0 	 20 	 0.712802 	 8254.628025 	 142 
6 	 3 	 0 	 21 	 0.707171 	 11297.273851 	 138 
6 	 3 	 0 	 22 	 0.688510 	 12397.942841 	 115 
6 	 3 	 0 	 23 	 0.653115 	 891.863777 	 108 
6 	 3 	 0 	 24 	 0.000000 	 1000.000000 	 0 
6 	 3 	 0 	 25 	 0.000000 	 1000.000000 	 0 
6 	 3 	 0 	 26 	 0.000000 	 1000.000000 	 0 
6 	 3 	 0 	 27 	 0.000000 	 1000.000000 	 0 
6 	 3 	 0 	 28 	 0.000000 	 1000.000000 	 0 
6 	 3 	 0 	 29 	 0.000000 	 1000.000000 	 0 
6 	 3 	 0 	 30 	 0.000000 	 1000.000000 	 0 
6 	 3 	 0 	 31 	 0.000000 	 1000.000000 	 0 
6 	 3 	 1 	 0 	 0.000000 	 1000.000000 	 0 
6 	 3 	 1 	 1 	 0.000000 	 1000.000000 	 0 
6 	 3 	 1 	 2 	 0.000000 	 1000.000000 	 0 
6 	 3 	 1 	 3 	 0.000000 	 1000.000000 	 0 
6 	 3 	 1 	 4 	 0.000000 	 1000.000000 	 0 
6 	 3 	 1 	 5 	 0.000000 	 1000.000000 	 0 
6 	 3 	 1 	 6 	 0.000000 	 1000.000000 	 0 
6 	 3 	 1 	 7 	 0.000000 	 1000.000000 	 0 
6 	 3 	 1 	 8 	 0.000000 	 1000.000000 	 0 
6 	 3 	 1 	 9 	 0.000000 	 1000.000000 	 0 
6 	 3 	 1 	 10 	 0.000000 	 1000.000000 	 0 
6 	 3 	 1 	 11 	 0.000000 	 1000.000000 	 0 
6 	 3 	 1 	 12 	 0.000000 	 1000.000000 	 0 
6 	 3 	 1 	 13 	 0.000000 	 1000.000000 	 0 
6 	 3 	 1 	 14 	 0.000000 	 1000.000000 	 0 
6 	 3 	 1 	 15 	 0.000000 	 1000.000000 	 0 
6 	 3 	 1 	 16 	 0.000000 	 1000.000000 	 0 
6 	 3 	 1 	 17 	 0.000000 	 1000.000000 	 0 
6 	 3 	 1 	 18 	 0.000000 	 1000.000000 	 0 
6 	 3 	 1 	 19 	 0.000000 	 1000.000000 	 0 
6 	 3 	 1 	 20 	 0.000000 	 1000.000000 	 0 
6 	 3 	 1 	 21 	 0.000000 	 1000.000000 	 0 
6 	 3 	 1 	 22 	 0.000000 	 1000.000000 	 0 
6 	 3 	 1 	 23 	 0.000000 	 1000.000000 	 0 
6 	 3 	 1 	 24 	 0.000000 	 1000.000000 	 0 
6 	 3 	 1 	 25 	 0.000000 	 1000.000000 	 0 
6 	 3 	 1 	 26 	 0.000000 	 1000.000000 	 0 
6 	 3 	 1 	 27 	 0.000000 	 1000.000000 	 0 
6 	 3 	 1 	 28 	 0.000000 	 1000.000000 	 0 
6 	 3 	 1 	 29 	 0.000000 	 1000.000000 	 0 
6 	 3 	 1 	 30 	 0.000000 	 1000.000000 	 0 
6 	 3 	 1 	 31 	 0.000000 	 1000.000000 	 0 
6 	 3 	 2 	 0 	 0.000000 	 1000.000000 	 0 
6 	 3 	 2 	 1 	 0.000000 	 1000.000000 	 0 
6 	 3 	 2 	 2 	 0.000000 	 1000.000000 	 0 
6 	 3 	 2 	 3 	 0.000000 	 1000.000000 	 0 
6 	 3 	 2 	 4 	 0.000000 	 1000.000000 	 0 
6 	 3 	 2 	 5 	 0.000000 	 1000.000000 	 0 
6 	 3 	 2 	 6 	 0.000000 	 1000.000000 	 0 
6 	 3 	 2 	 7 	 0.000000 	 1000.000000 	 0 
6 	 3 	 2 	 8 	 0.000000 	 1000.000000 	 0 
6 	 3 	 2 	 9 	 0.000000 	 1000.000000 	 0 
6 	 3 	 2 	 10 	 0.000000 	 1000.000000 	 0 
6 	 3 	 2 	 11 	 0.000000 	 1000.000000 	 0 
6 	 3 	 2 	 12 	 0.000000 	 1000.000000 	 0 
6 	 3 	 2 	 13 	 0.000000 	 1000.000000 	 0 
6 	 3 	 2 	 14 	 0.000000 	 1000.000000 	 0 
6 	 3 	 2 	 15 	 0.000000 	 1000.000000 	 0 
6 	 3 	 2 	 16 	 0.000000 	 1000.000000 	 0 
6 	 3 	 2 	 17 	 0.000000 	 1000.000000 	 0 
6 	 3 	 2 	 18 	 0.000000 	 1000.000000 	 0 
6 	 3 	 2 	 19 	 0.000000 	 1000.000000 	 0 
6 	 3 	 2 	 20 	 0.000000 	 1000.000000 	 0 
6 	 3 	 2 	 21 	 0.000000 	 1000.000000 	 0 
6 	 3 	 2 	 22 	 0.000000 	 1000.000000 	 0 
6 	 3 	 2 	 23 	 0.000000 	 1000.000000 	 0 
6 	 3 	 2 	 24 	 0.000000 	 1000.000000 	 0 
6 	 3 	 2 	 25 	 0.000000 	 1000.000000 	 0 
6 	 3 	 2 	 26 	 0.000000 	 1000.000000 	 0 
6 	 3 	 2 	 27 	 0.000000 	 1000.000000 	 0 
6 	 3 	 2 	 28 	 0.000000 	 1000.000000 	 0 
6 	 3 	 2 	 29 	 0.000000 	 1000.000000 	 0 
6 	 3 	 2 	 30 	 0.000000 	 1000.000000 	 0 
6 	 3 	 2 	 31 	 0.000000 	 1000.000000 	 0 
6 	 3 	 3 	 0 	 0.691788 	 11290.454543 	 179 
6 	 3 	 3 	 1 	 0.710214 	 10665.164250 	 200 
6 	 3 	 3 	 2 	 0.728631 	 12671.709499 	 156 
6 	 3 	 3 	 3 	 0.712795 	 8814.678793 	 166 
6 	 3 	 3 	 4 	 0.699861 	 15644.384376 	 179 
6 	 3 	 3 	 5 	 0.000000 	 1000.000000 	 0 
6 	 3 	 3 	 6 	 0.000000 	 1000.000000 	 0 
6 	 3 	 3 	 7 	 0.742304 	 1190.745748 	 171 
6 	 3 	 3 	 8 	 0.000000 	 1000.000000 	 0 
6 	 3 	 3 	 9 	 0.000000 	 1000.000000 	 0 
6 	 3 	 3 	 10 	 0.730586 	 8504.731329 	 166 
6 	 3 	 3 	 11 	 0.725287 	 13934.283760 	 165 
6 	 3 	 3 	 12 	 0.742394 	 7621.844352 	 178 
6 	 3 	 3 	 13 	 0.713296 	 3469.635556 	 156 
6 	 3 	 3 	 14 	 0.689638 	 10677.061877 	 171 
6 	 3 	 3 	 15 	 0.000000 	 1000.000000 	 0 
6 	 3 	 3 	 16 	 0.721000 	 15865.466145 	 185 
6 	 3 	 3 	 17 	 0.716497 	 15626.649158 	 186 
6 	 3 	 3 	 18 	 0.721096 	 16453.151511 	 161 
6 	 3 	 3 	 19 	 0.732912 	 15711.561702 	 187 
6 	 3 	 3 	 20 	 0.716645 	 7007.541502 	 159 
6 	 3 	 3 	 21 	 0.000000 	 1000.000000 	 0 
6 	 3 	 3 	 22 	 0.000000 	 1000.000000 	 0 
6 	 3 	 3 	 23 	 0.000000 	 1000.000000 	 0 
6 	 3 	 3 	 24 	 0.713708 	 13797.565485 	 189 
6 	 3 	 3 	 25 	 0.710407 	 7793.224608 	 178 
6 	 3 	 3 	 26 	 0.703436 	 7932.603175 	 166 
6 	 3 	 3 	 27 	 0.000000 	 1000.000000 	 0 
6 	 3 	 3 	 28 	 0.721309 	 7284.464344 	 160 
6 	 3 	 3 	 29 	 0.000000 	 1000.000000 	 0 
6 	 3 	 3 	 30 	 0.729455 	 6717.863835 	 194 
6 	 3 	 3 	 31 	 0.722005 	 27953.556834 	 166 
6 	 3 	 4 	 0 	 0.000000 	 1000.000000 	 0 
6 	 3 	 4 	 1 	 0.000000 	 1000.000000 	 0 
6 	 3 	 4 	 2 	 0.000000 	 1000.000000 	 0 
6 	 3 	 4 	 3 	 0.000000 	 1000.000000 	 0 
6 	 3 	 4 	 4 	 0.000000 	 1000.000000 	 0 
6 	 3 	 4 	 5 	 0.000000 	 1000.000000 	 0 
6 	 3 	 4 	 6 	 0.000000 	 1000.000000 	 0 
6 	 3 	 4 	 7 	 0.000000 	 1000.000000 	 0 
6 	 3 	 4 	 8 	 0.000000 	 1000.000000 	 0 
6 	 3 	 4 	 9 	 0.000000 	 1000.000000 	 0 
6 	 3 	 4 	 10 	 0.000000 	 1000.000000 	 0 
6 	 3 	 4 	 11 	 0.000000 	 1000.000000 	 0 
6 	 3 	 4 	 12 	 0.000000 	 1000.000000 	 0 
6 	 3 	 4 	 13 	 0.000000 	 1000.000000 	 0 
6 	 3 	 4 	 14 	 0.000000 	 1000.000000 	 0 
6 	 3 	 4 	 15 	 0.000000 	 1000.000000 	 0 
6 	 3 	 4 	 16 	 0.000000 	 1000.000000 	 0 
6 	 3 	 4 	 17 	 0.000000 	 1000.000000 	 0 
6 	 3 	 4 	 18 	 0.000000 	 1000.000000 	 0 
6 	 3 	 4 	 19 	 0.000000 	 1000.000000 	 0 
6 	 3 	 4 	 20 	 0.000000 	 1000.000000 	 0 
6 	 3 	 4 	 21 	 0.000000 	 1000.000000 	 0 
6 	 3 	 4 	 22 	 0.000000 	 1000.000000 	 0 
6 	 3 	 4 	 23 	 0.000000 	 1000.000000 	 0 
6 	 3 	 4 	 24 	 0.000000 	 1000.000000 	 0 
6 	 3 	 4 	 25 	 0.000000 	 1000.000000 	 0 
6 	 3 	 4 	 26 	 0.000000 	 1000.000000 	 0 
6 	 3 	 4 	 27 	 0.000000 	 1000.000000 	 0 
6 	 3 	 4 	 28 	 0.000000 	 1000.000000 	 0 
6 	 3 	 4 	 29 	 0.000000 	 1000.000000 	 0 
6 	 3 	 4 	 30 	 0.000000 	 1000.000000 	 0 
6 	 3 	 4 	 31 	 0.000000 	 1000.000000 	 0 
6 	 3 	 5 	 0 	 0.000000 	 1000.000000 	 0 
6 	 3 	 5 	 1 	 0.000000 	 1000.000000 	 0 
6 	 3 	 5 	 2 	 0.000000 	 1000.000000 	 0 
6 	 3 	 5 	 3 	 0.000000 	 1000.000000 	 0 
6 	 3 	 5 	 4 	 0.000000 	 1000.000000 	 0 
6 	 3 	 5 	 5 	 0.000000 	 1000.000000 	 0 
6 	 3 	 5 	 6 	 0.000000 	 1000.000000 	 0 
6 	 3 	 5 	 7 	 0.000000 	 1000.000000 	 0 
6 	 3 	 5 	 8 	 0.000000 	 1000.000000 	 0 
6 	 3 	 5 	 9 	 0.000000 	 1000.000000 	 0 
6 	 3 	 5 	 10 	 0.000000 	 1000.000000 	 0 
6 	 3 	 5 	 11 	 0.000000 	 1000.000000 	 0 
6 	 3 	 5 	 12 	 0.000000 	 1000.000000 	 0 
6 	 3 	 5 	 13 	 0.000000 	 1000.000000 	 0 
6 	 3 	 5 	 14 	 0.000000 	 1000.000000 	 0 
6 	 3 	 5 	 15 	 0.000000 	 1000.000000 	 0 
6 	 3 	 5 	 16 	 0.000000 	 1000.000000 	 0 
6 	 3 	 5 	 17 	 0.000000 	 1000.000000 	 0 
6 	 3 	 5 	 18 	 0.000000 	 1000.000000 	 0 
6 	 3 	 5 	 19 	 0.000000 	 1000.000000 	 0 
6 	 3 	 5 	 20 	 0.000000 	 1000.000000 	 0 
6 	 3 	 5 	 21 	 0.000000 	 1000.000000 	 0 
6 	 3 	 5 	 22 	 0.000000 	 1000.000000 	 0 
6 	 3 	 5 	 23 	 0.000000 	 1000.000000 	 0 
6 	 3 	 5 	 24 	 0.000000 	 1000.000000 	 0 
6 	 3 	 5 	 25 	 0.000000 	 1000.000000 	 0 
6 	 3 	 5 	 26 	 0.000000 	 1000.000000 	 0 
6 	 3 	 5 	 27 	 0.000000 	 1000.000000 	 0 
6 	 3 	 5 	 28 	 0.000000 	 1000.000000 	 0 
6 	 3 	 5 	 29 	 0.000000 	 1000.000000 	 0 
6 	 3 	 5 	 30 	 0.000000 	 1000.000000 	 0 
6 	 3 	 5 	 31 	 0.000000 	 1000.000000 	 0 
6 	 4 	 0 	 0 	 0.715468 	 9958.268213 	 146 
6 	 4 	 0 	 1 	 0.701119 	 10585.918758 	 144 
6 	 4 	 0 	 2 	 0.000000 	 1000.000000 	 0 
6 	 4 	 0 	 3 	 0.700506 	 7984.569174 	 143 
6 	 4 	 0 	 4 	 0.000000 	 1000.000000 	 0 
6 	 4 	 0 	 5 	 0.724576 	 11877.613903 	 121 
6 	 4 	 0 	 6 	 0.741668 	 152832.267336 	 151 
6 	 4 	 0 	 7 	 0.712241 	 5230.231218 	 130 
6 	 4 	 0 	 8 	 0.725653 	 6257.607132 	 142 
6 	 4 	 0 	 9 	 0.714454 	 5815.385494 	 137 
6 	 4 	 0 	 10 	 0.704518 	 7051.613390 	 136 
6 	 4 	 0 	 11 	 0.688428 	 1007.950090 	 123 
6 	 4 	 0 	 12 	 0.000000 	 1000.000000 	 0 
6 	 4 	 0 	 13 	 0.707307 	 9928.093762 	 121 
6 	 4 	 0 	 14 	 0.730822 	 33166.182845 	 136 
6 	 4 	 0 	 15 	 0.740703 	 4621.294370 	 125 
6 	 4 	 0 	 16 	 0.000000 	 1000.000000 	 0 
6 	 4 	 0 	 17 	 0.708969 	 5276.341933 	 131 
6 	 4 	 0 	 18 	 0.677662 	 703.935702 	 106 
6 	 4 	 0 	 19 	 0.709483 	 7926.246189 	 135 
6 	 4 	 0 	 20 	 0.708912 	 5384.430689 	 140 
6 	 4 	 0 	 21 	 0.708601 	 10623.285524 	 126 
6 	 4 	 0 	 22 	 0.000000 	 1000.000000 	 0 
6 	 4 	 0 	 23 	 0.721650 	 11874.460393 	 123 
6 	 4 	 0 	 24 	 0.660271 	 5874.419972 	 148 
6 	 4 	 0 	 25 	 0.695526 	 5349.476450 	 138 
6 	 4 	 0 	 26 	 0.000000 	 1000.000000 	 0 
6 	 4 	 0 	 27 	 0.715563 	 6569.674251 	 134 
6 	 4 	 0 	 28 	 0.706424 	 2147.423050 	 128 
6 	 4 	 0 	 29 	 0.725224 	 22828.867719 	 147 
6 	 4 	 0 	 30 	 0.720927 	 15691.030023 	 157 
6 	 4 	 0 	 31 	 0.725765 	 19078.418933 	 159 
6 	 4 	 1 	 0 	 0.715837 	 15971.700308 	 161 
6 	 4 	 1 	 1 	 0.719075 	 17805.943575 	 165 
6 	 4 	 1 	 2 	 0.709265 	 8192.528681 	 161 
6 	 4 	 1 	 3 	 0.000000 	 1000.000000 	 0 
6 	 4 	 1 	 4 	 0.519235 	 1156.633452 	 175 
6 	 4 	 1 	 5 	 0.715420 	 8061.473869 	 167 
6 	 4 	 1 	 6 	 0.717545 	 9321.044410 	 157 
6 	 4 	 1 	 7 	 0.714956 	 10559.870655 	 166 
6 	 4 	 1 	 8 	 0.000000 	 1000.000000 	 0 
6 	 4 	 1 	 9 	 0.000000 	 1000.000000 	 0 
6 	 4 	 1 	 10 	 0.000000 	 1000.000000 	 0 
6 	 4 	 1 	 11 	 0.000000 	 1000.000000 	 0 
6 	 4 	 1 	 12 	 0.000000 	 1000.000000 	 0 
6 	 4 	 1 	 13 	 0.000000 	 1000.000000 	 0 
6 	 4 	 1 	 14 	 0.000000 	 1000.000000 	 0 
6 	 4 	 1 	 15 	 0.000000 	 1000.000000 	 0 
6 	 4 	 1 	 16 	 0.000000 	 1000.000000 	 0 
6 	 4 	 1 	 17 	 0.725919 	 19022.220104 	 153 
6 	 4 	 1 	 18 	 0.710897 	 11737.988929 	 159 
6 	 4 	 1 	 19 	 0.719924 	 24715.995429 	 173 
6 	 4 	 1 	 20 	 0.724435 	 23992.863627 	 174 
6 	 4 	 1 	 21 	 0.723382 	 14929.312437 	 166 
6 	 4 	 1 	 22 	 0.702000 	 7774.955148 	 177 
6 	 4 	 1 	 23 	 0.000000 	 1000.000000 	 0 
6 	 4 	 1 	 24 	 0.000000 	 1000.000000 	 0 
6 	 4 	 1 	 25 	 0.000000 	 1000.000000 	 0 
6 	 4 	 1 	 26 	 0.707036 	 11957.120195 	 191 
6 	 4 	 1 	 27 	 0.727203 	 17420.893265 	 167 
6 	 4 	 1 	 28 	 0.721406 	 8458.434797 	 175 
6 	 4 	 1 	 29 	 0.706962 	 5672.221762 	 155 
6 	 4 	 1 	 30 	 0.723529 	 8849.533191 	 165 
6 	 4 	 1 	 31 	 0.726575 	 1185.847902 	 179 
6 	 4 	 2 	 0 	 0.709119 	 13378.653730 	 169 
6 	 4 	 2 	 1 	 0.700684 	 12252.061811 	 231 
6 	 4 	 2 	 2 	 0.704744 	 9167.513644 	 198 
6 	 4 	 2 	 3 	 0.714600 	 14701.054252 	 175 
6 	 4 	 2 	 4 	 0.734690 	 12354.693589 	 200 
6 	 4 	 2 	 5 	 0.711344 	 6664.583850 	 187 
6 	 4 	 2 	 6 	 0.693918 	 5502.485345 	 165 
6 	 4 	 2 	 7 	 0.000000 	 1000.000000 	 0 
6 	 4 	 2 	 8 	 0.715574 	 6625.873421 	 184 
6 	 4 	 2 	 9 	 0.715370 	 9408.826858 	 164 
6 	 4 	 2 	 10 	 0.727377 	 6889.132154 	 152 
6 	 4 	 2 	 11 	 0.899306 	 1113.466074 	 182 
6 	 4 	 2 	 12 	 0.699318 	 1041.951467 	 175 
6 	 4 	 2 	 13 	 0.716348 	 8591.056395 	 187 
6 	 4 	 2 	 14 	 0.710010 	 4452.935308 	 173 
6 	 4 	 2 	 15 	 0.705077 	 11829.619802 	 193 
6 	 4 	 2 	 16 	 0.724836 	 13067.391152 	 178 
6 	 4 	 2 	 17 	 0.728762 	 15406.356496 	 176 
6 	 4 	 2 	 18 	 0.721897 	 10936.112577 	 179 
6 	 4 	 2 	 19 	 0.720387 	 13662.864913 	 215 
6 	 4 	 2 	 20 	 0.000000 	 1000.000000 	 0 
6 	 4 	 2 	 21 	 0.734021 	 1473.791763 	 194 
6 	 4 	 2 	 22 	 0.691672 	 5249.451451 	 151 
6 	 4 	 2 	 23 	 0.000000 	 1000.000000 	 0 
6 	 4 	 2 	 24 	 0.719968 	 17744.871081 	 158 
6 	 4 	 2 	 25 	 0.711181 	 7394.761970 	 192 
6 	 4 	 2 	 26 	 0.709146 	 7656.392835 	 190 
6 	 4 	 2 	 27 	 0.729343 	 8208.255345 	 192 
6 	 4 	 2 	 28 	 0.724245 	 15827.320368 	 174 
6 	 4 	 2 	 29 	 0.697198 	 1100.183863 	 154 
6 	 4 	 2 	 30 	 0.710211 	 6562.372879 	 138 
6 	 4 	 2 	 31 	 0.724379 	 6209.667602 	 161 
6 	 4 	 3 	 0 	 0.000000 	 1000.000000 	 0 
6 	 4 	 3 	 1 	 0.000000 	 1000.000000 	 0 
6 	 4 	 3 	 2 	 0.000000 	 1000.000000 	 0 
6 	 4 	 3 	 3 	 0.000000 	 1000.000000 	 0 
6 	 4 	 3 	 4 	 0.000000 	 1000.000000 	 0 
6 	 4 	 3 	 5 	 0.000000 	 1000.000000 	 0 
6 	 4 	 3 	 6 	 0.000000 	 1000.000000 	 0 
6 	 4 	 3 	 7 	 0.000000 	 1000.000000 	 0 
6 	 4 	 3 	 8 	 0.000000 	 1000.000000 	 0 
6 	 4 	 3 	 9 	 0.000000 	 1000.000000 	 0 
6 	 4 	 3 	 10 	 0.000000 	 1000.000000 	 0 
6 	 4 	 3 	 11 	 0.000000 	 1000.000000 	 0 
6 	 4 	 3 	 12 	 0.000000 	 1000.000000 	 0 
6 	 4 	 3 	 13 	 0.000000 	 1000.000000 	 0 
6 	 4 	 3 	 14 	 0.000000 	 1000.000000 	 0 
6 	 4 	 3 	 15 	 0.000000 	 1000.000000 	 0 
6 	 4 	 3 	 16 	 0.000000 	 1000.000000 	 0 
6 	 4 	 3 	 17 	 0.000000 	 1000.000000 	 0 
6 	 4 	 3 	 18 	 0.000000 	 1000.000000 	 0 
6 	 4 	 3 	 19 	 0.000000 	 1000.000000 	 0 
6 	 4 	 3 	 20 	 0.000000 	 1000.000000 	 0 
6 	 4 	 3 	 21 	 0.000000 	 1000.000000 	 0 
6 	 4 	 3 	 22 	 0.000000 	 1000.000000 	 0 
6 	 4 	 3 	 23 	 0.000000 	 1000.000000 	 0 
6 	 4 	 3 	 24 	 0.000000 	 1000.000000 	 0 
6 	 4 	 3 	 25 	 0.000000 	 1000.000000 	 0 
6 	 4 	 3 	 26 	 0.000000 	 1000.000000 	 0 
6 	 4 	 3 	 27 	 0.000000 	 1000.000000 	 0 
6 	 4 	 3 	 28 	 0.000000 	 1000.000000 	 0 
6 	 4 	 3 	 29 	 0.000000 	 1000.000000 	 0 
6 	 4 	 3 	 30 	 0.000000 	 1000.000000 	 0 
6 	 4 	 3 	 31 	 0.000000 	 1000.000000 	 0 
6 	 4 	 4 	 0 	 0.710876 	 7959.210401 	 176 
6 	 4 	 4 	 1 	 0.705756 	 7305.434050 	 174 
6 	 4 	 4 	 2 	 0.704207 	 12191.173396 	 155 
6 	 4 	 4 	 3 	 0.706518 	 24455.355409 	 182 
6 	 4 	 4 	 4 	 0.717178 	 6831.975801 	 154 
6 	 4 	 4 	 5 	 0.000000 	 1000.000000 	 0 
6 	 4 	 4 	 6 	 0.000000 	 1000.000000 	 0 
6 	 4 	 4 	 7 	 0.000000 	 1000.000000 	 0 
6 	 4 	 4 	 8 	 0.714491 	 7159.327409 	 172 
6 	 4 	 4 	 9 	 0.742215 	 12486.973757 	 155 
6 	 4 	 4 	 10 	 0.702133 	 8827.171945 	 164 
6 	 4 	 4 	 11 	 0.710851 	 10698.352509 	 168 
6 	 4 	 4 	 12 	 0.696838 	 3592.603429 	 155 
6 	 4 	 4 	 13 	 0.731499 	 17282.057802 	 169 
6 	 4 	 4 	 14 	 0.698967 	 4723.469101 	 180 
6 	 4 	 4 	 15 	 0.710772 	 6531.020778 	 159 
6 	 4 	 4 	 16 	 0.000000 	 1000.000000 	 0 
6 	 4 	 4 	 17 	 0.000000 	 1000.000000 	 0 
6 	 4 	 4 	 18 	 0.000000 	 1000.000000 	 0 
6 	 4 	 4 	 19 	 0.000000 	 1000.000000 	 0 
6 	 4 	 4 	 20 	 0.000000 	 1000.000000 	 0 
6 	 4 	 4 	 21 	 0.000000 	 1000.000000 	 0 
6 	 4 	 4 	 22 	 0.000000 	 1000.000000 	 0 
6 	 4 	 4 	 23 	 0.000000 	 1000.000000 	 0 
6 	 4 	 4 	 24 	 0.000000 	 1000.000000 	 0 
6 	 4 	 4 	 25 	 0.000000 	 1000.000000 	 0 
6 	 4 	 4 	 26 	 0.701571 	 5977.358340 	 155 
6 	 4 	 4 	 27 	 0.700263 	 13715.559908 	 164 
6 	 4 	 4 	 28 	 0.710716 	 8687.130932 	 165 
6 	 4 	 4 	 29 	 0.702664 	 8853.481008 	 167 
6 	 4 	 4 	 30 	 0.729755 	 49111.131185 	 131 
6 	 4 	 4 	 31 	 0.721241 	 12091.440239 	 162 
6 	 4 	 5 	 0 	 0.000000 	 1000.000000 	 0 
6 	 4 	 5 	 1 	 0.000000 	 1000.000000 	 0 
6 	 4 	 5 	 2 	 0.000000 	 1000.000000 	 0 
6 	 4 	 5 	 3 	 0.000000 	 1000.000000 	 0 
6 	 4 	 5 	 4 	 0.000000 	 1000.000000 	 0 
6 	 4 	 5 	 5 	 0.000000 	 1000.000000 	 0 
6 	 4 	 5 	 6 	 0.000000 	 1000.000000 	 0 
6 	 4 	 5 	 7 	 0.000000 	 1000.000000 	 0 
6 	 4 	 5 	 8 	 0.000000 	 1000.000000 	 0 
6 	 4 	 5 	 9 	 0.000000 	 1000.000000 	 0 
6 	 4 	 5 	 10 	 0.000000 	 1000.000000 	 0 
6 	 4 	 5 	 11 	 0.000000 	 1000.000000 	 0 
6 	 4 	 5 	 12 	 0.000000 	 1000.000000 	 0 
6 	 4 	 5 	 13 	 0.000000 	 1000.000000 	 0 
6 	 4 	 5 	 14 	 0.000000 	 1000.000000 	 0 
6 	 4 	 5 	 15 	 0.000000 	 1000.000000 	 0 
6 	 4 	 5 	 16 	 0.000000 	 1000.000000 	 0 
6 	 4 	 5 	 17 	 0.000000 	 1000.000000 	 0 
6 	 4 	 5 	 18 	 0.000000 	 1000.000000 	 0 
6 	 4 	 5 	 19 	 0.000000 	 1000.000000 	 0 
6 	 4 	 5 	 20 	 0.000000 	 1000.000000 	 0 
6 	 4 	 5 	 21 	 0.000000 	 1000.000000 	 0 
6 	 4 	 5 	 22 	 0.000000 	 1000.000000 	 0 
6 	 4 	 5 	 23 	 0.000000 	 1000.000000 	 0 
6 	 4 	 5 	 24 	 0.000000 	 1000.000000 	 0 
6 	 4 	 5 	 25 	 0.000000 	 1000.000000 	 0 
6 	 4 	 5 	 26 	 0.000000 	 1000.000000 	 0 
6 	 4 	 5 	 27 	 0.000000 	 1000.000000 	 0 
6 	 4 	 5 	 28 	 0.000000 	 1000.000000 	 0 
6 	 4 	 5 	 29 	 0.000000 	 1000.000000 	 0 
6 	 4 	 5 	 30 	 0.000000 	 1000.000000 	 0 
6 	 4 	 5 	 31 	 0.000000 	 1000.000000 	 0 
6 	 5 	 0 	 0 	 0.000000 	 1000.000000 	 0 
6 	 5 	 0 	 1 	 0.000000 	 1000.000000 	 0 
6 	 5 	 0 	 2 	 0.000000 	 1000.000000 	 0 
6 	 5 	 0 	 3 	 0.000000 	 1000.000000 	 0 
6 	 5 	 0 	 4 	 0.000000 	 1000.000000 	 0 
6 	 5 	 0 	 5 	 0.000000 	 1000.000000 	 0 
6 	 5 	 0 	 6 	 0.000000 	 1000.000000 	 0 
6 	 5 	 0 	 7 	 0.000000 	 1000.000000 	 0 
6 	 5 	 0 	 8 	 0.721020 	 1260.010727 	 101 
6 	 5 	 0 	 9 	 0.741936 	 7268.798802 	 116 
6 	 5 	 0 	 10 	 0.721118 	 4923.978708 	 109 
6 	 5 	 0 	 11 	 0.719527 	 5559.965309 	 113 
6 	 5 	 0 	 12 	 0.712140 	 6677.542649 	 111 
6 	 5 	 0 	 13 	 0.713230 	 2439.857181 	 98 
6 	 5 	 0 	 14 	 0.737648 	 3841.070977 	 119 
6 	 5 	 0 	 15 	 0.734083 	 1023.106806 	 124 
6 	 5 	 0 	 16 	 0.710144 	 7714.885430 	 124 
6 	 5 	 0 	 17 	 0.710709 	 2186.607420 	 115 
6 	 5 	 0 	 18 	 0.732878 	 5519.390468 	 111 
6 	 5 	 0 	 19 	 0.701552 	 3587.771938 	 148 
6 	 5 	 0 	 20 	 0.000000 	 1000.000000 	 0 
6 	 5 	 0 	 21 	 0.725298 	 5228.175597 	 112 
6 	 5 	 0 	 22 	 0.709528 	 4348.504339 	 116 
6 	 5 	 0 	 23 	 0.705883 	 5457.299523 	 103 
6 	 5 	 0 	 24 	 0.712559 	 13717.731351 	 134 
6 	 5 	 0 	 25 	 0.696236 	 4158.705453 	 124 
6 	 5 	 0 	 26 	 0.712784 	 3786.997235 	 156 
6 	 5 	 0 	 27 	 0.683097 	 787.023892 	 105 
6 	 5 	 0 	 28 	 0.000000 	 1000.000000 	 0 
6 	 5 	 0 	 29 	 0.732690 	 10098.819158 	 134 
6 	 5 	 0 	 30 	 0.717405 	 21104.055474 	 131 
6 	 5 	 0 	 31 	 0.710744 	 7582.725364 	 133 
6 	 5 	 1 	 0 	 0.000000 	 1000.000000 	 0 
6 	 5 	 1 	 1 	 0.000000 	 1000.000000 	 0 
6 	 5 	 1 	 2 	 0.000000 	 1000.000000 	 0 
6 	 5 	 1 	 3 	 0.000000 	 1000.000000 	 0 
6 	 5 	 1 	 4 	 0.000000 	 1000.000000 	 0 
6 	 5 	 1 	 5 	 0.000000 	 1000.000000 	 0 
6 	 5 	 1 	 6 	 0.000000 	 1000.000000 	 0 
6 	 5 	 1 	 7 	 0.000000 	 1000.000000 	 0 
6 	 5 	 1 	 8 	 0.000000 	 1000.000000 	 0 
6 	 5 	 1 	 9 	 0.000000 	 1000.000000 	 0 
6 	 5 	 1 	 10 	 0.000000 	 1000.000000 	 0 
6 	 5 	 1 	 11 	 0.000000 	 1000.000000 	 0 
6 	 5 	 1 	 12 	 0.000000 	 1000.000000 	 0 
6 	 5 	 1 	 13 	 0.000000 	 1000.000000 	 0 
6 	 5 	 1 	 14 	 0.000000 	 1000.000000 	 0 
6 	 5 	 1 	 15 	 0.000000 	 1000.000000 	 0 
6 	 5 	 1 	 16 	 0.703266 	 6976.716059 	 160 
6 	 5 	 1 	 17 	 0.704169 	 9359.680233 	 160 
6 	 5 	 1 	 18 	 0.719605 	 21545.212750 	 154 
6 	 5 	 1 	 19 	 0.714673 	 4718.138408 	 141 
6 	 5 	 1 	 20 	 0.721901 	 4816.552216 	 122 
6 	 5 	 1 	 21 	 0.000000 	 1000.000000 	 0 
6 	 5 	 1 	 22 	 0.711510 	 11760.847244 	 176 
6 	 5 	 1 	 23 	 0.721456 	 919.348822 	 155 
6 	 5 	 1 	 24 	 0.000000 	 1000.000000 	 0 
6 	 5 	 1 	 25 	 0.715102 	 5226.498967 	 147 
6 	 5 	 1 	 26 	 0.707202 	 6532.339218 	 152 
6 	 5 	 1 	 27 	 0.719443 	 7551.183571 	 163 
6 	 5 	 1 	 28 	 0.713938 	 6340.288234 	 155 
6 	 5 	 1 	 29 	 0.000000 	 1000.000000 	 0 
6 	 5 	 1 	 30 	 0.707339 	 7959.928498 	 161 
6 	 5 	 1 	 31 	 0.708049 	 7663.687551 	 145 
6 	 5 	 2 	 0 	 0.704973 	 4427.118644 	 147 
6 	 5 	 2 	 1 	 0.704129 	 5902.790370 	 158 
6 	 5 	 2 	 2 	 0.713656 	 2994.204817 	 152 
6 	 5 	 2 	 3 	 0.717023 	 11725.200959 	 155 
6 	 5 	 2 	 4 	 0.620058 	 970.955876 	 124 
6 	 5 	 2 	 5 	 0.725720 	 6706.740261 	 156 
6 	 5 	 2 	 6 	 0.712524 	 8027.469908 	 176 
6 	 5 	 2 	 7 	 0.711082 	 7699.086731 	 144 
6 	 5 	 2 	 8 	 0.716153 	 3603.634240 	 113 
6 	 5 	 2 	 9 	 0.702419 	 7770.593326 	 146 
6 	 5 	 2 	 10 	 0.716157 	 6770.923646 	 148 
6 	 5 	 2 	 11 	 0.733887 	 4762.715361 	 146 
6 	 5 	 2 	 12 	 0.702908 	 6583.526117 	 131 
6 	 5 	 2 	 13 	 0.704794 	 6802.657303 	 141 
6 	 5 	 2 	 14 	 0.733143 	 6764.219930 	 154 
6 	 5 	 2 	 15 	 0.707747 	 8643.286234 	 139 
6 	 5 	 2 	 16 	 0.728744 	 5743.673382 	 168 
6 	 5 	 2 	 17 	 0.714479 	 9228.891986 	 161 
6 	 5 	 2 	 18 	 0.702551 	 6171.045817 	 163 
6 	 5 	 2 	 19 	 0.707798 	 3902.557819 	 144 
6 	 5 	 2 	 20 	 0.707554 	 21448.841270 	 157 
6 	 5 	 2 	 21 	 0.707423 	 4908.140861 	 159 
6 	 5 	 2 	 22 	 0.715089 	 6713.661920 	 146 
6 	 5 	 2 	 23 	 0.724131 	 15325.816874 	 194 
6 	 5 	 2 	 24 	 0.688439 	 10449.340186 	 173 
6 	 5 	 2 	 25 	 0.719932 	 5509.365920 	 153 
6 	 5 	 2 	 26 	 0.720984 	 8172.384636 	 170 
6 	 5 	 2 	 27 	 0.706682 	 11224.708836 	 185 
6 	 5 	 2 	 28 	 0.723443 	 6032.427880 	 162 
6 	 5 	 2 	 29 	 0.716565 	 8073.922630 	 156 
6 	 5 	 2 	 30 	 0.000000 	 1000.000000 	 0 
6 	 5 	 2 	 31 	 0.696636 	 8580.611027 	 169 
6 	 5 	 3 	 0 	 0.710239 	 8228.940991 	 161 
6 	 5 	 3 	 1 	 0.701867 	 7094.361456 	 144 
6 	 5 	 3 	 2 	 0.692901 	 7016.582370 	 133 
6 	 5 	 3 	 3 	 0.716791 	 11668.930973 	 158 
6 	 5 	 3 	 4 	 0.721386 	 24227.171734 	 132 
6 	 5 	 3 	 5 	 0.738446 	 10112.335402 	 133 
6 	 5 	 3 	 6 	 0.726113 	 7684.695146 	 140 
6 	 5 	 3 	 7 	 0.736383 	 12309.994127 	 146 
6 	 5 	 3 	 8 	 0.726457 	 6576.578247 	 131 
6 	 5 	 3 	 9 	 0.723597 	 5233.684950 	 138 
6 	 5 	 3 	 10 	 0.724260 	 4540.941561 	 160 
6 	 5 	 3 	 11 	 0.715646 	 7110.669663 	 122 
6 	 5 	 3 	 12 	 0.708024 	 5295.030593 	 147 
6 	 5 	 3 	 13 	 0.717288 	 5562.896917 	 158 
6 	 5 	 3 	 14 	 0.721964 	 17400.203198 	 160 
6 	 5 	 3 	 15 	 0.734074 	 5709.012890 	 142 
6 	 5 	 3 	 16 	 0.713660 	 16052.733795 	 159 
6 	 5 	 3 	 17 	 0.724844 	 11540.103972 	 157 
6 	 5 	 3 	 18 	 0.694531 	 1010.069572 	 150 
6 	 5 	 3 	 19 	 0.723467 	 8592.155660 	 179 
6 	 5 	 3 	 20 	 0.709070 	 10434.173574 	 157 
6 	 5 	 3 	 21 	 0.683078 	 1205.601038 	 166 
6 	 5 	 3 	 22 	 0.701075 	 9744.206212 	 177 
6 	 5 	 3 	 23 	 0.691913 	 6527.494715 	 153 
6 	 5 	 3 	 24 	 0.722820 	 5655.945314 	 175 
6 	 5 	 3 	 25 	 0.777882 	 979.950175 	 170 
6 	 5 	 3 	 26 	 0.745427 	 33024.767983 	 160 
6 	 5 	 3 	 27 	 0.730691 	 15111.346664 	 161 
6 	 5 	 3 	 28 	 0.713722 	 20588.718591 	 181 
6 	 5 	 3 	 29 	 0.727131 	 11493.944636 	 163 
6 	 5 	 3 	 30 	 0.734308 	 11316.287230 	 166 
6 	 5 	 3 	 31 	 0.708760 	 9262.719757 	 173 
6 	 5 	 4 	 0 	 0.731094 	 3565.605054 	 143 
6 	 5 	 4 	 1 	 0.689334 	 8194.056573 	 150 
6 	 5 	 4 	 2 	 0.712133 	 11928.845651 	 148 
6 	 5 	 4 	 3 	 0.700311 	 4320.482739 	 123 
6 	 5 	 4 	 4 	 0.000000 	 1000.000000 	 0 
6 	 5 	 4 	 5 	 0.000000 	 1000.000000 	 0 
6 	 5 	 4 	 6 	 0.723477 	 4393.861067 	 115 
6 	 5 	 4 	 7 	 0.687341 	 6689.478024 	 128 
6 	 5 	 4 	 8 	 0.727529 	 3865.253745 	 121 
6 	 5 	 4 	 9 	 0.722211 	 10837.703436 	 146 
6 	 5 	 4 	 10 	 0.697483 	 5162.111879 	 146 
6 	 5 	 4 	 11 	 0.709779 	 15640.904607 	 123 
6 	 5 	 4 	 12 	 0.712203 	 8209.149263 	 131 
6 	 5 	 4 	 13 	 0.729532 	 12385.416317 	 134 
6 	 5 	 4 	 14 	 0.722428 	 5748.794095 	 136 
6 	 5 	 4 	 15 	 0.717100 	 7908.957446 	 154 
6 	 5 	 4 	 16 	 0.701120 	 7795.524593 	 137 
6 	 5 	 4 	 17 	 0.699647 	 10771.738536 	 170 
6 	 5 	 4 	 18 	 0.718400 	 5883.122828 	 156 
6 	 5 	 4 	 19 	 0.718309 	 9940.787142 	 157 
6 	 5 	 4 	 20 	 0.702142 	 5757.261548 	 137 
6 	 5 	 4 	 21 	 0.691898 	 8259.392513 	 140 
6 	 5 	 4 	 22 	 0.739760 	 20673.386817 	 142 
6 	 5 	 4 	 23 	 0.714912 	 10370.483884 	 160 
6 	 5 	 4 	 24 	 0.000000 	 1000.000000 	 0 
6 	 5 	 4 	 25 	 0.713074 	 12125.962456 	 156 
6 	 5 	 4 	 26 	 0.700851 	 7959.675672 	 161 
6 	 5 	 4 	 27 	 0.701341 	 6263.231869 	 139 
6 	 5 	 4 	 28 	 0.702773 	 7759.225407 	 164 
6 	 5 	 4 	 29 	 0.702611 	 9680.551756 	 143 
6 	 5 	 4 	 30 	 0.700872 	 7422.639728 	 136 
6 	 5 	 4 	 31 	 0.736660 	 5606.070022 	 139 
6 	 5 	 5 	 0 	 0.000000 	 1000.000000 	 0 
6 	 5 	 5 	 1 	 0.000000 	 1000.000000 	 0 
6 	 5 	 5 	 2 	 0.000000 	 1000.000000 	 0 
6 	 5 	 5 	 3 	 0.000000 	 1000.000000 	 0 
6 	 5 	 5 	 4 	 0.000000 	 1000.000000 	 0 
6 	 5 	 5 	 5 	 0.000000 	 1000.000000 	 0 
6 	 5 	 5 	 6 	 0.000000 	 1000.000000 	 0 
6 	 5 	 5 	 7 	 0.000000 	 1000.000000 	 0 
6 	 5 	 5 	 8 	 0.000000 	 1000.000000 	 0 
6 	 5 	 5 	 9 	 0.000000 	 1000.000000 	 0 
6 	 5 	 5 	 10 	 0.000000 	 1000.000000 	 0 
6 	 5 	 5 	 11 	 0.000000 	 1000.000000 	 0 
6 	 5 	 5 	 12 	 0.000000 	 1000.000000 	 0 
6 	 5 	 5 	 13 	 0.000000 	 1000.000000 	 0 
6 	 5 	 5 	 14 	 0.000000 	 1000.000000 	 0 
6 	 5 	 5 	 15 	 0.000000 	 1000.000000 	 0 
6 	 5 	 5 	 16 	 0.000000 	 1000.000000 	 0 
6 	 5 	 5 	 17 	 0.000000 	 1000.000000 	 0 
6 	 5 	 5 	 18 	 0.000000 	 1000.000000 	 0 
6 	 5 	 5 	 19 	 0.000000 	 1000.000000 	 0 
6 	 5 	 5 	 20 	 0.000000 	 1000.000000 	 0 
6 	 5 	 5 	 21 	 0.000000 	 1000.000000 	 0 
6 	 5 	 5 	 22 	 0.000000 	 1000.000000 	 0 
6 	 5 	 5 	 23 	 0.000000 	 1000.000000 	 0 
6 	 5 	 5 	 24 	 0.000000 	 1000.000000 	 0 
6 	 5 	 5 	 25 	 0.000000 	 1000.000000 	 0 
6 	 5 	 5 	 26 	 0.000000 	 1000.000000 	 0 
6 	 5 	 5 	 27 	 0.000000 	 1000.000000 	 0 
6 	 5 	 5 	 28 	 0.000000 	 1000.000000 	 0 
6 	 5 	 5 	 29 	 0.000000 	 1000.000000 	 0 
6 	 5 	 5 	 30 	 0.000000 	 1000.000000 	 0 
6 	 5 	 5 	 31 	 0.000000 	 1000.000000 	 0 
